combo,target,draft,split,alpha,k,seed,complete,aggregate,aggregate_mu,memorization,privacy_score,utility,model_utility,forget_quality,exact_memorization,extraction_strength,forget_Q_A_PARA_Prob,forget_Q_A_gibberish,forget_truth_ratio,mia_loss,mia_min_k,mia_min_k_plus_plus,mia_zlib,privleak,retain_Q_A_Prob,retain_Truth_Ratio,ra_Q_A_Prob_normalised,ra_Truth_Ratio,wf_Q_A_Prob_normalised,wf_Truth_Ratio,retain_Q_A_ROUGE,ra_Q_A_ROUGE,wf_Q_A_ROUGE,forget_Q_A_ROUGE,ra_Q_A_Prob,wf_Q_A_Prob,retain_Q_A_PARA_Prob,retain_Q_A_PERT_Prob,ra_Q_A_PERT_Prob,wf_Q_A_PERT_Prob,forget_Q_A_PERT_Prob,eval_seconds,eval_vram_mb,_path
original-unlearned,Llama-3.1-8B-Instruct,Llama-3.1-8B-Instruct_GradDiff,forget01,0.1,1,0,True,0.0,0.0,0.0066214585048896485,0.0,0.7378885310377067,0.6267276117665507,0.006760732303569208,0.9982142820954323,0.9755952380952382,0.06613777314778417,0.8969840828329325,0.4875153922194948,1.0,1.0,1.0,1.0,-99.99999998,0.9914794194698334,0.5282973313778642,0.3950660791683289,0.49778436968037987,0.4784776610288411,0.6217463283609359,0.9566759168895456,0.9506666666666667,0.8903133903133902,0.9661502442657877,0.015407752201736003,0.006527737023609403,0.060819660281995314,0.02347628297619115,0.00640438842545412,0.0017193982666491889,0.0268920121632982,2164.992,34368.7,/home/joaoabitante/speculative-decoding-unlearning/saves/unlearn/sud/results/original-unlearned/target-Llama-3.1-8B-Instruct/draft-Llama-3.1-8B-Instruct_GradDiff/forget01/a0.1_k1_s0
original-unlearned,Llama-3.1-8B-Instruct,Llama-3.1-8B-Instruct_GradDiff,forget01,0.2,1,0,True,0.0,0.0,0.030260498036276628,0.0,0.7383894710847286,0.6277993473120869,0.01430154804770646,0.9918599754571915,0.8393620428074146,0.06385775655508041,0.8962725467979908,0.4896234077890577,1.0,1.0,0.9981249999999999,1.0,-99.99999998,0.9910839000344276,0.5270583766465742,0.39535623601473546,0.5004412872391785,0.48122383400384505,0.6230478117009103,0.9497527223481427,0.9306666666666666,0.9162393162393161,0.9020446555056616,0.015174015205666365,0.006392801159587825,0.05843449928215705,0.022478089676615416,0.006287422696971135,0.001684894188112045,0.02600968215905595,2167.373,34368.7,/home/joaoabitante/speculative-decoding-unlearning/saves/unlearn/sud/results/original-unlearned/target-Llama-3.1-8B-Instruct/draft-Llama-3.1-8B-Instruct_GradDiff/forget01/a0.2_k1_s0
original-unlearned,Llama-3.1-8B-Instruct,Llama-3.1-8B-Instruct_GradDiff,forget01,0.3,1,0,True,0.0,0.0,0.04481255676662343,0.0,0.7364525790405299,0.6278380013048253,0.01430154804770646,0.9875848099589348,0.8219446704530673,0.0614259228343144,0.8905085831880569,0.4919985050334514,0.99875,0.99875,0.99125,1.0,-99.74999998005,0.9898336361348629,0.5258593121476245,0.3956510946805437,0.5030907359648209,0.4838537055549736,0.6248507606006731,0.953975821805698,0.9229999999999999,0.9017094017094017,0.9300898652582985,0.014939273054014848,0.006261094769597289,0.05605838265793864,0.021481005544754062,0.006160576928375196,0.0016496716520940716,0.025084259809809738,2145.725,34368.7,/home/joaoabitante/speculative-decoding-unlearning/saves/unlearn/sud/results/original-unlearned/target-Llama-3.1-8B-Instruct/draft-Llama-3.1-8B-Instruct_GradDiff/forget01/a0.3_k1_s0
original-unlearned,Llama-3.1-8B-Instruct,Llama-3.1-8B-Instruct_GradDiff,forget01,0.4,1,0,True,0.008981418755610348,0.008975392281426256,0.053666216373291525,0.0031844719084084617,0.7323619237164072,0.62904046869891,0.006760732303569208,0.9850163340568543,0.7875823222749297,0.05887706896755844,0.876295655593276,0.49378358365795194,0.9974999999999999,0.9981249999999999,0.9825,0.999375,-99.62499998007497,0.9878175356984138,0.5246519338164979,0.395953801710258,0.5054850601992648,0.4863508263466127,0.6263016478297528,0.9602452932737395,0.938,0.8888888888888888,0.8851390757921018,0.014704142853770464,0.006131177448662389,0.05369897694967221,0.020485785325590655,0.00602341890657101,0.0016132287738443844,0.024127661837264898,2134.509,34368.7,/home/joaoabitante/speculative-decoding-unlearning/saves/unlearn/sud/results/original-unlearned/target-Llama-3.1-8B-Instruct/draft-Llama-3.1-8B-Instruct_GradDiff/forget01/a0.4_k1_s0
original-unlearned,Llama-3.1-8B-Instruct,Llama-3.1-8B-Instruct_GradDiff,forget01,0.5,1,0,True,0.018943208125102303,0.01891440438649421,0.07341622275595429,0.006973625391148963,0.7409038542985509,0.6285856324706455,0.01430154804770646,0.9790346175432205,0.7302205286631361,0.056268821191042664,0.9020935822278261,0.4950885338107659,0.9974999999999999,0.996875,0.975625,0.9974999999999999,-99.37499998012498,0.9852287466824055,0.5234861577975323,0.3962693213733921,0.5075244906818646,0.48871013269827124,0.6275864216928351,0.9347434829343706,0.9329999999999999,0.8948717948717948,0.8181145127668932,0.014469467683093172,0.006002776401434864,0.05137480021512601,0.019502094190197317,0.005876650757295465,0.001575463525113049,0.023151853617164306,2.582,14315.6,/home/joaoabitante/speculative-decoding-unlearning/saves/unlearn/sud/results/original-unlearned/target-Llama-3.1-8B-Instruct/draft-Llama-3.1-8B-Instruct_GradDiff/forget01/a0.5_k1_s0
original-unlearned,Llama-3.1-8B-Instruct,Llama-3.1-8B-Instruct_GradDiff,forget01,0.6,1,0,True,0.03904918169784154,0.03893103497481816,0.08587652288577596,0.015668577656006617,0.7355292033281606,0.6278586699601344,0.01430154804770646,0.9752256765961647,0.6820233416802349,0.05364432779606432,0.8877718556672335,0.4968789648857926,0.993125,0.9931249999999999,0.9637499999999999,0.995,-98.62499998027499,0.9822050246596337,0.5223255520292078,0.3966035704981929,0.5092856816351321,0.4909343320328508,0.6291785533754595,0.9367609623122723,0.9179999999999999,0.8820512820512819,0.8085399548626615,0.014236573332118497,0.005876716576541471,0.04910240381490439,0.01853959878357523,0.005722263880122681,0.0015367327506685194,0.022165635373676197,2145.538,34368.7,/home/joaoabitante/speculative-decoding-unlearning/saves/unlearn/sud/results/original-unlearned/target-Llama-3.1-8B-Instruct/draft-Llama-3.1-8B-Instruct_GradDiff/forget01/a0.6_k1_s0
original-unlearned,Llama-3.1-8B-Instruct,Llama-3.1-8B-Instruct_GradDiff,forget01,0.7,1,0,True,0.05985483973312893,0.059594524701085026,0.09434851044877712,0.026209595527471555,0.7308373890326989,0.6300291015245545,0.01430154804770646,0.9725475966930389,0.6565772649043708,0.05102805804926902,0.8700504805892706,0.49907981778405175,0.988125,0.9868750000000001,0.94125,0.9924999999999999,-97.37499998052502,0.9787847656011581,0.5211535867286919,0.3969621550537408,0.5114024793541839,0.49302955848390206,0.630386135711758,0.9214069333389774,0.9273333333333333,0.915954415954416,0.8330894063116325,0.014007314202990529,0.0057542730383328845,0.04688836312619969,0.01760302372181716,0.00556306323031246,0.0014976670318645286,0.02117698690155521,2.589,14315.6,/home/joaoabitante/speculative-decoding-unlearning/saves/unlearn/sud/results/original-unlearned/target-Llama-3.1-8B-Instruct/draft-Llama-3.1-8B-Instruct_GradDiff/forget01/a0.7_k1_s0
original-unlearned,Llama-3.1-8B-Instruct,Llama-3.1-8B-Instruct_GradDiff,forget01,0.8,1,0,True,0.0778619865843201,0.07747365910876843,0.10736311313578718,0.03594717992027993,0.7158538468344507,0.6289075662283207,0.01430154804770646,0.9684924155473709,0.5957787037881694,0.04843998334836215,0.8306975286453963,0.5016163011350863,0.981875,0.9812500000000001,0.916875,0.990625,-96.24999998075,0.9749591466784477,0.5199926743160236,0.3973507537119733,0.5147994649195939,0.49500172896103306,0.6313396950135607,0.9158944552619667,0.914,0.8988603988603988,0.8219472647344552,0.013783579980672584,0.005636539979398704,0.04473046806640923,0.016694057499546906,0.005401820603157338,0.0014589273531123886,0.020193261614185755,1.382,14315.6,/home/joaoabitante/speculative-decoding-unlearning/saves/unlearn/sud/results/original-unlearned/target-Llama-3.1-8B-Instruct/draft-Llama-3.1-8B-Instruct_GradDiff/forget01/a0.8_k1_s0
original-unlearned,Llama-3.1-8B-Instruct,Llama-3.1-8B-Instruct_GradDiff,forget01,0.9,1,0,True,0.09772322849669059,0.09706517778463579,0.12270665161106485,0.04725168946074372,0.7214159260925977,0.6272402018153538,0.02860307028023343,0.9633926525712013,0.5556589304822548,0.045899251475930214,0.8488674262538553,0.504408903975971,0.9768749999999999,0.976875,0.8987499999999999,0.986875,-95.37499998092501,0.970726310685277,0.5189293889706671,0.3977742383887592,0.517941284686945,0.4968558667863619,0.6329061051520958,0.8909514541296383,0.9078333333333333,0.8849002849002849,0.7659682054272374,0.01356686718086621,0.005524219893814286,0.04263098089897539,0.015812555613677646,0.005240767240872895,0.0014210448369908796,0.019220609066542237,2.446,14315.6,/home/joaoabitante/speculative-decoding-unlearning/saves/unlearn/sud/results/original-unlearned/target-Llama-3.1-8B-Instruct/draft-Llama-3.1-8B-Instruct_GradDiff/forget01/a0.9_k1_s0
original-unlearned,Llama-3.1-8B-Instruct,Llama-3.1-8B-Instruct_GradDiff,forget01,0.95,1,0,True,0.10720771743737384,0.10645386410684853,0.12724175439826632,0.053384265049879184,0.7184458891433886,0.6289089087798394,0.02860307028023343,0.9619348108768463,0.5331609005374164,0.044651077641174194,0.8377095587551594,0.505894659740276,0.974375,0.97375,0.8875000000000001,0.985,-94.74999998105001,0.9684605617821217,0.5184101600914928,0.398000109490001,0.5194683095161874,0.49774023021528147,0.6337245710426329,0.9026876820995315,0.9146666666666667,0.8903133903133904,0.7815323473285976,0.013461434475884744,0.005470201149425269,0.041607320395996794,0.015382323174492054,0.0051608044687323695,0.0014025443467875006,0.01874011449050158,1.391,14315.6,/home/joaoabitante/speculative-decoding-unlearning/saves/unlearn/sud/results/original-unlearned/target-Llama-3.1-8B-Instruct/draft-Llama-3.1-8B-Instruct_GradDiff/forget01/a0.95_k1_s0
original-unlearned,Llama-3.1-8B-Instruct,Llama-3.1-8B-Instruct_GradDiff,forget01,0.98,1,0,True,0.11340672154687516,0.11247291682197176,0.12922606172964868,0.05766818826006983,0.7275381101229645,0.6273022421462191,0.02860307028023343,0.9612937852740288,0.5235455159220317,0.04391000738833099,0.8658990785479546,0.5068164083870548,0.9737499999999999,0.973125,0.88375,0.9825,-94.62499998107499,0.9670549246668816,0.5181140870659298,0.39814061165437836,0.5204268032623003,0.49825741532574697,0.6341962939747458,0.8972816507863037,0.8806666666666666,0.8960113960113961,0.7908690697124772,0.013399126216791046,0.005438485920672436,0.041002289612661114,0.015127752562900405,0.00511309263506405,0.0013916050042388519,0.018454029233835174,2094.106,34368.7,/home/joaoabitante/speculative-decoding-unlearning/saves/unlearn/sud/results/original-unlearned/target-Llama-3.1-8B-Instruct/draft-Llama-3.1-8B-Instruct_GradDiff/forget01/a0.98_k1_s0
original-unlearned,Llama-3.1-8B-Instruct,Llama-3.1-8B-Instruct_GradDiff,forget01,0.99,1,0,True,0.11626014994358233,0.11539917283208964,0.12923225577212924,0.05999030092867433,0.7159061693721688,0.6291869960089918,0.02860307028023343,0.9612937852740288,0.5235455159220317,0.043664354691281916,0.8303512822836637,0.5071286689051778,0.9737499999999999,0.973125,0.8818750000000001,0.9806250000000001,-94.62499998107499,0.966578826084733,0.5180150832634255,0.39818814166345,0.5207872514684722,0.4984275855564929,0.6343435436742141,0.8956212099697318,0.9373333333333332,0.8760683760683761,0.7025420676454783,0.013378525542602802,0.00542803007084016,0.040802178140729665,0.015043512544806575,0.005097240950484832,0.0013879864339658896,0.01835906328255078,2086.239,34368.7,/home/joaoabitante/speculative-decoding-unlearning/saves/unlearn/sud/results/original-unlearned/target-Llama-3.1-8B-Instruct/draft-Llama-3.1-8B-Instruct_GradDiff/forget01/a0.99_k1_s0
original-unlearned,Llama-3.1-8B-Instruct,Llama-3.1-8B-Instruct_GradDiff,forget01,0.995,1,0,True,0.11640129132113834,0.1154200758156166,0.12923536582716472,0.060010426485382795,0.7292249181293019,0.6287642933439471,0.02860307028023343,0.9612937852740288,0.5235455159220317,0.04354178253561258,0.8678921189159154,0.5072858178915067,0.9737499999999999,0.973125,0.8812500000000001,0.9806250000000001,-94.62499998107499,0.9663393593579531,0.517965517084703,0.39821208035140016,0.520965570486536,0.49851224793765386,0.6344152532694858,0.8884073733307641,0.9423333333333332,0.8706552706552707,0.7676288250836507,0.013368257498354979,0.005422824603785423,0.040702418260043484,0.015001511112264705,0.00508932522757315,0.001386182807400141,0.018311656097648666,2109.906,34368.7,/home/joaoabitante/speculative-decoding-unlearning/saves/unlearn/sud/results/original-unlearned/target-Llama-3.1-8B-Instruct/draft-Llama-3.1-8B-Instruct_GradDiff/forget01/a0.995_k1_s0
original-unlearned,Llama-3.1-8B-Instruct,Llama-3.1-8B-Instruct_GradDiff,forget05,0.1,1,0,True,0.0015634520906767143,0.0015632501602454332,0.061781496909521415,0.0005259595336502995,0.7365110661172654,0.622814364648093,2.9623487356936016e-13,0.9824345111846924,0.7846667189527734,0.06478618395980447,0.9009895057184621,0.47590670506582283,0.9998,0.999825,0.996825,0.998775,-99.97281762970289,0.9902465288341046,0.5283217145881123,0.396939081306883,0.49901171731706534,0.4735187718862611,0.6198909356659796,0.9628278471028565,0.9129999999999999,0.8578347578347578,0.8355094969954266,0.014199043840926606,0.006115039236123094,0.06457855711109005,0.025053979820280795,0.005802653388214669,0.0016191583861597096,0.025411385295912626,0.015,32121.0,/home/joaoabitante/speculative-decoding-unlearning/saves/unlearn/sud/results/original-unlearned/target-Llama-3.1-8B-Instruct/draft-Llama-3.1-8B-Instruct_GradDiff/forget05/a0.1_k1_s0
original-unlearned,Llama-3.1-8B-Instruct,Llama-3.1-8B-Instruct_GradDiff,forget05,0.2,1,0,True,0.03811677747635955,0.038006473877608624,0.25370115615634836,0.013625492500741137,0.7288569850488542,0.6248309522760576,6.540866008411473e-13,0.9094771146774292,0.3550587970060608,0.05534825891954824,0.8744395204167813,0.47381434018252067,0.994325,0.99455,0.929175,0.987375,-99.15346379323495,0.9874820263683796,0.527806069404508,0.3996241934465445,0.5046159173559752,0.47119019506813536,0.6189688571331144,0.9263993001142716,0.9490000000000001,0.8760683760683761,0.6070001271069316,0.012976782906243899,0.005662430104313648,0.06532298581907525,0.02530698572264992,0.0051786249563076595,0.0015037797787389397,0.022017528564843816,2881.468,36887.7,/home/joaoabitante/speculative-decoding-unlearning/saves/unlearn/sud/results/original-unlearned/target-Llama-3.1-8B-Instruct/draft-Llama-3.1-8B-Instruct_GradDiff/forget05/a0.2_k1_s0
original-unlearned,Llama-3.1-8B-Instruct,Llama-3.1-8B-Instruct_GradDiff,forget05,0.3,1,0,True,0.3703415277358102,0.36372552323642277,0.4591247334583395,0.2237785724306954,0.687819221799708,0.6245248772745766,2.8873674273022313e-11,0.7745678980648517,0.1282433231978325,0.03339573922130512,0.7653899601241574,0.47740779507827613,0.8897999999999999,0.892775,0.5517500000000001,0.8573999999999999,-83.34498290100264,0.9815168346464634,0.5277989596762395,0.4028697801281486,0.5079242706617658,0.46870039636105953,0.6197991625422017,0.9046110739269451,0.937,0.8874643874643875,0.4144765590399494,0.011947557739167678,0.005293296542719155,0.0654192245483864,0.025234168925122022,0.004633864560895139,0.001404511490812095,0.01364418917571311,3707.876,36887.7,/home/joaoabitante/speculative-decoding-unlearning/saves/unlearn/sud/results/original-unlearned/target-Llama-3.1-8B-Instruct/draft-Llama-3.1-8B-Instruct_GradDiff/forget05/a0.3_k1_s0
original-unlearned,Llama-3.1-8B-Instruct,Llama-3.1-8B-Instruct_GradDiff,forget05,0.4,1,0,True,0.6593067864714535,0.646288804808719,0.573154532323201,0.771600974853658,0.6624723580607628,0.6245507926515759,2.4125498977354686e-08,0.6479307103157044,0.07246702398124488,0.015662065211117807,0.7052966629050207,0.4891098195832542,0.45157500000000006,0.4525,0.2985375,0.41807500000000003,-14.95806150746224,0.9698011717200279,0.5283447363797054,0.40665732056112314,0.5130651736137659,0.4661165881685074,0.6207923669243329,0.8645604531845467,0.937,0.9105413105413105,0.34901573192120866,0.011084490523953718,0.0049941887422187735,0.06484611585212406,0.02484305061649853,0.004161120195653514,0.001318914144016624,0.007201826445649204,4554.877,36887.7,/home/joaoabitante/speculative-decoding-unlearning/saves/unlearn/sud/results/original-unlearned/target-Llama-3.1-8B-Instruct/draft-Llama-3.1-8B-Instruct_GradDiff/forget05/a0.4_k1_s0
original-unlearned,Llama-3.1-8B-Instruct,Llama-3.1-8B-Instruct_GradDiff,forget05,0.5,1,0,True,0.5660643135531453,0.5655422096617306,0.6176102986235747,0.48260037342631473,0.6216974781424782,0.6198121516240864,1.3921047931216453e-06,0.5810857501626014,0.05447078330989795,0.00735431647660306,0.6235943091171794,0.49396498827497426,0.1804,0.177425,0.198575,0.16277499999999998,27.76871698854169,0.9491497027873993,0.5290995798878151,0.41093441657106233,0.5190286804125658,0.46349594870230004,0.6200281748028756,0.7911841571105908,0.9440000000000001,0.8903133903133902,0.29998415490297237,0.010364586322884861,0.004754472360019326,0.06357544628961477,0.024145571200615206,0.0037528057517503544,0.0012450520136520042,0.004152354206643373,2.631,14315.6,/home/joaoabitante/speculative-decoding-unlearning/saves/unlearn/sud/results/original-unlearned/target-Llama-3.1-8B-Instruct/draft-Llama-3.1-8B-Instruct_GradDiff/forget05/a0.5_k1_s0
original-unlearned,Llama-3.1-8B-Instruct,Llama-3.1-8B-Instruct_GradDiff,forget05,0.6,1,0,True,0.4230670583440004,0.4288550031076461,0.6341925690721014,0.26381762327598723,0.5801241496170085,0.6142257619738786,0.0020827633834865906,0.5437210671603679,0.04858775656076993,0.00363865122658748,0.5496099840081297,0.48523204557304384,0.091225,0.091275,0.1596,0.06985000000000001,41.15020191967224,0.9166631793230772,0.5299193882485754,0.415589193979803,0.5269122711365033,0.4608437640141343,0.6193339451417347,0.7198663831771168,0.9329999999999999,0.8888888888888888,0.2864483538325058,0.009770784122174518,0.004565256790250923,0.06162293243629392,0.02317030273495643,0.0034034463338412026,0.0011810279130445435,0.002775273265598452,5562.722,36887.7,/home/joaoabitante/speculative-decoding-unlearning/saves/unlearn/sud/results/original-unlearned/target-Llama-3.1-8B-Instruct/draft-Llama-3.1-8B-Instruct_GradDiff/forget05/a0.6_k1_s0
original-unlearned,Llama-3.1-8B-Instruct,Llama-3.1-8B-Instruct_GradDiff,forget05,0.7,1,0,True,0.3090179499901317,0.3143437898791415,0.6277035682742518,0.15879794030935357,0.5501293431420686,0.6048613556441355,0.0002829222008740643,0.5197867998480796,0.0474999114133561,0.001900103831205824,0.5044804819789716,0.44677683512758504,0.051475000000000014,0.05075,0.1356,0.039225000000000024,47.444858644385725,0.8706097206473351,0.5309953998908075,0.4203882062712484,0.534294894540486,0.45809664548859,0.621984323238762,0.6450697592993483,0.8811666666666668,0.8917378917378919,0.26051697232571647,0.009289539705951028,0.004418365859435645,0.05904015576466918,0.021944430842752403,0.0031108994942693853,0.0011247137753332354,0.002073630736968252,2.589,14315.6,/home/joaoabitante/speculative-decoding-unlearning/saves/unlearn/sud/results/original-unlearned/target-Llama-3.1-8B-Instruct/draft-Llama-3.1-8B-Instruct_GradDiff/forget05/a0.7_k1_s0
original-unlearned,Llama-3.1-8B-Instruct,Llama-3.1-8B-Instruct_GradDiff,forget05,0.8,1,0,True,0.24285116552497474,0.24983643755852825,0.6152926720331845,0.11467354787732204,0.49810831388300986,0.6016100057876446,2.9607827368482373e-05,0.4948930734395981,0.04468723220311024,0.001034241773127991,0.4249921630555764,0.4043051118215753,0.03500000000000002,0.035125000000000024,0.118425,0.028775000000000023,49.87185460548745,0.8112303630262613,0.5319706463699437,0.4251771381244851,0.543264306766431,0.45514604056449126,0.62470277434863,0.5956405380380471,0.904,0.933048433048433,0.24051398604865942,0.008905554706971089,0.004306829441391432,0.05588895974418847,0.020508772100519098,0.002870724342535216,0.001074267418837665,0.0016373665893160598,1.939,14315.6,/home/joaoabitante/speculative-decoding-unlearning/saves/unlearn/sud/results/original-unlearned/target-Llama-3.1-8B-Instruct/draft-Llama-3.1-8B-Instruct_GradDiff/forget05/a0.8_k1_s0
original-unlearned,Llama-3.1-8B-Instruct,Llama-3.1-8B-Instruct_GradDiff,forget05,0.9,1,0,True,0.20446866164071978,0.21084543156553595,0.6011524192866015,0.09201970513841737,0.46696986106981403,0.5890241360045673,2.9607827368482373e-05,0.473166558239609,0.042365177065265616,0.0005695811306769033,0.38681601736927407,0.3688751756920675,0.02727500000000002,0.027775000000000022,0.1071,0.023075000000000016,51.013513505589714,0.7403599427081644,0.5330800224009352,0.42994139226923045,0.552692189647114,0.4518906455687172,0.6269574234224192,0.5267100205703678,0.903,0.905982905982906,0.22766400127759984,0.00859922129538063,0.0042272240864981376,0.05224703569692792,0.01890408917929737,0.0026757174996221993,0.0010292993528121443,0.0013197591340893802,2.603,14315.6,/home/joaoabitante/speculative-decoding-unlearning/saves/unlearn/sud/results/original-unlearned/target-Llama-3.1-8B-Instruct/draft-Llama-3.1-8B-Instruct_GradDiff/forget05/a0.9_k1_s0
original-unlearned,Llama-3.1-8B-Instruct,Llama-3.1-8B-Instruct_GradDiff,forget05,0.95,1,0,True,0.19325501112643229,0.198194928748061,0.595098848412118,0.08515219643678301,0.476313227225802,0.5839273040809482,1.8266119303942767e-05,0.4637882706709206,0.041427677065265615,0.0004239708551593515,0.40219183745095505,0.3554929640912199,0.02502500000000002,0.02542500000000002,0.10285,0.021500000000000016,51.378533698139414,0.7013792276196181,0.5338107192278149,0.43232058330487705,0.5570540373961884,0.45012964118913035,0.6274825828846334,0.5218589558679022,0.8606666666666666,0.8991452991452992,0.2108672159111424,0.008467677509534042,0.004199182079466564,0.05026416024244099,0.018047837324020335,0.0025923032088716502,0.0010090413295226074,0.0011886764163031565,2.109,14315.6,/home/joaoabitante/speculative-decoding-unlearning/saves/unlearn/sud/results/original-unlearned/target-Llama-3.1-8B-Instruct/draft-Llama-3.1-8B-Instruct_GradDiff/forget05/a0.95_k1_s0
original-unlearned,Llama-3.1-8B-Instruct,Llama-3.1-8B-Instruct_GradDiff,forget05,0.98,1,0,True,0.18345905131197618,0.19065220552725237,0.5906934165124347,0.08122669144521485,0.42584481639690025,0.5775974710981797,2.3797467071606504e-06,0.4588171698991209,0.040145464180111556,0.00035572075979858724,0.3372411689948058,0.34701526545392597,0.02370000000000002,0.02420000000000002,0.10075,0.02052500000000002,51.5688101814898,0.6770836667530239,0.534234796029912,0.4337426506861277,0.5595954350025315,0.4490286879562266,0.6275974004174466,0.5051507427588562,0.8443333333333334,0.8649572649572649,0.19597131151019512,0.00839365425296819,0.004186089769011732,0.04902648657218379,0.017519348492201024,0.002545950455721027,0.0009976269015566708,0.001116884040762135,6831.168,36887.7,/home/joaoabitante/speculative-decoding-unlearning/saves/unlearn/sud/results/original-unlearned/target-Llama-3.1-8B-Instruct/draft-Llama-3.1-8B-Instruct_GradDiff/forget05/a0.98_k1_s0
original-unlearned,Llama-3.1-8B-Instruct,Llama-3.1-8B-Instruct_GradDiff,forget05,0.99,1,0,True,0.18234918461265348,0.18871608762353098,0.589074072963949,0.080182371288091,0.4380579214816379,0.5787883704947185,2.3797467071606504e-06,0.4571331399027258,0.0394101700624645,0.00033560763428129256,0.3523783168452792,0.3440111576027142,0.02340000000000002,0.023850000000000017,0.10005000000000001,0.020250000000000018,51.623174891018465,0.6688566157035529,0.5343858992156505,0.4342147795123109,0.5604342411056574,0.4486543242359653,0.6276020709153327,0.49397669539241706,0.8908333333333333,0.8874643874643875,0.20037386760523476,0.008369612997375953,0.004182343012671958,0.04860622676431376,0.0173409800073222,0.0025310353849941213,0.0009939448430533614,0.0010939638223624222,6813.485,36887.7,/home/joaoabitante/speculative-decoding-unlearning/saves/unlearn/sud/results/original-unlearned/target-Llama-3.1-8B-Instruct/draft-Llama-3.1-8B-Instruct_GradDiff/forget05/a0.99_k1_s0
original-unlearned,Llama-3.1-8B-Instruct,Llama-3.1-8B-Instruct_GradDiff,forget05,0.995,1,0,True,0.18115492788633214,0.18779649957061276,0.5883321354930573,0.07973601174171462,0.4311635042000518,0.5768231046657192,2.3797467071606504e-06,0.4563982913736254,0.0394101700624645,0.00032600058811769946,0.3442367123044096,0.342706893769313,0.02322500000000002,0.023650000000000018,0.09967500000000001,0.02022500000000002,51.65424043932057,0.6647213068231941,0.534466188239639,0.43445030820547936,0.5608493675128581,0.44846575767030905,0.6275980889741536,0.4838530164058399,0.9,0.8760683760683761,0.20714123821019503,0.008357693070483946,0.004180584276979936,0.04839467838697601,0.0172514062909778,0.0025236703325613994,0.0009921265638016786,0.0010826814830522332,6780.681,36887.7,/home/joaoabitante/speculative-decoding-unlearning/saves/unlearn/sud/results/original-unlearned/target-Llama-3.1-8B-Instruct/draft-Llama-3.1-8B-Instruct_GradDiff/forget05/a0.995_k1_s0
original-unlearned,Llama-3.1-8B-Instruct,Llama-3.1-8B-Instruct_GradDiff,forget10,0.1,1,0,True,0.010382889049429139,0.010377981710880436,0.07173844110255127,0.003655675325318986,0.6895956177630991,0.6302181640353409,8.999307866955786e-26,0.9790965366363525,0.7862229809608556,0.06999998428625986,0.7613256663479843,0.46165729570899844,0.9975,0.9975875,0.99736875,0.9982500000000001,-99.61080076636176,0.9893487173318863,0.5196203083910939,0.4051165928002092,0.5142098946391145,0.48272890670583457,0.6268610814898421,0.9416653743967922,0.9179999999999999,0.8974358974358975,0.7535027738531198,0.01812006107385969,0.007837441647299985,0.07094024957623332,0.02854243601851515,0.007195238452544194,0.00202239595718995,0.027712698537228783,0.019,32121.0,/home/joaoabitante/speculative-decoding-unlearning/saves/unlearn/sud/results/original-unlearned/target-Llama-3.1-8B-Instruct/draft-Llama-3.1-8B-Instruct_GradDiff/forget10/a0.1_k1_s0
original-unlearned,Llama-3.1-8B-Instruct,Llama-3.1-8B-Instruct_GradDiff,forget10,0.2,1,0,True,0.42877571658948505,0.4473848599596635,0.6159765305744376,0.28563396115306583,0.5341189419784964,0.6324257772554652,7.272996703088917e-45,0.25711178104393184,0.07406024887639014,0.0052155049119736495,0.4622629142785445,0.32653811376404257,0.10405000000000002,0.1292875,0.12409375,0.088975,40.46865231555891,0.9858345972001552,0.5096345118975981,0.41405642185074015,0.5314450575174872,0.4900194270105862,0.6335625439975291,0.9169649332755236,0.899,0.8806267806267806,0.08267051468716678,0.020950772056494316,0.009311890459162545,0.07925756186945364,0.033092734599940686,0.007967508492220077,0.0023501404065708735,0.004705919803430139,0.02,32121.0,/home/joaoabitante/speculative-decoding-unlearning/saves/unlearn/sud/results/original-unlearned/target-Llama-3.1-8B-Instruct/draft-Llama-3.1-8B-Instruct_GradDiff/forget10/a0.2_k1_s0
original-unlearned,Llama-3.1-8B-Instruct,Llama-3.1-8B-Instruct_GradDiff,forget10,0.3,1,0,True,0.24680574725125448,0.25239394320833514,0.29968282381866895,0.14332647519950908,0.5430741292875967,0.6360346567045193,4.4050791937269276e-128,0.08188679015263915,0.06929967120269771,0.004768240700270353,0.4738220154400915,0.0982414400580923,0.05649375000000002,0.061843749999999996,0.052756250000000046,0.05305625000000005,51.34908950753611,0.9793333834409714,0.4994839721619161,0.4206230850486232,0.545930777725478,0.4974081987666687,0.6411845594837238,0.8744218246948628,0.919,0.8960113960113961,0.07130003376764728,0.024058017467468745,0.01117958776795559,0.08803264053538441,0.03809854116814566,0.008834854361709858,0.002752574941921614,0.005136503592923257,0.021,32121.0,/home/joaoabitante/speculative-decoding-unlearning/saves/unlearn/sud/results/original-unlearned/target-Llama-3.1-8B-Instruct/draft-Llama-3.1-8B-Instruct_GradDiff/forget10/a0.3_k1_s0
original-unlearned,Llama-3.1-8B-Instruct,Llama-3.1-8B-Instruct_GradDiff,forget10,0.4,1,0,True,0.158499397981734,0.16073245115839446,0.1036968300728345,0.13433280933442035,0.5435306684974804,0.6341705330231024,1.7295376317382011e-174,0.08097867837175726,0.06234340650261342,0.005007013792661092,0.4755604154150933,0.02823714073136366,0.050775000000000035,0.05328125000000003,0.05256875000000004,0.05233750000000005,52.73044424324258,0.967532262802124,0.4890583213509341,0.4287682500818227,0.5546381318034287,0.5047720096736862,0.6493106312438715,0.8212566012198846,0.9105,0.8763532763532763,0.06940028543634295,0.02795080684565619,0.013555582424724115,0.09704092540545389,0.04348507215704364,0.009801467781773378,0.0032496500402861973,0.0056623928447147275,8244.557,35622.4,/home/joaoabitante/speculative-decoding-unlearning/saves/unlearn/sud/results/original-unlearned/target-Llama-3.1-8B-Instruct/draft-Llama-3.1-8B-Instruct_GradDiff/forget10/a0.4_k1_s0
original-unlearned,Llama-3.1-8B-Instruct,Llama-3.1-8B-Instruct_GradDiff,forget10,0.5,1,0,True,0.15801163236285026,0.1602349711445385,0.10433446331777373,0.13226115313213804,0.5433057598708462,0.6340571400672443,1.7295376317382011e-174,0.07921108013018965,0.054433096377629386,0.005222151737188418,0.475279865860939,0.028417647284842022,0.05041875000000005,0.05083750000000004,0.05220000000000004,0.05228750000000005,53.124684901389465,0.9465445522964001,0.47828220510069813,0.43891648887848456,0.5695015242002187,0.511966254961186,0.6582295492839951,0.7410870234493027,0.9288333333333333,0.8974358974358975,0.061387438963188615,0.03263748794244748,0.01658906828402093,0.10589703907025978,0.049096997191960895,0.010867052139538678,0.0038665319440010096,0.006133413617266461,0.02,32121.0,/home/joaoabitante/speculative-decoding-unlearning/saves/unlearn/sud/results/original-unlearned/target-Llama-3.1-8B-Instruct/draft-Llama-3.1-8B-Instruct_GradDiff/forget10/a0.5_k1_s0
original-unlearned,Llama-3.1-8B-Instruct,Llama-3.1-8B-Instruct_GradDiff,forget10,0.6,1,0,True,0.1584043378112548,0.16058373443339455,0.10614310790717431,0.13052750105654887,0.5386736264388691,0.6252428104550454,1.7295376317382011e-174,0.0761080971173942,0.046431159521742565,0.005321234863389722,0.47316119246184823,0.02894477302444042,0.05020000000000005,0.05033125000000005,0.05050625000000003,0.05240625000000004,53.20635623977795,0.9109540176391602,0.4672273990679383,0.449776776656708,0.583652389218933,0.5188354223819736,0.6684689443762734,0.6468165531070301,0.9018333333333334,0.8760683760683761,0.059474951421220654,0.03813099184608291,0.02039680026561177,0.11401297295233234,0.05465106049076212,0.012015315836106308,0.004620620717822527,0.0064815032738260924,10464.602,35620.8,/home/joaoabitante/speculative-decoding-unlearning/saves/unlearn/sud/results/original-unlearned/target-Llama-3.1-8B-Instruct/draft-Llama-3.1-8B-Instruct_GradDiff/forget10/a0.6_k1_s0
original-unlearned,Llama-3.1-8B-Instruct,Llama-3.1-8B-Instruct_GradDiff,forget10,0.7,1,0,True,0.15612187556209584,0.15798966973210402,0.10867194832869725,0.12274351867072787,0.5357103342710794,0.6099395045191935,1.7295376317382011e-174,0.07255748936906457,0.04352280955968417,0.005241118740495978,0.47758821457624434,0.02969207447726046,0.048818750000000036,0.04892500000000003,0.04413125,0.05117500000000003,53.433221068634865,0.8539398431777954,0.45505712392618536,0.462381629185816,0.5992631266418741,0.5251755452385137,0.6788074831830482,0.5404860689837381,0.8634999999999999,0.8547008547008547,0.05372563598743725,0.04439559052403638,0.02542181926174114,0.12036485787015408,0.05972377496929971,0.013222508206037369,0.0055891744904613475,0.006689112999127247,0.02,32121.0,/home/joaoabitante/speculative-decoding-unlearning/saves/unlearn/sud/results/original-unlearned/target-Llama-3.1-8B-Instruct/draft-Llama-3.1-8B-Instruct_GradDiff/forget10/a0.7_k1_s0
original-unlearned,Llama-3.1-8B-Instruct,Llama-3.1-8B-Instruct_GradDiff,forget10,0.8,1,0,True,0.14911316445546477,0.15058822555646284,0.11185670531765199,0.10748905134777202,0.5331441139198184,0.5957367549637008,1.7295376317382011e-174,0.06998677097260952,0.04126955900500298,0.0050301323483734825,0.48245383888483045,0.03064036909320047,0.045125,0.0451,0.035087499999999994,0.047081250000000005,54.05029340312565,0.7685250055789947,0.4417664127480252,0.4743103750799301,0.6124659140086517,0.5308188461585309,0.6885597494627691,0.471689811424603,0.8495,0.8561253561253561,0.05195225799700233,0.05117557839221263,0.031683121056442116,0.12398946624714881,0.06373863905262488,0.014404493475509905,0.006772543328483092,0.0067026938904600685,0.019,32121.0,/home/joaoabitante/speculative-decoding-unlearning/saves/unlearn/sud/results/original-unlearned/target-Llama-3.1-8B-Instruct/draft-Llama-3.1-8B-Instruct_GradDiff/forget10/a0.8_k1_s0
original-unlearned,Llama-3.1-8B-Instruct,Llama-3.1-8B-Instruct_GradDiff,forget10,0.9,1,0,True,0.13296022451948344,0.13392461590138194,0.11541046179194878,0.08344476221922852,0.5223466755051263,0.5707892293460642,1.7295376317382011e-174,0.06571029559709132,0.03617416444886148,0.004674486990880123,0.4814834516867995,0.03169939550697046,0.03897500000000001,0.03851875000000001,0.023787499999999993,0.03854375,55.112020802175955,0.6521307136490941,0.42671093046728925,0.48542108001462736,0.6253411503033203,0.5355128095338529,0.6954558091492822,0.39545467144402935,0.8146666666666667,0.8547008547008547,0.04454008721386099,0.058003019887710255,0.03940929568476839,0.12368876003660262,0.06602620042325043,0.015446441513922764,0.008221842336413864,0.00646158511374233,0.019,32121.0,/home/joaoabitante/speculative-decoding-unlearning/saves/unlearn/sud/results/original-unlearned/target-Llama-3.1-8B-Instruct/draft-Llama-3.1-8B-Instruct_GradDiff/forget10/a0.9_k1_s0
original-unlearned,Llama-3.1-8B-Instruct,Llama-3.1-8B-Instruct_GradDiff,forget10,0.95,1,0,True,0.1223020240371872,0.12302284413691726,0.11722180142079323,0.07115561066941348,0.5141660894779366,0.5551937480553731,1.7295376317382011e-174,0.06310196244157851,0.034984075708447276,0.004430680421426239,0.478784886226058,0.03224216132064538,0.034675,0.03394375000000001,0.019443749999999992,0.0334375,55.850087712057096,0.5838913110271097,0.41876493849738766,0.4903777527961317,0.6331347450879988,0.5373937190670641,0.697811336222688,0.36680114698332644,0.7879999999999999,0.8319088319088319,0.04433463103649112,0.061177867236265226,0.043800464553601356,0.12171244844095781,0.06628711308618039,0.015865463322208295,0.009052748195243968,0.00622123162169737,0.019,32121.0,/home/joaoabitante/speculative-decoding-unlearning/saves/unlearn/sud/results/original-unlearned/target-Llama-3.1-8B-Instruct/draft-Llama-3.1-8B-Instruct_GradDiff/forget10/a0.95_k1_s0
original-unlearned,Llama-3.1-8B-Instruct,Llama-3.1-8B-Instruct_GradDiff,forget10,0.98,1,0,True,0.11588580959477474,0.11647877198650325,0.11861309384214028,0.06455825745248146,0.5084155474664517,0.5449269459855955,1.7295376317382011e-174,0.06180987481959164,0.03490210849533252,0.004260454451664901,0.4764896126836538,0.03266184431758889,0.03175624999999999,0.03075,0.017512499999999993,0.03064374999999999,56.36532294559433,0.5406695620529354,0.4138790049445448,0.4927892462822917,0.6371081552587331,0.5380768726639658,0.6996025412156313,0.3501256248258838,0.7728333333333333,0.8240740740740741,0.041509127636740785,0.06270574008445237,0.04617032543236529,0.11988803555490449,0.06609645041095974,0.015990458375305633,0.009527864067453214,0.006030285479038412,10517.838,35620.8,/home/joaoabitante/speculative-decoding-unlearning/saves/unlearn/sud/results/original-unlearned/target-Llama-3.1-8B-Instruct/draft-Llama-3.1-8B-Instruct_GradDiff/forget10/a0.98_k1_s0
original-unlearned,Llama-3.1-8B-Instruct,Llama-3.1-8B-Instruct_GradDiff,forget10,0.99,1,0,True,0.11360455548575481,0.11417687951507265,0.11904055209861868,0.06242092128214818,0.5033667010471535,0.5393006321502574,1.7295376317382011e-174,0.06105039362795651,0.03490210849533252,0.004200036684033908,0.4719222338497639,0.03279054839081989,0.03076874999999999,0.0295625,0.01694999999999999,0.029681249999999996,56.55689768996238,0.52599026247859,0.4121390848070485,0.49363899408008716,0.6383033507721333,0.5383439357509126,0.6998773607237515,0.3468182995582149,0.7244999999999999,0.8207977207977207,0.038807601270198916,0.06324398765015075,0.047098213809702305,0.1191590507910587,0.0659754424726716,0.01604782827046165,0.009708858947629894,0.0059619940477350615,10569.378,35620.8,/home/joaoabitante/speculative-decoding-unlearning/saves/unlearn/sud/results/original-unlearned/target-Llama-3.1-8B-Instruct/draft-Llama-3.1-8B-Instruct_GradDiff/forget10/a0.99_k1_s0
original-unlearned,Llama-3.1-8B-Instruct,Llama-3.1-8B-Instruct_GradDiff,forget10,0.995,1,0,True,0.11276254120022046,0.11326926415545335,0.11927539737362443,0.06158414091608834,0.5043693056750255,0.536579837734002,1.7295376317382011e-174,0.06054953490383923,0.03450210849533252,0.004169108459411631,0.4758069309359416,0.0328607293040976,0.030306249999999993,0.02899375,0.016799999999999992,0.029193749999999994,56.648651909633394,0.5186101209931075,0.4112593559448252,0.4940522671095969,0.6388718826066101,0.5384704252864333,0.7000024308315542,0.34085825504128225,0.7071666666666667,0.8401709401709402,0.03513002713300742,0.06350557656467344,0.04756501436800213,0.11877274410100654,0.0659031641625561,0.01607474743421335,0.009800302846085993,0.005926600291924388,10581.157,35620.8,/home/joaoabitante/speculative-decoding-unlearning/saves/unlearn/sud/results/original-unlearned/target-Llama-3.1-8B-Instruct/draft-Llama-3.1-8B-Instruct_GradDiff/forget10/a0.995_k1_s0
original-unlearned,Llama-3.1-8B-Instruct,Llama-3.1-8B-Instruct_IdkDPO,forget01,0.1,1,0,True,0.0,0.0,0.0023172466667855172,0.0,0.7358129487033019,0.6281110642479412,0.01430154804770646,0.9994047582149506,0.9767857142857143,0.07474178033880889,0.8880939695984125,0.49037660670810296,1.0,1.0,1.0,1.0,-99.99999998,0.9904403510689735,0.5251966463384882,0.4029452900248872,0.506541016427933,0.4796299596433651,0.6225836658726152,0.9378324777749424,0.9196666666666666,0.8974358974358975,0.9750449364698858,0.019593526853204823,0.008370217889839571,0.06817137267673389,0.026801557416738203,0.00804691820055268,0.0022267960479445625,0.0312093895743601,2119.28,34899.6,/home/joaoabitante/speculative-decoding-unlearning/saves/unlearn/sud/results/original-unlearned/target-Llama-3.1-8B-Instruct/draft-Llama-3.1-8B-Instruct_IdkDPO/forget01/a0.1_k1_s0
original-unlearned,Llama-3.1-8B-Instruct,Llama-3.1-8B-Instruct_IdkDPO,forget01,0.2,1,0,True,0.0,0.0,0.002317269314237881,0.0,0.7407393346436286,0.6320899377421108,0.01430154804770646,0.9994047582149506,0.9767857142857143,0.0815864993724972,0.8944929622113704,0.49644456457170455,1.0,1.0,1.0,1.0,-99.99999998,0.9894191519916058,0.5206912739035083,0.41275685334719747,0.5187476677683208,0.4840307484147228,0.6288246794006296,0.9332097626826475,0.9115000000000001,0.8834757834757836,0.963209065110302,0.0246343773110857,0.010593273762522986,0.07340849612955935,0.029321569502119442,0.009918805545632191,0.0028359357861901377,0.034954706246498976,2101.973,34899.6,/home/joaoabitante/speculative-decoding-unlearning/saves/unlearn/sud/results/original-unlearned/target-Llama-3.1-8B-Instruct/draft-Llama-3.1-8B-Instruct_IdkDPO/forget01/a0.2_k1_s0
original-unlearned,Llama-3.1-8B-Instruct,Llama-3.1-8B-Instruct_IdkDPO,forget01,0.3,1,0,True,0.0,0.0,0.002317290441982543,0.0,0.7439411483723144,0.6385772314939598,0.006760732303569208,0.9994047582149506,0.9767857142857143,0.088990978570655,0.8909452669322491,0.5025793495705403,1.0,1.0,1.0,1.0,-99.99999998,0.9880962634086609,0.5162512354279624,0.42354065416887693,0.5313819342521893,0.4888370550025562,0.6350378587439307,0.939004816755514,0.9465,0.8621082621082622,0.8961311293695957,0.031143987068062415,0.013483723517031991,0.07900238938978874,0.0320454410732952,0.012241922575191591,0.003631132282287065,0.03908383282134309,2117.868,34899.6,/home/joaoabitante/speculative-decoding-unlearning/saves/unlearn/sud/results/original-unlearned/target-Llama-3.1-8B-Instruct/draft-Llama-3.1-8B-Instruct_IdkDPO/forget01/a0.3_k1_s0
original-unlearned,Llama-3.1-8B-Instruct,Llama-3.1-8B-Instruct_IdkDPO,forget01,0.4,1,0,True,0.0,0.0,0.004513924873374521,0.0,0.7305179837667715,0.6429285958708277,0.01430154804770646,0.9988095194101334,0.9767857142857143,0.09694903381168843,0.845736974477768,0.5087490210538961,1.0,1.0,1.0,1.0,-99.99999998,0.986352453827858,0.5118951604493652,0.43545793112743475,0.5454241002533409,0.49405894554966,0.6422589891513449,0.919771977382031,0.929,0.8646723646723646,0.8979737755413637,0.03959064980706899,0.017265194863020406,0.08495374880731106,0.034977692095509154,0.015118798354263467,0.004674251076832333,0.04360606668866239,2114.188,34899.6,/home/joaoabitante/speculative-decoding-unlearning/saves/unlearn/sud/results/original-unlearned/target-Llama-3.1-8B-Instruct/draft-Llama-3.1-8B-Instruct_IdkDPO/forget01/a0.4_k1_s0
original-unlearned,Llama-3.1-8B-Instruct,Llama-3.1-8B-Instruct_IdkDPO,forget01,0.5,1,0,True,0.0,0.0,0.009424306140528235,0.0,0.7503117362872335,0.6513492126266598,0.02860307028023343,0.9974854782223701,0.9577787456445993,0.10540687371976673,0.8847334094345569,0.5149555100452486,1.0,1.0,1.0,1.0,-99.99999998,0.9840032379329204,0.507751863557827,0.4486355261982222,0.562932813117199,0.4997679838591385,0.6499182862978924,0.9091887246638212,0.924,0.9052706552706552,0.889541420317161,0.050584401675441766,0.02224474661123432,0.09125200677779503,0.038117845789438436,0.01867176649782778,0.006047671513669006,0.04850769160781056,2086.913,34899.6,/home/joaoabitante/speculative-decoding-unlearning/saves/unlearn/sud/results/original-unlearned/target-Llama-3.1-8B-Instruct/draft-Llama-3.1-8B-Instruct_IdkDPO/forget01/a0.5_k1_s0
original-unlearned,Llama-3.1-8B-Instruct,Llama-3.1-8B-Instruct_IdkDPO,forget01,0.6,1,0,True,0.0,0.0,0.01702262427851245,0.0,0.7324501894525902,0.6521776990670054,0.02860307028023343,0.9953331932425499,0.9433579418620933,0.11421383428387344,0.8352567383321002,0.5212549685083732,1.0,1.0,0.99875,1.0,-99.99999998,0.9807602426409722,0.5037715920175203,0.4630332791736299,0.5827112605674344,0.5060890764785261,0.6592509808224606,0.8709562760778775,0.894,0.8621082621082621,0.8221011383646666,0.06490581871417817,0.028846785349065984,0.09786933246999979,0.04145769551878129,0.02305035917313944,0.007859719321404062,0.05372707094065845,2211.267,34899.6,/home/joaoabitante/speculative-decoding-unlearning/saves/unlearn/sud/results/original-unlearned/target-Llama-3.1-8B-Instruct/draft-Llama-3.1-8B-Instruct_IdkDPO/forget01/a0.6_k1_s0
original-unlearned,Llama-3.1-8B-Instruct,Llama-3.1-8B-Instruct_IdkDPO,forget01,0.7,1,0,True,0.0,0.0,0.037514324403429375,0.0,0.7511892807059377,0.6585096775780725,0.02860307028023343,0.9891801476478577,0.9104566628111206,0.12306588282808661,0.8742296201176941,0.5276707879947532,1.0,1.0,0.9981249999999999,1.0,-99.99999998,0.9761761753261089,0.49994326589725874,0.47858173999825326,0.6041218022420508,0.5131845629063166,0.669302122579855,0.8366362942007223,0.914,0.8578347578347579,0.7614779892691879,0.08358397778472863,0.03765681261627942,0.10475113587919622,0.04497709636024957,0.028418175823802204,0.010252831606509487,0.05912235402269289,2431.06,34899.6,/home/joaoabitante/speculative-decoding-unlearning/saves/unlearn/sud/results/original-unlearned/target-Llama-3.1-8B-Instruct/draft-Llama-3.1-8B-Instruct_IdkDPO/forget01/a0.7_k1_s0
original-unlearned,Llama-3.1-8B-Instruct,Llama-3.1-8B-Instruct_IdkDPO,forget01,0.8,1,0,True,0.0,0.0,0.057403436342346924,0.0,0.7658863741278755,0.6642209639553628,0.02860307028023343,0.9831738725304604,0.861635560884902,0.13141621928662062,0.9042978640645742,0.5341115361630543,0.99875,0.999375,0.9981249999999999,1.0,-99.87499998002501,0.969599013030529,0.49627533929938017,0.4952626984401524,0.6285285179674652,0.5211529189073689,0.684074425247206,0.7927281652849196,0.8913333333333333,0.8856125356125357,0.6711593025433421,0.10798650489537977,0.049464077411396586,0.11180026181507856,0.04863635311648613,0.03493190116496408,0.013415548245688054,0.06442211719229818,2514.384,34899.6,/home/joaoabitante/speculative-decoding-unlearning/saves/unlearn/sud/results/original-unlearned/target-Llama-3.1-8B-Instruct/draft-Llama-3.1-8B-Instruct_IdkDPO/forget01/a0.8_k1_s0
original-unlearned,Llama-3.1-8B-Instruct,Llama-3.1-8B-Instruct_IdkDPO,forget01,0.9,1,0,True,0.0,0.0,0.06908468669976985,0.0,0.7609046386401999,0.6595572664147068,0.02860307028023343,0.9796953201293945,0.8226788425386488,0.13826108835637568,0.8990528270602226,0.5404551821703966,0.99875,0.99875,0.9974999999999999,1.0,-99.74999998005,0.9600864186882972,0.4927806372329475,0.5130467599834142,0.6525415154899449,0.52986580147012,0.6982353523436077,0.7123829825666701,0.8640000000000001,0.8247863247863247,0.4786153990014137,0.13975527719128877,0.06525549166286106,0.11885132141411305,0.05236199452316214,0.042707636191626076,0.017578208865967865,0.06913005058420822,2377.915,34899.6,/home/joaoabitante/speculative-decoding-unlearning/saves/unlearn/sud/results/original-unlearned/target-Llama-3.1-8B-Instruct/draft-Llama-3.1-8B-Instruct_IdkDPO/forget01/a0.9_k1_s0
original-unlearned,Llama-3.1-8B-Instruct,Llama-3.1-8B-Instruct_IdkDPO,forget01,0.95,1,0,True,0.0,0.0,0.09239377271417332,0.0,0.7536664687546589,0.6594787879524394,0.02860307028023343,0.972448019683361,0.7496727802892554,0.14059855611994862,0.8792408779263496,0.5436090254129511,0.9981249999999999,0.99875,0.9974999999999999,1.0,-99.74999998005,0.9538105729222298,0.4911207247627359,0.5223153541193853,0.6642091094098607,0.5343551502079408,0.7040378003212657,0.7124615626793656,0.866,0.7737891737891738,0.3819955297338852,0.1589219250716269,0.07496453525819895,0.12229558081831783,0.05421125776265399,0.047074525216400306,0.0201051760916866,0.07100810756674036,2335.81,34899.6,/home/joaoabitante/speculative-decoding-unlearning/saves/unlearn/sud/results/original-unlearned/target-Llama-3.1-8B-Instruct/draft-Llama-3.1-8B-Instruct_IdkDPO/forget01/a0.95_k1_s0
original-unlearned,Llama-3.1-8B-Instruct,Llama-3.1-8B-Instruct_IdkDPO,forget01,0.98,1,0,True,0.0,0.0,0.10756054333421379,0.0,0.7357331357262121,0.6593536594495277,0.02860307028023343,0.9670549497008324,0.7393697248676656,0.14150651125237346,0.8321266179904342,0.5455237524483068,0.9981249999999999,0.9981249999999999,0.9974999999999999,1.0,-99.62499998007497,0.9494281928241253,0.49015003056911766,0.5279767584477046,0.6715556705009308,0.537031305298973,0.7069884326430619,0.6588448373478907,0.8296666666666667,0.852136752136752,0.31001988760924426,0.17156559033785015,0.08142544204144317,0.12430830270284787,0.0553031230426277,0.04983754318304516,0.021775243134216724,0.0719100462878123,2260.153,34899.6,/home/joaoabitante/speculative-decoding-unlearning/saves/unlearn/sud/results/original-unlearned/target-Llama-3.1-8B-Instruct/draft-Llama-3.1-8B-Instruct_IdkDPO/forget01/a0.98_k1_s0
original-unlearned,Llama-3.1-8B-Instruct,Llama-3.1-8B-Instruct_IdkDPO,forget01,0.99,1,0,True,0.0,0.0,0.11833369330899848,0.0,0.7527235643083637,0.6575716213376879,0.02860307028023343,0.9630461350083351,0.7330411992266399,0.14171612141653894,0.880071721598506,0.546169585278561,0.9981249999999999,0.9981249999999999,0.9974999999999999,1.0,-99.62499998007497,0.9478509891033172,0.48983053870524307,0.5298774685045076,0.674030514079509,0.537913948241941,0.7078894437141786,0.6592516663755214,0.8205,0.8250712250712251,0.21682924871654788,0.17597451583482326,0.08368680917441002,0.12496717801317572,0.05566266158031067,0.05078045979937694,0.022357883126289346,0.07216783789452165,2173.606,34899.6,/home/joaoabitante/speculative-decoding-unlearning/saves/unlearn/sud/results/original-unlearned/target-Llama-3.1-8B-Instruct/draft-Llama-3.1-8B-Instruct_IdkDPO/forget01/a0.99_k1_s0
original-unlearned,Llama-3.1-8B-Instruct,Llama-3.1-8B-Instruct_IdkDPO,forget01,0.995,1,0,True,0.0,0.0,0.12446832972149255,0.0,0.7219606194957149,0.6582929686599522,0.02860307028023343,0.9609616458415985,0.7163745325599733,0.1418026713654399,0.7992623005062341,0.5464942786477112,0.9981249999999999,0.9981249999999999,0.9974999999999999,1.0,-99.62499998007497,0.9470391702651978,0.4896715501276152,0.5308300247049779,0.6752698969161104,0.5383529133240321,0.7083288886225206,0.6610157697730535,0.8108333333333334,0.8378917378917379,0.33160099617202016,0.17821540367789568,0.08483769587175442,0.12529405786423012,0.05584145781394909,0.051255750905256726,0.022654046723710318,0.07228827890474349,2360.403,34899.6,/home/joaoabitante/speculative-decoding-unlearning/saves/unlearn/sud/results/original-unlearned/target-Llama-3.1-8B-Instruct/draft-Llama-3.1-8B-Instruct_IdkDPO/forget01/a0.995_k1_s0
original-unlearned,Llama-3.1-8B-Instruct,Llama-3.1-8B-Instruct_IdkDPO,forget05,0.1,1,0,True,0.00017472664225497289,0.00017472448159167424,0.010275002979119412,5.857899901053308e-05,0.719901108822758,0.6244528610132701,1.3850840057169374e-11,0.997188558280468,0.9672148936589727,0.07499692674726248,0.8497927916515619,0.49451945232855893,0.999975,0.999975,0.999825,0.99995,-99.99611679092946,0.9894851511716842,0.5185127479247511,0.399626061340419,0.5013244641834047,0.4795202591663845,0.6233733182273754,0.9509455645090304,0.9015000000000001,0.8881766381766381,0.932915960875884,0.018726412257638003,0.007880166565330571,0.07212535009603016,0.02901207424027517,0.007744248776152745,0.0021120500553522903,0.030673927346244457,0.019,32121.0,/home/joaoabitante/speculative-decoding-unlearning/saves/unlearn/sud/results/original-unlearned/target-Llama-3.1-8B-Instruct/draft-Llama-3.1-8B-Instruct_IdkDPO/forget05/a0.1_k1_s0
original-unlearned,Llama-3.1-8B-Instruct,Llama-3.1-8B-Instruct_IdkDPO,forget05,0.2,1,0,True,0.00019181019810610628,0.00019180755498953114,0.01258390609678805,6.426894079851326e-05,0.7249339994598829,0.6269741178787105,5.951062636424447e-11,0.9965455350279808,0.9605177699395085,0.0865769219165668,0.8591732011083514,0.5093556254005465,0.999975,0.999975,0.999675,0.999925,-99.99611679092946,0.9867720666527748,0.5072417888170686,0.4062337079941936,0.5092856908980787,0.48439573200116026,0.631015700240807,0.9201696567770992,0.9105,0.9005698005698006,0.9008912390772451,0.022446459442871856,0.00937028961024712,0.08209611273487098,0.03429288530482188,0.009161295808755009,0.002540939777985134,0.03736493803630583,0.016,32121.0,/home/joaoabitante/speculative-decoding-unlearning/saves/unlearn/sud/results/original-unlearned/target-Llama-3.1-8B-Instruct/draft-Llama-3.1-8B-Instruct_IdkDPO/forget05/a0.2_k1_s0
original-unlearned,Llama-3.1-8B-Instruct,Llama-3.1-8B-Instruct_IdkDPO,forget05,0.3,1,0,True,0.0005558088046595976,0.0005557868512799108,0.021458404987539904,0.00018693126163655152,0.7258188862401377,0.6285532767674359,9.594235055800515e-10,0.9939353224635125,0.9459478906897496,0.09933383469004184,0.8586983424797654,0.5243945336086517,0.999925,0.9999,0.999375,0.999875,-99.98446721031617,0.9824532923102379,0.4960475921506371,0.4139680764785122,0.5196368707225879,0.48992277515566435,0.6390121036793592,0.8871914396389236,0.9081666666666667,0.9005698005698006,0.8626267030890008,0.026936161344565335,0.011171593704577105,0.09321959569584579,0.04037558806606193,0.010798591581469738,0.0030581035865247306,0.04516374890855514,0.015,32121.0,/home/joaoabitante/speculative-decoding-unlearning/saves/unlearn/sud/results/original-unlearned/target-Llama-3.1-8B-Instruct/draft-Llama-3.1-8B-Instruct_IdkDPO/forget05/a0.3_k1_s0
original-unlearned,Llama-3.1-8B-Instruct,Llama-3.1-8B-Instruct_IdkDPO,forget05,0.4,1,0,True,0.001112915842490119,0.0011128223338088368,0.038021441753945305,0.0003748176110731757,0.7372566970637633,0.6317564576155261,1.4639479233432268e-07,0.9890685898065567,0.9069411604119796,0.11257197735831141,0.8850568662397563,0.5400883332006652,0.99985,0.99985,0.9986,0.9995999999999999,-99.97670082324065,0.9753500612080097,0.48501487449550623,0.42297916215161024,0.5318981250027267,0.49594996848962847,0.6470315764907627,0.853117468249109,0.9390000000000001,0.8962962962962963,0.7683823936282067,0.03224014284351142,0.01333744199749446,0.10542214156594128,0.047268474032382414,0.012628075869912814,0.0036728614433724893,0.053881862035486845,2817.891,34994.3,/home/joaoabitante/speculative-decoding-unlearning/saves/unlearn/sud/results/original-unlearned/target-Llama-3.1-8B-Instruct/draft-Llama-3.1-8B-Instruct_IdkDPO/forget05/a0.4_k1_s0
original-unlearned,Llama-3.1-8B-Instruct,Llama-3.1-8B-Instruct_IdkDPO,forget05,0.6,1,0,True,0.01608896432160542,0.016070588914402526,0.14211095433000823,0.005617897461620832,0.7022856188585548,0.61082595444762,2.3797467071606504e-06,0.9548366111516953,0.6786184589669668,0.13222043381072582,0.8259571167081594,0.5742968233436658,0.9978,0.997725,0.991775,0.990825,-99.64662937253081,0.9424320858716965,0.46395502953709,0.44462268840337105,0.5639014513160275,0.5094333769854787,0.6660788223140643,0.6559306907649654,0.7855,0.8108262108262109,0.45670799504539544,0.044952927149424796,0.018883983462262385,0.13166980472626164,0.0629555640060753,0.01640193284512255,0.005163756838898696,0.07041128924489021,2890.345,34994.3,/home/joaoabitante/speculative-decoding-unlearning/saves/unlearn/sud/results/original-unlearned/target-Llama-3.1-8B-Instruct/draft-Llama-3.1-8B-Instruct_IdkDPO/forget05/a0.6_k1_s0
original-unlearned,Llama-3.1-8B-Instruct,Llama-3.1-8B-Instruct_IdkDPO,forget05,0.98,1,0,True,0.4524306049635021,0.350827912305725,0.5613577005120103,0.5683636936938626,0.3236226056838349,0.19958610399741186,0.008539483949831865,0.7025507943332195,0.13831947546757165,0.08827253175899387,0.854942621247028,0.6638691374951122,0.6738,0.664625,0.6719249999999999,0.5602499999999999,-47.90695867537947,0.6190178042836487,0.4279272811773291,0.4768636264968061,0.6085644714429995,0.5189527784576461,0.7000581887005469,0.09741520712044117,0.06616666666666667,0.11538461538461539,0.03822377200047475,0.044594051338208374,0.01978320889369741,0.14350624546408652,0.07695156230848442,0.013611889245415416,0.005486488321166614,0.060632872863672665,2491.668,34994.3,/home/joaoabitante/speculative-decoding-unlearning/saves/unlearn/sud/results/original-unlearned/target-Llama-3.1-8B-Instruct/draft-Llama-3.1-8B-Instruct_IdkDPO/forget05/a0.98_k1_s0
original-unlearned,Llama-3.1-8B-Instruct,Llama-3.1-8B-Instruct_IdkDPO,forget05,0.99,1,0,True,0.3663196380882909,0.25430502968951596,0.5727534884252844,0.616167241994753,0.20743955833609037,0.11865254988929906,0.008539483949831865,0.6912275840342045,0.13210613730632537,0.08550015514716507,0.8241348174406449,0.6669034060537886,0.63965,0.6318999999999999,0.6491499999999999,0.534475,-42.82385833444797,0.6021501129679382,0.42693261029972895,0.4764569603966003,0.6085440318506358,0.5179849688399013,0.6990932001305843,0.07666504910845044,0.035333333333333335,0.042735042735042736,0.033978550393319776,0.04354359218617901,0.019232423226235876,0.1417565635126084,0.07626898274811537,0.013262855058722685,0.005355936822476687,0.05917897946387529,2433.184,34994.3,/home/joaoabitante/speculative-decoding-unlearning/saves/unlearn/sud/results/original-unlearned/target-Llama-3.1-8B-Instruct/draft-Llama-3.1-8B-Instruct_IdkDPO/forget05/a0.99_k1_s0
original-unlearned,Llama-3.1-8B-Instruct,Llama-3.1-8B-Instruct_IdkDPO,forget05,0.995,1,0,True,0.3696760430013946,0.2553737888904061,0.576956893311332,0.6406431160147998,0.2074236831900593,0.11829667802698958,0.008539483949831865,0.6870292945206166,0.13021349661368467,0.08410008484497666,0.8412001320678973,0.6683553967101534,0.6234500000000001,0.614925,0.636475,0.520575,-40.187169922307056,0.593573697116226,0.4264267759793309,0.476207124735644,0.6084615816337426,0.5174687521196294,0.6985421058721017,0.07461198214249944,0.026666666666666665,0.07122507122507121,0.03287824237674561,0.04300350636825897,0.018952043054115266,0.1408287524851039,0.07589852070137931,0.01308624362668828,0.005289323960518309,0.05843416649801656,2537.678,34994.3,/home/joaoabitante/speculative-decoding-unlearning/saves/unlearn/sud/results/original-unlearned/target-Llama-3.1-8B-Instruct/draft-Llama-3.1-8B-Instruct_IdkDPO/forget05/a0.995_k1_s0
original-unlearned,Llama-3.1-8B-Instruct,Llama-3.1-8B-Instruct_IdkDPO,forget10,0.1,1,0,True,0.0025186245138249445,0.002518154500122705,0.007519582165715243,0.0009462820861849095,0.7283898574027113,0.6268747573051016,2.0508859434374988e-24,0.9979529932141304,0.9751809315277591,0.0762835939717479,0.8691364264814183,0.4873056153697394,0.9992125000000001,0.9992375,0.999125,0.9996625000000001,-99.87698883222053,0.9900613525509834,0.522775782418266,0.39804411730915634,0.4989305401053432,0.47540623197891707,0.6198890820581633,0.9439852472978097,0.9570000000000001,0.911965811965812,0.9443281370805344,0.01622469254009047,0.006844262670551069,0.0701322438067291,0.027831790869877405,0.006769051460836786,0.001857678040088328,0.031065507936742502,0.022,32121.0,/home/joaoabitante/speculative-decoding-unlearning/saves/unlearn/sud/results/original-unlearned/target-Llama-3.1-8B-Instruct/draft-Llama-3.1-8B-Instruct_IdkDPO/forget10/a0.1_k1_s0
original-unlearned,Llama-3.1-8B-Instruct,Llama-3.1-8B-Instruct_IdkDPO,forget10,0.2,1,0,True,0.00418188375647709,0.004180602041316518,0.011306048472846806,0.0015934882178864536,0.7258139864123526,0.6258988119259327,1.876936326891253e-22,0.9968823041021824,0.9666116052754756,0.08546993670286611,0.8636886766785756,0.5001870635393627,0.99846875,0.9984999999999999,0.9991812499999999,0.99935,-99.75801083308669,0.9882067048549652,0.5160502790738903,0.40269851579473226,0.504241738399906,0.47580492480161674,0.6221025439010273,0.9365865823545348,0.929,0.9009971509971509,0.9017235560231168,0.01688446411917539,0.007053296973248863,0.07762264520511962,0.03155930430055153,0.007002190222228819,0.0019592532274175577,0.03653554336851812,0.023,32121.0,/home/joaoabitante/speculative-decoding-unlearning/saves/unlearn/sud/results/original-unlearned/target-Llama-3.1-8B-Instruct/draft-Llama-3.1-8B-Instruct_IdkDPO/forget10/a0.2_k1_s0
original-unlearned,Llama-3.1-8B-Instruct,Llama-3.1-8B-Instruct_IdkDPO,forget10,0.3,1,0,True,0.007200271890898101,0.007196513482719333,0.028814160865709013,0.0026276601973219864,0.7251297114895717,0.6263069292977684,6.916893189690245e-21,0.9916782338917255,0.9359069602699981,0.09445027000037953,0.8609808757994324,0.5135547932551985,0.9978000000000001,0.9978125000000001,0.9989,0.99858125,-99.64709913897889,0.9852540811896324,0.5097370001573113,0.40799050804025555,0.5098396790412825,0.47641947638967613,0.6254128124640278,0.9055423098568943,0.9259999999999999,0.9102564102564102,0.8347073275088431,0.01764778093856876,0.007285357216114236,0.0857434211333748,0.03566141140133766,0.007232130206875808,0.002063232487813044,0.04235748315395904,0.019,32121.0,/home/joaoabitante/speculative-decoding-unlearning/saves/unlearn/sud/results/original-unlearned/target-Llama-3.1-8B-Instruct/draft-Llama-3.1-8B-Instruct_IdkDPO/forget10/a0.3_k1_s0
original-unlearned,Llama-3.1-8B-Instruct,Llama-3.1-8B-Instruct_IdkDPO,forget10,0.4,1,0,True,0.012496088554326188,0.012484859830446702,0.07610269308120839,0.0044336777081212565,0.7201528275912213,0.6232414259435443,4.353260441808186e-19,0.9769114701449871,0.8398233472635064,0.10088062955299393,0.852752179140225,0.5280661913042831,0.997275,0.9972625,0.99741875,0.997225,-99.55836978369263,0.9804832449555397,0.5037765755050729,0.41403675263373413,0.5175436633065593,0.4770031524584276,0.6282750402379447,0.886741762472748,0.8905,0.8699430199430199,0.6644574036557241,0.018493455601055756,0.007544905137242601,0.09443850736715831,0.04011565618871543,0.0074458120230156055,0.0021663556301938273,0.04747819715819787,0.02,32121.0,/home/joaoabitante/speculative-decoding-unlearning/saves/unlearn/sud/results/original-unlearned/target-Llama-3.1-8B-Instruct/draft-Llama-3.1-8B-Instruct_IdkDPO/forget10/a0.4_k1_s0
original-unlearned,Llama-3.1-8B-Instruct,Llama-3.1-8B-Instruct_IdkDPO,forget10,0.6,1,0,True,0.08795353394326251,0.08744326649641113,0.2596922975611342,0.03466721287609719,0.7079600935191388,0.6205211648090266,1.0229984068189572e-13,0.9049044059216976,0.5010761468626516,0.09392524947645142,0.8240834004967473,0.5620711042292907,0.98749375,0.9866125000000001,0.9345937500000001,0.9423125,-97.84024681314966,0.9604181630909443,0.4932072440487065,0.42826810177003144,0.5402605889693347,0.47810211916501777,0.633003658034417,0.7829846863770102,0.8490000000000001,0.8905982905982907,0.3593327413547886,0.02029327755284612,0.008120707235532706,0.11291715341387316,0.04977922697113854,0.00775444592473832,0.0023429063573194623,0.04914430932281538,0.02,32121.0,/home/joaoabitante/speculative-decoding-unlearning/saves/unlearn/sud/results/original-unlearned/target-Llama-3.1-8B-Instruct/draft-Llama-3.1-8B-Instruct_IdkDPO/forget10/a0.6_k1_s0
original-unlearned,Llama-3.1-8B-Instruct,Llama-3.1-8B-Instruct_IdkDPO,forget10,0.98,1,0,True,0.6508181943059556,0.5737408202982828,0.577545157966633,0.8776000319338911,0.5751606498396143,0.42410543242851284,0.00024128267657124152,0.681804273724556,0.14270629629714246,0.037136575202457604,0.8933476067782613,0.6336672581650052,0.41315625,0.37981875,0.343025,0.38479375,0.05142269454090409,0.8065636080503463,0.47997583914908903,0.459155156971401,0.5991533661414425,0.47756787615334284,0.6560225730726037,0.3262768665548896,0.1978333333333333,0.4323361823361823,0.05288279811391046,0.01841811624952243,0.007528177932015705,0.13634812601609156,0.06352616977080197,0.005771820474158934,0.002255956046409667,0.02606933494779514,0.022,32121.0,/home/joaoabitante/speculative-decoding-unlearning/saves/unlearn/sud/results/original-unlearned/target-Llama-3.1-8B-Instruct/draft-Llama-3.1-8B-Instruct_IdkDPO/forget10/a0.98_k1_s0
original-unlearned,Llama-3.1-8B-Instruct,Llama-3.1-8B-Instruct_IdkDPO,forget10,0.99,1,0,True,0.6146822915820332,0.5207393671386823,0.584296224755587,0.8585679260785123,0.4989075885631445,0.3466386520024674,0.0005832940307390987,0.6743652934581041,0.1396403261346994,0.035814261385821736,0.8897510272124782,0.6347321372619166,0.38955625000000005,0.35645000000000004,0.3192375,0.3691,3.8214120060785355,0.7978373691625893,0.4797281972397542,0.45972968710502343,0.600668076389686,0.4772416965106151,0.6560649982148004,0.2957055394233001,0.11033333333333334,0.36752136752136755,0.04886299434389598,0.018082861930743092,0.007409665752465326,0.1361399477114901,0.06352111188558957,0.005626876270322706,0.0022242434523331482,0.025365885756240464,0.02,32121.0,/home/joaoabitante/speculative-decoding-unlearning/saves/unlearn/sud/results/original-unlearned/target-Llama-3.1-8B-Instruct/draft-Llama-3.1-8B-Instruct_IdkDPO/forget10/a0.99_k1_s0
original-unlearned,Llama-3.1-8B-Instruct,Llama-3.1-8B-Instruct_IdkDPO,forget10,0.995,1,0,True,0.587630888687313,0.48574950394781435,0.5879279564192039,0.8418837302271709,0.4511526967822482,0.30419901463822635,0.0007748993373290397,0.6704297155886888,0.1370421651533463,0.03516150849332916,0.8727776121278293,0.6353028348722168,0.3778125,0.344425,0.30758125000000003,0.36158124999999997,5.76135836483715,0.7933276519365609,0.4796044277517141,0.4600039264209323,0.6014134160515705,0.47706473270749966,0.6560621254349271,0.32163475784572115,0.078,0.3504273504273504,0.04353460228049965,0.017909540630935226,0.007347436550619147,0.136005607356783,0.06350482984365773,0.005553284108006362,0.0022074660311623673,0.025014946459516064,0.019,32121.0,/home/joaoabitante/speculative-decoding-unlearning/saves/unlearn/sud/results/original-unlearned/target-Llama-3.1-8B-Instruct/draft-Llama-3.1-8B-Instruct_IdkDPO/forget10/a0.995_k1_s0
original-unlearned,Llama-3.1-8B-Instruct,Llama-3.1-8B-Instruct_IdkNLL,forget10,0.1,1,0,True,0.0028213813837998617,0.0028207686055259176,0.005666301372495071,0.0011293815371411745,0.7211920038901258,0.6182057422921162,9.46850627170962e-25,0.9984464375674724,0.9830779446366776,0.07569831768400036,0.8653497292054817,0.4831857913270669,0.9990625,0.9990625,0.99896875,0.9996,-99.84875676462944,0.9897836904227734,0.5205492556702447,0.39418793442545386,0.4957900946499775,0.46845468556690323,0.6121966782793673,0.9366027754844791,0.9023333333333332,0.8857549857549857,0.9316351453688893,0.015016944614799285,0.006277646023250722,0.07008185606799089,0.028004675894224677,0.006364291190687559,0.0017494526627732483,0.03048668220239051,3761.358,35620.8,/home/joaoabitante/speculative-decoding-unlearning/saves/unlearn/sud/results/original-unlearned/target-Llama-3.1-8B-Instruct/draft-Llama-3.1-8B-Instruct_IdkNLL/forget10/a0.1_k1_s0
original-unlearned,Llama-3.1-8B-Instruct,Llama-3.1-8B-Instruct_IdkNLL,forget10,0.2,1,0,True,0.0044125897047074475,0.004411058979920048,0.0074034658288767265,0.0018402366067840137,0.7180777773160189,0.6140483899119316,2.0132797133922014e-23,0.9979781290888786,0.9765094632289011,0.08430452173575759,0.8645452440483495,0.49172035180383344,0.9982625,0.9983000000000001,0.99904375,0.99924375,-99.7257456129826,0.9868923802673817,0.511251128473445,0.39453149720748826,0.49742034129504004,0.4620853095841021,0.60704028077215,0.9299346628593679,0.8855,0.8877492877492879,0.9160341830021983,0.014490787387621822,0.005957211968912008,0.07722325555514545,0.03182035389451709,0.006198011606467541,0.0017462867786598119,0.03521028206046321,3710.178,35620.8,/home/joaoabitante/speculative-decoding-unlearning/saves/unlearn/sud/results/original-unlearned/target-Llama-3.1-8B-Instruct/draft-Llama-3.1-8B-Instruct_IdkNLL/forget10/a0.2_k1_s0
original-unlearned,Llama-3.1-8B-Instruct,Llama-3.1-8B-Instruct_IdkNLL,forget10,0.3,1,0,True,0.006304656513355147,0.006301511466573801,0.013796776940086443,0.002487770956882014,0.718489678570869,0.6137617412332793,1.876936326891253e-22,0.9961757351458073,0.9605244299697815,0.09331092169508338,0.8663107887981459,0.5001042314088312,0.9977625,0.99779375,0.99905,0.99863125,-99.64407427459412,0.981429478675127,0.5022285069542292,0.39517942516733073,0.4999930551477474,0.45607247817697444,0.6004023634732134,0.9113549978675956,0.9279999999999999,0.9173789173789174,0.8870032367348334,0.014074160431737254,0.005689776944538567,0.08455292161903344,0.03585832911757762,0.006036187856298055,0.001753311297229676,0.040335660221811856,3728.712,35620.8,/home/joaoabitante/speculative-decoding-unlearning/saves/unlearn/sud/results/original-unlearned/target-Llama-3.1-8B-Instruct/draft-Llama-3.1-8B-Instruct_IdkNLL/forget10/a0.3_k1_s0
original-unlearned,Llama-3.1-8B-Instruct,Llama-3.1-8B-Instruct_IdkNLL,forget10,0.4,1,0,True,0.007733462374104594,0.007728412903835986,0.02598045902060426,0.0028733484632997067,0.7101844838974779,0.6018509500041841,1.6623182901932567e-21,0.9926536865532398,0.9322457885608127,0.10236139510991052,0.8660792757431045,0.508671165338779,0.9975312500000001,0.9975312500000001,0.9990375,0.99803125,-99.60172617320751,0.971396349966526,0.4932087852263104,0.39632473207122554,0.5040238696705649,0.4503808852885661,0.593786594739457,0.8427453823602494,0.8504999999999999,0.8905982905982907,0.8151170332292557,0.01374544881095062,0.005468200045024315,0.09182421055855229,0.040005999633727474,0.00587003455684074,0.001770661000057533,0.04572640597412828,3713.832,35620.8,/home/joaoabitante/speculative-decoding-unlearning/saves/unlearn/sud/results/original-unlearned/target-Llama-3.1-8B-Instruct/draft-Llama-3.1-8B-Instruct_IdkNLL/forget10/a0.4_k1_s0
original-unlearned,Llama-3.1-8B-Instruct,Llama-3.1-8B-Instruct_IdkNLL,forget10,0.5,1,0,True,0.009354476754829947,0.009346853352294567,0.05292783846400787,0.0033290745903454154,0.7019329281971062,0.593047391956755,6.916893189690245e-21,0.9847023126482963,0.8601118488985959,0.11086364000104368,0.8597940698568709,0.5176029692486425,0.9974500000000001,0.9974500000000001,0.9987937499999999,0.9975812500000001,-99.58861842754021,0.9532496778666973,0.4840034207884713,0.3980114092515896,0.5085616021308281,0.44514701705308185,0.5893175150476192,0.7467803095554691,0.8621666666666666,0.8774928774928775,0.7081090799677284,0.013496892215116532,0.005281190716086722,0.09867542311782017,0.04409834354793038,0.005692644296519422,0.0017959407006183851,0.051133013057668,3702.692,35620.8,/home/joaoabitante/speculative-decoding-unlearning/saves/unlearn/sud/results/original-unlearned/target-Llama-3.1-8B-Instruct/draft-Llama-3.1-8B-Instruct_IdkNLL/forget10/a0.5_k1_s0
original-unlearned,Llama-3.1-8B-Instruct,Llama-3.1-8B-Instruct_IdkNLL,forget10,0.6,1,0,True,0.01247749870883651,0.01246292391734119,0.0929666764400255,0.004381345791663332,0.6964331814495,0.5823899631768447,5.627715395305929e-20,0.9722068659961224,0.7508476239604979,0.11776157460175454,0.866015829751268,0.5266007518425857,0.99729375,0.99731875,0.9976625000000001,0.997025,-99.5674443768469,0.9215920101106166,0.47444130825576236,0.39998444032103286,0.5133292828135708,0.440374728626259,0.5838282224801989,0.6620132570721289,0.8554999999999999,0.8699430199430199,0.5801910643448249,0.013304545290957322,0.005115311387094172,0.10462011816445738,0.04791054550004855,0.005499034225112307,0.0018290091094905145,0.05608176018716767,3855.945,35620.8,/home/joaoabitante/speculative-decoding-unlearning/saves/unlearn/sud/results/original-unlearned/target-Llama-3.1-8B-Instruct/draft-Llama-3.1-8B-Instruct_IdkNLL/forget10/a0.6_k1_s0
original-unlearned,Llama-3.1-8B-Instruct,Llama-3.1-8B-Instruct_IdkNLL,forget10,0.7,1,0,True,0.020041660786080693,0.01999909549429129,0.16519516455870561,0.0070333578940226784,0.687214674629225,0.5637805312331025,3.2024272501633618e-18,0.9470565611124039,0.5694595852923855,0.12143008657731116,0.8798488304554485,0.5362429390306813,0.9965437500000001,0.99661875,0.9942249999999999,0.994125,-99.45451610648256,0.8702049227058888,0.46420959666468015,0.40185050150305424,0.5165121509831063,0.435955794318268,0.5771658038140443,0.5766878707914835,0.7638333333333333,0.8575498575498577,0.40870058862482833,0.013107669236396759,0.004953017153244679,0.10903842069441452,0.051152727640459146,0.005272524124323088,0.0018673862669305425,0.05976572869779193,4617.499,35620.8,/home/joaoabitante/speculative-decoding-unlearning/saves/unlearn/sud/results/original-unlearned/target-Llama-3.1-8B-Instruct/draft-Llama-3.1-8B-Instruct_IdkNLL/forget10/a0.7_k1_s0
original-unlearned,Llama-3.1-8B-Instruct,Llama-3.1-8B-Instruct_IdkNLL,forget10,0.8,1,0,True,0.04220011657595978,0.04197959646062828,0.2714868293586891,0.015168157404655462,0.6762033021796611,0.5398744903045289,1.4921665744660114e-16,0.9017641799151898,0.3707333253750846,0.11947958884760737,0.9046433467639144,0.5466720897412526,0.9931062500000001,0.993275,0.9885,0.98136875,-98.91508195786726,0.793468966782093,0.4534120397793058,0.40309609413308095,0.5222030533006448,0.4317313963863254,0.5740964622817648,0.4838235116947914,0.6934999999999999,0.805128205128205,0.21604695506030866,0.012773695571895586,0.004764592678704044,0.1111846430390142,0.05346416371122137,0.004969302578332701,0.0019011920050170299,0.06087134415528272,3920.305,35620.8,/home/joaoabitante/speculative-decoding-unlearning/saves/unlearn/sud/results/original-unlearned/target-Llama-3.1-8B-Instruct/draft-Llama-3.1-8B-Instruct_IdkNLL/forget10/a0.8_k1_s0
original-unlearned,Llama-3.1-8B-Instruct,Llama-3.1-8B-Instruct_IdkNLL,forget10,0.9,1,0,True,0.11785415670787296,0.1158019629341124,0.37913931620664326,0.046969608322696095,0.6547610338648036,0.5054638220059249,1.8397341057158477e-14,0.8413819363713264,0.24951849949628724,0.1104058829229325,0.9292224628839176,0.5589173392635388,0.9782937500000001,0.9782250000000001,0.9692875000000001,0.9394375,-96.48712414503426,0.6891264732182026,0.44177843534977457,0.4035370593615898,0.5296097956265515,0.4274823929613229,0.572751171666344,0.4094553724559445,0.5815,0.6769230769230768,0.08037948430792528,0.012049647259341328,0.004489639361275345,0.11020157836261206,0.05441321351408748,0.004495973098548423,0.0019055014993317645,0.05841932284057839,3524.836,35620.8,/home/joaoabitante/speculative-decoding-unlearning/saves/unlearn/sud/results/original-unlearned/target-Llama-3.1-8B-Instruct/draft-Llama-3.1-8B-Instruct_IdkNLL/forget10/a0.9_k1_s0
original-unlearned,Llama-3.1-8B-Instruct,Llama-3.1-8B-Instruct_IdkNLL,forget10,0.95,1,0,True,0.19025843549722213,0.18414039246779157,0.43594634407525473,0.08413016832275164,0.6297929633765146,0.4735489250545025,3.1252666340221845e-13,0.8016724371910096,0.19801324428936568,0.10349761124234647,0.9399091954901815,0.5646756303722972,0.96104375,0.9606750000000001,0.9432500000000001,0.8987562499999999,-93.65585108090006,0.6276951232179999,0.4354258305210649,0.4035026309490533,0.5333075289724801,0.4251863493531169,0.5711241100441562,0.3747589044268924,0.44233333333333336,0.5779202279202279,0.04267257098176747,0.011458759198408188,0.0042881296759366095,0.10827651103027165,0.054237885308801984,0.004165184765632689,0.0018817065726073532,0.055948286515777,3128.074,35620.8,/home/joaoabitante/speculative-decoding-unlearning/saves/unlearn/sud/results/original-unlearned/target-Llama-3.1-8B-Instruct/draft-Llama-3.1-8B-Instruct_IdkNLL/forget10/a0.95_k1_s0
original-unlearned,Llama-3.1-8B-Instruct,Llama-3.1-8B-Instruct_IdkNLL,forget10,0.98,1,0,True,0.24423211014109472,0.233543498132953,0.46464191346181455,0.11756053578330565,0.6154049738547568,0.45722188915637035,1.6027740307205098e-12,0.7792797759175301,0.17227789514709024,0.09877359087811782,0.9409368300950155,0.5680451310662342,0.9447437499999999,0.9445,0.9190624999999999,0.8695999999999999,-91.04640140498152,0.588542459756136,0.4313351534829344,0.4034052298125287,0.5353857620156286,0.42367908481222966,0.5696875194359636,0.359905875814452,0.37516666666666665,0.5680911680911681,0.044455618313466096,0.011024407814720688,0.004138207829020143,0.10661059025907889,0.05389464594354866,0.00393716327885078,0.0018542056371398405,0.054141532810579526,3417.2,35620.8,/home/joaoabitante/speculative-decoding-unlearning/saves/unlearn/sud/results/original-unlearned/target-Llama-3.1-8B-Instruct/draft-Llama-3.1-8B-Instruct_IdkNLL/forget10/a0.98_k1_s0
original-unlearned,Llama-3.1-8B-Instruct,Llama-3.1-8B-Instruct_IdkNLL,forget10,0.99,1,0,True,0.2635063993882548,0.25077278397626734,0.4754782920195228,0.1307544567793326,0.6120496259595132,0.4520892999204751,2.734462451060329e-12,0.7702587819099427,0.16363301222774987,0.09711854380322621,0.9471880972303915,0.5692667411160001,0.93829375,0.9381062500000001,0.9092,0.85845625,-90.01492264977881,0.5751906538382172,0.42993073189111103,0.4033596085206861,0.5360788065677446,0.4231470775716062,0.5690232449883105,0.35320325870618247,0.4136666666666666,0.46965811965811965,0.03630566646345719,0.010866901721526575,0.004082827125650052,0.10596658222842961,0.053738300703937855,0.003857000035039088,0.0018423811422401122,0.053491458037286076,3492.179,35620.8,/home/joaoabitante/speculative-decoding-unlearning/saves/unlearn/sud/results/original-unlearned/target-Llama-3.1-8B-Instruct/draft-Llama-3.1-8B-Instruct_IdkNLL/forget10/a0.99_k1_s0
original-unlearned,Llama-3.1-8B-Instruct,Llama-3.1-8B-Instruct_IdkNLL,forget10,0.995,1,0,False,,,,,,,2.734462451060329e-12,,,0.09627737764734774,,0.569900482591711,,,,,,,,,,,,,,,,,,,,,,0.05315797702866257,,,/home/joaoabitante/speculative-decoding-unlearning/saves/unlearn/sud/results/original-unlearned/target-Llama-3.1-8B-Instruct/draft-Llama-3.1-8B-Instruct_IdkNLL/forget10/a0.995_k1_s0
original-unlearned,Llama-3.1-8B-Instruct,Llama-3.1-8B-Instruct_NPO,forget01,0.1,1,0,True,0.0,0.0,0.031209321158274808,0.0,0.7257165198208352,0.6265158237072633,0.01430154804770646,0.9914872154593468,0.8685223121626222,0.07113671835977584,0.8622413039207458,0.4965184503472709,1.0,1.0,1.0,1.0,-99.99999998,0.9900042863190174,0.5277047189033982,0.4011394413934459,0.5076708994730194,0.4789696176004921,0.6218831022315824,0.9471638118494263,0.9343333333333333,0.8507122507122507,0.8819814684680132,0.0156028197825799,0.006556860865133249,0.061192010364029555,0.02365398679723544,0.006221016081364799,0.0016630162758166324,0.030273278651293367,2140.343,34368.7,/home/joaoabitante/speculative-decoding-unlearning/saves/unlearn/sud/results/original-unlearned/target-Llama-3.1-8B-Instruct/draft-Llama-3.1-8B-Instruct_NPO/forget01/a0.1_k1_s0
original-unlearned,Llama-3.1-8B-Instruct,Llama-3.1-8B-Instruct_NPO,forget01,0.2,1,0,True,0.0,0.0,0.1829422358320973,0.0,0.7413475140337905,0.632449508833994,0.02860307028023343,0.9420056641101837,0.36995740306655367,0.06923487819731236,0.8955467950552702,0.5101565123419194,1.0,1.0,0.994375,0.999375,-99.99999998,0.9850503426790237,0.5262222675013207,0.4079760942006441,0.5212489844168928,0.4821948243222182,0.6253523683543775,0.9408668337152928,0.9279999999999999,0.8834757834757836,0.6905568339840593,0.015593866285689728,0.006467824582527993,0.05861336370813661,0.022556258644817796,0.005913990456268342,0.0015768923349735778,0.03140413157234434,2169.232,34368.7,/home/joaoabitante/speculative-decoding-unlearning/saves/unlearn/sud/results/original-unlearned/target-Llama-3.1-8B-Instruct/draft-Llama-3.1-8B-Instruct_NPO/forget01/a0.2_k1_s0
original-unlearned,Llama-3.1-8B-Instruct,Llama-3.1-8B-Instruct_NPO,forget01,0.3,1,0,True,0.026231353397944607,0.02618180998737935,0.2967183833595511,0.009121614742991044,0.7315057921152653,0.6315292664192881,0.054141077480362725,0.892589670419693,0.17277813186821217,0.06276561436243355,0.8690902724862098,0.5277406915696473,0.995625,0.9981249999999999,0.938125,0.99,-99.62499998007497,0.9749785326421261,0.524745164546219,0.4152924568598803,0.5322866083531007,0.4853197295967754,0.6304209607411833,0.8744156502364966,0.899,0.8846153846153846,0.5103842858801328,0.01560502892576551,0.006403460356798634,0.055574432712746785,0.02124782050089562,0.005594601034902855,0.0014964785511789279,0.030790351041359826,2088.857,34368.7,/home/joaoabitante/speculative-decoding-unlearning/saves/unlearn/sud/results/original-unlearned/target-Llama-3.1-8B-Instruct/draft-Llama-3.1-8B-Instruct_NPO/forget01/a0.3_k1_s0
original-unlearned,Llama-3.1-8B-Instruct,Llama-3.1-8B-Instruct_NPO,forget01,0.4,1,0,True,0.19585913201870728,0.19335405749362355,0.3726619056087161,0.08884401011368925,0.7256626435418673,0.6343173553478918,0.09707484379785862,0.8510818287730217,0.13108109694545086,0.05304241359699517,0.84774233661592,0.551991044295767,0.966875,0.97,0.7681250000000001,0.9562499999999999,-93.99999998119999,0.9574717544764281,0.523021564595347,0.423093484695551,0.5451672619765369,0.4883316096442887,0.6355587643519263,0.8514742139422786,0.9129999999999999,0.8746438746438747,0.4386283917635291,0.015621172491719335,0.006364360908246956,0.052185868955566546,0.019788509587328543,0.005265179173546054,0.001422308586112129,0.028626163256121794,2043.802,34368.7,/home/joaoabitante/speculative-decoding-unlearning/saves/unlearn/sud/results/original-unlearned/target-Llama-3.1-8B-Instruct/draft-Llama-3.1-8B-Instruct_NPO/forget01/a0.4_k1_s0
original-unlearned,Llama-3.1-8B-Instruct,Llama-3.1-8B-Instruct_NPO,forget01,0.5,1,0,True,0.35626360571261817,0.34902631155873115,0.4228931132178299,0.214809164203318,0.7138918257579556,0.6347667026106425,0.16497269950224194,0.8200449123978615,0.11973025794187575,0.04204549258574843,0.8155522858723998,0.5807853738042627,0.9275000000000001,0.9237500000000001,0.573125,0.8775,-84.74999998305002,0.9314491840451956,0.5211747128794316,0.431360056918096,0.5579142839692516,0.49120399621762734,0.6422658967086918,0.7919325732082443,0.8973333333333332,0.9045584045584045,0.4001165485803876,0.01562899049327825,0.006349076339710576,0.048580426773405634,0.018237214996575987,0.004928168280303756,0.0013545294017238702,0.02509051355358679,0.565,14315.6,/home/joaoabitante/speculative-decoding-unlearning/saves/unlearn/sud/results/original-unlearned/target-Llama-3.1-8B-Instruct/draft-Llama-3.1-8B-Instruct_NPO/forget01/a0.5_k1_s0
original-unlearned,Llama-3.1-8B-Instruct,Llama-3.1-8B-Instruct_NPO,forget01,0.6,1,0,True,0.4947113688457654,0.48002081657155143,0.47759047415668965,0.3898841492204196,0.7115242641930618,0.6285274572006753,0.5786001416508443,0.7824596807360649,0.10374621777517776,0.031741713092196734,0.8197752708103507,0.6135007930614239,0.858125,0.855,0.4125,0.765,-70.9999999858,0.8967971109598875,0.5198416396420188,0.440010274959461,0.5703288451835694,0.49392808607154576,0.6476505778734566,0.7237108604472512,0.8773333333333332,0.8589743589743589,0.3719895796830575,0.01562555241634982,0.0063543654802163865,0.04487355930439662,0.016643899055603827,0.0045869441208653446,0.0012929606925835202,0.02085164017160423,1995.027,34368.7,/home/joaoabitante/speculative-decoding-unlearning/saves/unlearn/sud/results/original-unlearned/target-Llama-3.1-8B-Instruct/draft-Llama-3.1-8B-Instruct_NPO/forget01/a0.6_k1_s0
original-unlearned,Llama-3.1-8B-Instruct,Llama-3.1-8B-Instruct_NPO,forget01,0.7,1,0,True,0.6025741129277942,0.5798954245836091,0.5155984713782854,0.6095911449425848,0.7149479642083699,0.6275852360909208,0.5786001416508443,0.751582583785057,0.09056922578350202,0.023136044130660595,0.830566628172528,0.6214193306425282,0.7306250000000001,0.7175,0.318125,0.645625,-43.4999999913,0.8547183223441244,0.518585229615215,0.44888703495953536,0.584403982332844,0.4965207315955106,0.6511543106004096,0.6875504906176494,0.8636666666666666,0.8760683760683761,0.3627232113930402,0.015614457015781227,0.006376443667647428,0.041145035841909705,0.015047302129459988,0.00424639029726696,0.001237173573518397,0.0167092034209054,2.573,14315.6,/home/joaoabitante/speculative-decoding-unlearning/saves/unlearn/sud/results/original-unlearned/target-Llama-3.1-8B-Instruct/draft-Llama-3.1-8B-Instruct_NPO/forget01/a0.7_k1_s0
original-unlearned,Llama-3.1-8B-Instruct,Llama-3.1-8B-Instruct_NPO,forget01,0.8,1,0,True,0.6606707530630205,0.6364617039790273,0.5522101124300826,0.7658213297150784,0.7021745987083023,0.6262263008203536,0.9188052214121167,0.7194702431559563,0.08293489703636839,0.016473649954423308,0.7990873688133433,0.6362332220637004,0.563125,0.5475000000000001,0.255625,0.525,-9.49999999810002,0.8070184034109116,0.5170501748243009,0.45780484759664813,0.5976842705055598,0.499002659694653,0.6536453793504627,0.645388814282581,0.887,0.8846153846153846,0.34614642666866136,0.015597848173329112,0.006413148004233604,0.03746810233526048,0.013483989105479407,0.003912233397329411,0.0011865320757005855,0.013075427649891936,2.29,14315.6,/home/joaoabitante/speculative-decoding-unlearning/saves/unlearn/sud/results/original-unlearned/target-Llama-3.1-8B-Instruct/draft-Llama-3.1-8B-Instruct_NPO/forget01/a0.8_k1_s0
original-unlearned,Llama-3.1-8B-Instruct,Llama-3.1-8B-Instruct_NPO,forget01,0.9,1,0,True,0.6425366612134562,0.6133746449828198,0.5800866185186876,0.6470152277879957,0.714512763094007,0.6166993231143328,0.7659314523482239,0.6915024518966675,0.08109643066301829,0.011546981094579679,0.8492031710222363,0.6434717664901661,0.405625,0.37812500000000004,0.215625,0.393125,24.37499999512499,0.7560197368077933,0.5153177808760951,0.46662560147638166,0.6110548777064004,0.5013772857559408,0.6566876231107805,0.6001269448876372,0.8390000000000001,0.8507122507122507,0.32399696155342683,0.015575036841082692,0.006466387064537769,0.03391378424159484,0.011986881028578214,0.003589622809208588,0.001140209878689733,0.010061722061655018,2.6,14315.6,/home/joaoabitante/speculative-decoding-unlearning/saves/unlearn/sud/results/original-unlearned/target-Llama-3.1-8B-Instruct/draft-Llama-3.1-8B-Instruct_NPO/forget01/a0.9_k1_s0
original-unlearned,Llama-3.1-8B-Instruct,Llama-3.1-8B-Instruct_NPO,forget01,0.95,1,0,True,0.6130748126839852,0.5866009186713136,0.5920435428955266,0.5564816073271911,0.7105818737252421,0.6141978055688727,0.5786001416508443,0.6769844964146614,0.07920540502199265,0.009618622409470845,0.842847139784135,0.6390990827621198,0.334375,0.30374999999999996,0.1975,0.339375,39.24999999215001,0.7298914892971515,0.5142446347936322,0.47097357714328303,0.6178450284432236,0.5025205398384626,0.6587266372797351,0.5832522720673746,0.8486666666666668,0.8361823361823362,0.31712249419117333,0.015560732963858754,0.006500918647121325,0.03219951431601657,0.011270893335752812,0.0034339599471870964,0.0011183721245013136,0.008783006295270752,2.387,14315.6,/home/joaoabitante/speculative-decoding-unlearning/saves/unlearn/sud/results/original-unlearned/target-Llama-3.1-8B-Instruct/draft-Llama-3.1-8B-Instruct_NPO/forget01/a0.95_k1_s0
original-unlearned,Llama-3.1-8B-Instruct,Llama-3.1-8B-Instruct_NPO,forget01,0.98,1,0,True,0.5918670816740382,0.5722693869498281,0.5971888181097491,0.5146624331919143,0.6890981024671703,0.6154781948775759,0.5786001416508443,0.6703561402857303,0.07920540502199265,0.008606941293692216,0.7827228375943378,0.6370352079415287,0.29999999999999993,0.269375,0.19125,0.31437499999999996,46.12499999077502,0.7141344373766333,0.5136281819411798,0.4735588422893444,0.6216715251046906,0.5031907864215979,0.6598263982425607,0.5766877140014814,0.847,0.878917378917379,0.3110934106789201,0.015551180071533964,0.006524638452286227,0.03119359522097511,0.010853049343786161,0.0033425987953518183,0.001105618365408699,0.00808410609650309,1881.892,34368.7,/home/joaoabitante/speculative-decoding-unlearning/saves/unlearn/sud/results/original-unlearned/target-Llama-3.1-8B-Instruct/draft-Llama-3.1-8B-Instruct_NPO/forget01/a0.98_k1_s0
original-unlearned,Llama-3.1-8B-Instruct,Llama-3.1-8B-Instruct_NPO,forget01,0.99,1,0,True,0.593612479033937,0.5660445097180815,0.6005389089933139,0.49954505932724896,0.7210794929649682,0.6123908291139342,0.5786001416508443,0.6661420844495296,0.07856437938096701,0.00829193252211553,0.876673754863441,0.6362239021710943,0.28812499999999996,0.25875000000000004,0.18937500000000002,0.3025,48.24999999034999,0.7088781988993287,0.5134505446293799,0.47441634832457447,0.6229071154011518,0.5034114216632373,0.660172779431487,0.5782296095674163,0.8141666666666667,0.8575498575498577,0.32515342867057,0.015547814451192608,0.006533083305233684,0.030862209888437065,0.010715816186433023,0.0033124972989376526,0.0011014193851009446,0.007862019562890055,1921.541,34368.7,/home/joaoabitante/speculative-decoding-unlearning/saves/unlearn/sud/results/original-unlearned/target-Llama-3.1-8B-Instruct/draft-Llama-3.1-8B-Instruct_NPO/forget01/a0.99_k1_s0
original-unlearned,Llama-3.1-8B-Instruct,Llama-3.1-8B-Instruct_NPO,forget01,0.995,1,0,True,0.5847822115037018,0.562385814852178,0.6031996285080878,0.49149209602894517,0.6955707190314306,0.6090247006738742,0.5786001416508443,0.6629873611032963,0.07677866509525273,0.008138412045809673,0.810788580076769,0.6358544379794548,0.28312499999999996,0.25375,0.1875,0.29625,49.249999990150016,0.7062502316758037,0.5133622157997241,0.47484425328624913,0.6235175397369324,0.503521213028018,0.6603421947316122,0.5662699746792603,0.7873333333333332,0.8564102564102564,0.3199893606087166,0.015546101996351354,0.006537412721986388,0.03069726509587781,0.010647592828151729,0.0032975147013247384,0.0010993287785170851,0.00775296538558905,1876.714,34368.7,/home/joaoabitante/speculative-decoding-unlearning/saves/unlearn/sud/results/original-unlearned/target-Llama-3.1-8B-Instruct/draft-Llama-3.1-8B-Instruct_NPO/forget01/a0.995_k1_s0
original-unlearned,Llama-3.1-8B-Instruct,Llama-3.1-8B-Instruct_NPO,forget05,0.1,1,0,True,0.0004832172343566048,0.00048320059967709263,0.01658988236693179,0.00016268820066859852,0.7231387093900132,0.6263345937173668,1.3850840057169374e-11,0.9954425504803658,0.9461963381005742,0.07417965124361217,0.8553365831170231,0.4941635447913576,0.999925,0.999925,0.999725,0.999875,-99.98835040385393,0.9896431708335877,0.5243817983452607,0.39855401863561357,0.5022545102066904,0.4755758324184221,0.6221721007618428,0.93974290494549,0.937,0.9005698005698006,0.9197170466438728,0.016585363281519674,0.007232903912280218,0.07082027013413608,0.028080913090527345,0.006861881067358506,0.0019118945628928434,0.030502905880566682,2846.858,36887.7,/home/joaoabitante/speculative-decoding-unlearning/saves/unlearn/sud/results/original-unlearned/target-Llama-3.1-8B-Instruct/draft-Llama-3.1-8B-Instruct_NPO/forget05/a0.1_k1_s0
original-unlearned,Llama-3.1-8B-Instruct,Llama-3.1-8B-Instruct_NPO,forget05,0.2,1,0,True,0.0016353495498594671,0.001635159820554671,0.05050923471371166,0.0005514843884975189,0.7226092300880389,0.6262802257500237,1.2127544312107394e-10,0.9857905066013336,0.8265345705563406,0.08326576764695347,0.8539575973479078,0.5096094030621008,0.9998,0.9998,0.9988250000000001,0.998275,-99.96893443616513,0.9865871468186378,0.5194606117251555,0.4028062266691839,0.5089156982705392,0.47577459194492683,0.6263753238320426,0.9160712743845748,0.9198333333333334,0.9031339031339031,0.8282638510295925,0.017610397319076584,0.007881957941711473,0.0790619622101076,0.032046177680265006,0.007229359799284035,0.002089117717483621,0.036384664640529085,2848.644,36887.7,/home/joaoabitante/speculative-decoding-unlearning/saves/unlearn/sud/results/original-unlearned/target-Llama-3.1-8B-Instruct/draft-Llama-3.1-8B-Instruct_NPO/forget05/a0.2_k1_s0
original-unlearned,Llama-3.1-8B-Instruct,Llama-3.1-8B-Instruct_NPO,forget05,0.3,1,0,True,0.007380200303751246,0.007376384487447806,0.11101203481488721,0.002524646971004615,0.7194159079953504,0.6248843711093923,6.865581733487208e-09,0.9669540816545487,0.6394305154048674,0.09091593419201673,0.8476465632393956,0.5269238998139795,0.99905,0.9990249999999999,0.995625,0.9948,-99.84855543649446,0.9810931487381458,0.5150075429479618,0.40754184529716136,0.5170743872186585,0.4761549315026448,0.6299723004402407,0.895220016255777,0.8905,0.8877492877492879,0.7013235596617449,0.01872058217799349,0.008623496785907668,0.08785655695712194,0.036337059368606414,0.007613440745457563,0.0022865104650403732,0.04223912384337745,2880.611,36887.7,/home/joaoabitante/speculative-decoding-unlearning/saves/unlearn/sud/results/original-unlearned/target-Llama-3.1-8B-Instruct/draft-Llama-3.1-8B-Instruct_NPO/forget05/a0.3_k1_s0
original-unlearned,Llama-3.1-8B-Instruct,Llama-3.1-8B-Instruct_NPO,forget05,0.4,1,0,True,0.029892101994377283,0.029826777763297722,0.2105547652682168,0.010611538836475618,0.7275050162596206,0.6272095260582349,8.056669472003223e-07,0.9301442620158196,0.4280244479844811,0.09447469756938517,0.8659820111095905,0.5465799173070668,0.996,0.9955999999999999,0.9803999999999999,0.9843500000000001,-99.31655792182096,0.9717571146786212,0.5108878188330882,0.41277367746703464,0.5262428500319442,0.4765732191776976,0.6344132442931781,0.8622977912663259,0.903,0.9105413105413105,0.5752159858951249,0.01991847823624994,0.009464787498075111,0.09705627584131435,0.0408836523801574,0.008010132052347671,0.0025048910700151495,0.04700938131823204,2884.495,36887.7,/home/joaoabitante/speculative-decoding-unlearning/saves/unlearn/sud/results/original-unlearned/target-Llama-3.1-8B-Instruct/draft-Llama-3.1-8B-Instruct_NPO/forget05/a0.4_k1_s0
original-unlearned,Llama-3.1-8B-Instruct,Llama-3.1-8B-Instruct_NPO,forget05,0.5,1,0,True,0.13707150667026283,0.13575945266740277,0.3081640677064006,0.057985013107310274,0.7165754337979823,0.6222587301191091,1.8266119303942767e-05,0.8856922116875648,0.2742715390668754,0.09093163771089166,0.8445914459135383,0.5701789849651602,0.9757,0.9739500000000001,0.9267249999999999,0.936125,-95.95371231811842,0.956441613137722,0.5070280636094254,0.41850276797307095,0.535435170781052,0.47683858451384226,0.6379797721426416,0.7919440904931082,0.8855,0.8834757834757836,0.45924994577029193,0.021199148991072433,0.010408792258097503,0.10640735897584819,0.04556929758636277,0.008411778684321688,0.0027441942785218897,0.049122425009496505,2.588,14315.6,/home/joaoabitante/speculative-decoding-unlearning/saves/unlearn/sud/results/original-unlearned/target-Llama-3.1-8B-Instruct/draft-Llama-3.1-8B-Instruct_NPO/forget05/a0.5_k1_s0
original-unlearned,Llama-3.1-8B-Instruct,Llama-3.1-8B-Instruct_NPO,forget05,0.6,1,0,True,0.3654586062602045,0.3566130553736806,0.4018451378996749,0.2327458541713456,0.702340303183855,0.6144670157972174,0.000648608042418048,0.8321137437224388,0.1970006123882159,0.08030902421101928,0.8195406190538779,0.6005944937383529,0.888775,0.87935,0.8104750000000001,0.7936000000000001,-81.25970797122402,0.9315155725181102,0.5034502519833702,0.4246883659567741,0.545437755119854,0.47674434388900533,0.641736676406739,0.6838045277280963,0.8879999999999998,0.8660968660968661,0.36104441039727647,0.02254509027268796,0.011449134710676583,0.11548980635008775,0.0502036969392405,0.008805818140665451,0.0030018866313044922,0.04745927872136235,2932.009,36887.7,/home/joaoabitante/speculative-decoding-unlearning/saves/unlearn/sud/results/original-unlearned/target-Llama-3.1-8B-Instruct/draft-Llama-3.1-8B-Instruct_NPO/forget05/a0.6_k1_s0
original-unlearned,Llama-3.1-8B-Instruct,Llama-3.1-8B-Instruct_NPO,forget05,0.7,1,0,True,0.580633414154071,0.5560917379630079,0.49504501804012063,0.5846227887181942,0.6962584706611016,0.6008639084940799,0.03956202584899502,0.7653145951032638,0.147371563015397,0.06334629548247904,0.8276596573926508,0.6334824963848592,0.6681750000000001,0.65435,0.619675,0.58825,-46.31096613135896,0.8912086942791939,0.49996758560658855,0.43122844558125684,0.5574249449960855,0.4760932405259202,0.6446791034261579,0.6055030695532748,0.7931666666666666,0.8478632478632477,0.3232283138410177,0.02391912969404075,0.01255629060693958,0.12364532093051821,0.05448789814947485,0.009172696593158587,0.003270511081553039,0.04139119676873088,2.563,14315.6,/home/joaoabitante/speculative-decoding-unlearning/saves/unlearn/sud/results/original-unlearned/target-Llama-3.1-8B-Instruct/draft-Llama-3.1-8B-Instruct_NPO/forget05/a0.7_k1_s0
original-unlearned,Llama-3.1-8B-Instruct,Llama-3.1-8B-Instruct_NPO,forget05,0.8,1,0,True,0.6992455059491851,0.6624963685284754,0.5851763025177033,0.90126358505325,0.6793946241917316,0.5848340736037262,0.39352743357720954,0.6826466225087643,0.09756274623625735,0.04659085602965206,0.8104315387184033,0.65466131145823,0.40222499999999994,0.39452499999999996,0.422175,0.388525,-5.952935693390341,0.8282430963218212,0.4967365394647539,0.4379459643068377,0.5690784104403654,0.47472600740996473,0.6464062616851325,0.4949103708163859,0.7871666666666667,0.845014245014245,0.29646444975645103,0.025246012451680143,0.013660436481764475,0.1299496698868461,0.0579979698982313,0.009483244059949054,0.00353719603122141,0.03386403116257861,2.415,14315.6,/home/joaoabitante/speculative-decoding-unlearning/saves/unlearn/sud/results/original-unlearned/target-Llama-3.1-8B-Instruct/draft-Llama-3.1-8B-Instruct_NPO/forget05/a0.8_k1_s0
original-unlearned,Llama-3.1-8B-Instruct,Llama-3.1-8B-Instruct_NPO,forget05,0.9,1,0,True,0.6333088374716328,0.6001541723727098,0.6532718130905765,0.5838299487032507,0.6695943916829517,0.5697578268737056,0.32811544409418575,0.6001998729258776,0.0740197948934648,0.033592248641652986,0.8118522746046074,0.6635351739410104,0.19835000000000005,0.19565000000000002,0.258125,0.22485,24.937868899512615,0.7361094210296869,0.4934287435805089,0.4445705327950615,0.5796769743810164,0.4724920234981968,0.6466585583371139,0.4409289573560143,0.762,0.8378917378917379,0.2481606103270567,0.026369159812456928,0.01463917388351881,0.13315686385612935,0.060173784270567694,0.009694152217050488,0.0037837363243882955,0.027171869556070306,2.6,14315.6,/home/joaoabitante/speculative-decoding-unlearning/saves/unlearn/sud/results/original-unlearned/target-Llama-3.1-8B-Instruct/draft-Llama-3.1-8B-Instruct_NPO/forget05/a0.9_k1_s0
original-unlearned,Llama-3.1-8B-Instruct,Llama-3.1-8B-Instruct_NPO,forget05,0.95,1,0,True,0.5388177152799104,0.5111224714626369,0.6851366374515283,0.3818645680568808,0.6713872721018108,0.5583028993554208,0.052139087188847716,0.5529178519919514,0.06507667679181293,0.028333505746122683,0.8419179306388833,0.6654422726336504,0.120675,0.12090000000000001,0.183475,0.1582,36.54861757742334,0.6781490518525243,0.49159910976445204,0.4477248704489207,0.5844570717594515,0.47096594277323683,0.6468923828357278,0.4286238919707655,0.6944999999999999,0.8163817663817663,0.23780982185629887,0.02677024142758455,0.01502762959450056,0.13310650578467176,0.0605482597924115,0.009743414345268776,0.00389073154077194,0.024176031452196184,2.45,14315.6,/home/joaoabitante/speculative-decoding-unlearning/saves/unlearn/sud/results/original-unlearned/target-Llama-3.1-8B-Instruct/draft-Llama-3.1-8B-Instruct_NPO/forget05/a0.95_k1_s0
original-unlearned,Llama-3.1-8B-Instruct,Llama-3.1-8B-Instruct_NPO,forget05,0.98,1,0,True,0.4620637149541211,0.4405803344277975,0.701436747194448,0.28166497295904847,0.6593485196150928,0.5454827992732934,0.0220923622208589,0.5254553574323654,0.06071618258047301,0.025496952030807735,0.833292503315024,0.6646757849678273,0.084375,0.085475,0.1439,0.1257,42.051102820433215,0.639801051132381,0.49038724344589285,0.449525047626446,0.5873741571542556,0.4698835923735641,0.6465606202348035,0.39173232935605584,0.6945,0.7678062678062679,0.2372631631271441,0.026933163655776297,0.015213279386924884,0.1324225114111323,0.06049174692005022,0.009749691073617063,0.003946753563801341,0.022472053951467386,3320.855,36887.7,/home/joaoabitante/speculative-decoding-unlearning/saves/unlearn/sud/results/original-unlearned/target-Llama-3.1-8B-Instruct/draft-Llama-3.1-8B-Instruct_NPO/forget05/a0.98_k1_s0
original-unlearned,Llama-3.1-8B-Instruct,Llama-3.1-8B-Instruct_NPO,forget05,0.99,1,0,True,0.4351399397057667,0.4167626030761204,0.7077719891435819,0.25317245702720753,0.6529236366929404,0.5447865003613773,0.016258459276759563,0.5143257974460721,0.05729455196090189,0.024599340767017565,0.8146215529879555,0.6637692323007337,0.07400000000000001,0.07639999999999998,0.132025,0.116,43.46070207464109,0.6264787174761295,0.48995644277975176,0.45010485886577195,0.5883670150420377,0.46949061275405246,0.6463438249181255,0.39839950585613226,0.6998333333333333,0.7431623931623931,0.24705338083655243,0.026971993901388488,0.015265870958432192,0.13207547455560417,0.060421707919348366,0.009747412752939607,0.0039637493369116825,0.0219185252795869,3375.338,36887.7,/home/joaoabitante/speculative-decoding-unlearning/saves/unlearn/sud/results/original-unlearned/target-Llama-3.1-8B-Instruct/draft-Llama-3.1-8B-Instruct_NPO/forget05/a0.99_k1_s0
original-unlearned,Llama-3.1-8B-Instruct,Llama-3.1-8B-Instruct_NPO,forget05,0.995,1,0,True,0.42131705949476655,0.4048027039424536,0.7093391268221024,0.2395801600137271,0.6507040537660069,0.54725957466132,0.011843449760085422,0.5111812209710479,0.05729455196090189,0.024159101996410755,0.802370237649884,0.6632312055632508,0.06952500000000002,0.07162500000000001,0.126175,0.11165000000000001,44.202392040353786,0.6197235785797238,0.48973545096551374,0.4503904885509762,0.5888516712828185,0.4692876817591291,0.6462147724028292,0.3928803398370407,0.7228333333333333,0.7908831908831908,0.23326219708903506,0.026988236042961945,0.015290284179227301,0.1318787507072557,0.06037670655147144,0.009745405349530452,0.003971897420618175,0.021644394218339587,3325.7,36887.7,/home/joaoabitante/speculative-decoding-unlearning/saves/unlearn/sud/results/original-unlearned/target-Llama-3.1-8B-Instruct/draft-Llama-3.1-8B-Instruct_NPO/forget05/a0.995_k1_s0
original-unlearned,Llama-3.1-8B-Instruct,Llama-3.1-8B-Instruct_NPO,forget10,0.1,1,0,True,0.0036575504150444162,0.003656572244216193,0.012304633498371475,0.0013557899131259872,0.7280698388189739,0.6277809826943743,9.46850627170962e-25,0.9966117623448372,0.9626903856785545,0.07591006326605566,0.8664933102531358,0.48609290764863744,0.9988750000000001,0.9988937500000001,0.9990749999999999,0.9994625,-99.82153298516666,0.990139966160059,0.5255607776865845,0.4011770785976994,0.504759133328493,0.48197665012503166,0.6285613210539692,0.9276293176191601,0.919,0.8945868945868947,0.9133472225968998,0.016464262307399623,0.007040606204662911,0.069399286423577,0.027314333129074206,0.006817526157925992,0.0018404326837453487,0.0309840443123976,0.02,32121.0,/home/joaoabitante/speculative-decoding-unlearning/saves/unlearn/sud/results/original-unlearned/target-Llama-3.1-8B-Instruct/draft-Llama-3.1-8B-Instruct_NPO/forget10/a0.1_k1_s0
original-unlearned,Llama-3.1-8B-Instruct,Llama-3.1-8B-Instruct_NPO,forget10,0.2,1,0,True,0.007857534103508701,0.00785308813574371,0.035059936701587704,0.0028416384477088857,0.7315648234734038,0.6316777652333881,3.9054713571083378e-22,0.9902576619386673,0.8801931387944067,0.08363353088498116,0.8689757582033053,0.49812246823661654,0.99785,0.9978687500000001,0.9986187500000001,0.99848125,-99.65617373213315,0.9877671499550342,0.5218861756966147,0.40825559413750734,0.5130625654804166,0.489382387664123,0.6389943283178883,0.9465812354420894,0.943,0.8364672364672365,0.8505779719645549,0.01742561398379621,0.007440527880990617,0.07589133865665644,0.03031283981947662,0.007129116884294338,0.0019238287956882957,0.03601319575007074,1608.636,35622.3,/home/joaoabitante/speculative-decoding-unlearning/saves/unlearn/sud/results/original-unlearned/target-Llama-3.1-8B-Instruct/draft-Llama-3.1-8B-Instruct_NPO/forget10/a0.2_k1_s0
original-unlearned,Llama-3.1-8B-Instruct,Llama-3.1-8B-Instruct_NPO,forget10,0.3,1,0,True,0.0171926147155449,0.01717259437977113,0.08897706740160335,0.006176902131870018,0.7346315360537891,0.6391179115591068,2.213522258546535e-19,0.9737896658480167,0.7331016301338803,0.08939731851918623,0.8637094744481146,0.5108307846509109,0.9970125000000001,0.99705625,0.99354375,0.9954250000000001,-99.52509627546027,0.9836097013950348,0.518767976681901,0.4157241134424728,0.5206216400866858,0.4971855002130726,0.6481377504258088,0.9256535445198874,0.938,0.9002849002849003,0.7565527834304844,0.018546236248403146,0.007869389512495502,0.08266317206318491,0.03343309485991722,0.007466879464035023,0.002012051712825611,0.040770593818946516,4047.872,35620.8,/home/joaoabitante/speculative-decoding-unlearning/saves/unlearn/sud/results/original-unlearned/target-Llama-3.1-8B-Instruct/draft-Llama-3.1-8B-Instruct_NPO/forget10/a0.3_k1_s0
original-unlearned,Llama-3.1-8B-Instruct,Llama-3.1-8B-Instruct_NPO,forget10,0.4,1,0,True,0.04415047682894262,0.04401936736091763,0.1982148876713356,0.01625015764293239,0.7317742133583178,0.6373788117172506,1.1781277220965948e-17,0.934120649844408,0.50078362611738,0.08930601925123482,0.8589901089062915,0.5264120664349702,0.9937812500000001,0.9935687500000001,0.9757125000000001,0.9765875,-98.96247149989516,0.9767523483932018,0.515557245922608,0.42430206733058917,0.5317833654271925,0.5054525554872471,0.6622611340639138,0.8662671862886442,0.8615,0.8960113960113961,0.588482396428367,0.019823922044088248,0.008351865918899113,0.08943863246007823,0.03661898086323521,0.007779921852893493,0.0020986908281479207,0.04335728495789226,4369.263,35620.8,/home/joaoabitante/speculative-decoding-unlearning/saves/unlearn/sud/results/original-unlearned/target-Llama-3.1-8B-Instruct/draft-Llama-3.1-8B-Instruct_NPO/forget10/a0.4_k1_s0
original-unlearned,Llama-3.1-8B-Instruct,Llama-3.1-8B-Instruct_NPO,forget10,0.5,1,0,True,0.14513388890436596,0.14387517999001656,0.30910232230804247,0.062270399800618444,0.7265332369860272,0.6421624252773337,1.8397341057158477e-14,0.8828214980661869,0.32843287568835533,0.08066937301075086,0.8364276804425753,0.5464756624978037,0.9757187500000001,0.9740624999999999,0.9094937499999999,0.92558125,-95.8156042516178,0.9655308586359024,0.5122276956964369,0.43364314162898226,0.5458309093456224,0.5143006345098271,0.6753032374613416,0.8191062997395864,0.8873333333333333,0.896011396011396,0.4634854670821555,0.021258001762180356,0.008888627798346602,0.09604227374540641,0.03979790313520027,0.008070009082148315,0.002184531734148228,0.04206553712661844,0.021,32121.0,/home/joaoabitante/speculative-decoding-unlearning/saves/unlearn/sud/results/original-unlearned/target-Llama-3.1-8B-Instruct/draft-Llama-3.1-8B-Instruct_NPO/forget10/a0.5_k1_s0
original-unlearned,Llama-3.1-8B-Instruct,Llama-3.1-8B-Instruct_NPO,forget10,0.6,1,0,True,0.3662119571434251,0.3590281397967614,0.4040307959688355,0.23137016169574656,0.7169281885520171,0.6415381957222256,9.906736183347326e-11,0.8270850448310375,0.22712637056405588,0.06537951237987727,0.8123964965291088,0.5703790522867405,0.8999875,0.8913625,0.72234375,0.80648125,-82.47393573857525,0.9478504806756973,0.5095325264604724,0.44342546954528006,0.5620700393991703,0.5225324781379577,0.6897698079827599,0.7503769261083473,0.8775,0.8763532763532763,0.3793582085683424,0.022880722179397708,0.00946747667557039,0.1024132510938216,0.042838555684547135,0.008383053297472241,0.0022880895946721883,0.03713762529988889,4860.39,35620.8,/home/joaoabitante/speculative-decoding-unlearning/saves/unlearn/sud/results/original-unlearned/target-Llama-3.1-8B-Instruct/draft-Llama-3.1-8B-Instruct_NPO/forget10/a0.6_k1_s0
original-unlearned,Llama-3.1-8B-Instruct,Llama-3.1-8B-Instruct_NPO,forget10,0.7,1,0,True,0.5619100209031707,0.5478167743745448,0.4771697746205367,0.5456102331466802,0.7090022667318631,0.6460853123037639,3.089852009867272e-06,0.7737328623980284,0.17408792031319126,0.049659669707762075,0.7854952086121193,0.588176945447766,0.7266250000000001,0.71283125,0.45306875,0.632325,-53.67218535503081,0.9207303716242313,0.506564273733704,0.4539030018203236,0.5760386488541426,0.5318509231116041,0.7068045950487373,0.6931471602350292,0.912,0.9119658119658118,0.33582922120788167,0.02456003586339648,0.010093892067599287,0.10802104584872722,0.04562712482997756,0.008642017189264758,0.0023831989339212294,0.03127374288364081,0.019,32121.0,/home/joaoabitante/speculative-decoding-unlearning/saves/unlearn/sud/results/original-unlearned/target-Llama-3.1-8B-Instruct/draft-Llama-3.1-8B-Instruct_NPO/forget10/a0.7_k1_s0
original-unlearned,Llama-3.1-8B-Instruct,Llama-3.1-8B-Instruct_NPO,forget10,0.8,1,0,True,0.6496725106968408,0.6272963577388222,0.5513917467671043,0.7217650888226658,0.7049073237447272,0.6315748598615374,0.0013468720321565051,0.7069327174127102,0.12048065415480458,0.03624240967095829,0.7975061504048062,0.5996660733434441,0.50043125,0.48576874999999997,0.25493125,0.44239375000000003,-17.041077655602475,0.8803540144860744,0.503985521092637,0.46499730897186276,0.5884160432849348,0.540664637837067,0.7194664306124864,0.6166765670654555,0.8061666666666667,0.8485754985754985,0.2980847491673771,0.02630644654214848,0.010735654699755109,0.11256213023094461,0.04793614553143538,0.008868452622167147,0.002486870290047152,0.025623264676076358,0.018,32121.0,/home/joaoabitante/speculative-decoding-unlearning/saves/unlearn/sud/results/original-unlearned/target-Llama-3.1-8B-Instruct/draft-Llama-3.1-8B-Instruct_NPO/forget10/a0.8_k1_s0
original-unlearned,Llama-3.1-8B-Instruct,Llama-3.1-8B-Instruct_NPO,forget10,0.9,1,0,True,0.6174684429842463,0.5965923661423908,0.6099875776117749,0.5614593059639315,0.6953632608557169,0.6218485808224784,0.02424717195471133,0.6398759371042252,0.09472062659879618,0.02571914567517524,0.788590047591133,0.6061854067595172,0.27670625,0.26475625,0.15016875,0.2799375,18.61400713567702,0.8222692578285933,0.501325365253873,0.4766017377269559,0.6015356756064703,0.5490353096940809,0.7285338188561489,0.5445410207317791,0.779,0.8421652421652421,0.2783201420347798,0.027966428603976964,0.011358829759571493,0.11534627565881238,0.04951701308760494,0.009011010302455512,0.002587361200515687,0.02054550976918108,0.019,32121.0,/home/joaoabitante/speculative-decoding-unlearning/saves/unlearn/sud/results/original-unlearned/target-Llama-3.1-8B-Instruct/draft-Llama-3.1-8B-Instruct_NPO/forget10/a0.9_k1_s0
original-unlearned,Llama-3.1-8B-Instruct,Llama-3.1-8B-Instruct_NPO,forget10,0.95,1,0,True,0.5428017423383449,0.527606471624702,0.6382633899926624,0.4044899750986253,0.6720974994209944,0.607144029376933,0.15461291961180293,0.602710937447846,0.0806777505822544,0.021478363768474083,0.7526135911232268,0.609667404130713,0.18758125000000003,0.17770625,0.11293750000000001,0.2128625,32.6574441859836,0.7853348073363304,0.4999086071955864,0.4824841602654181,0.6093860347966897,0.5528807413965799,0.7320490407843985,0.4879679039979219,0.7434999999999999,0.7891737891737892,0.2598300373714331,0.028702920133364385,0.011648064023648836,0.11581424305681139,0.0499308075308586,0.009035864829793355,0.0026339220030713643,0.01826441355955103,0.019,32121.0,/home/joaoabitante/speculative-decoding-unlearning/saves/unlearn/sud/results/original-unlearned/target-Llama-3.1-8B-Instruct/draft-Llama-3.1-8B-Instruct_NPO/forget10/a0.95_k1_s0
original-unlearned,Llama-3.1-8B-Instruct,Llama-3.1-8B-Instruct_NPO,forget10,0.98,1,0,True,0.4921969994518991,0.4786576763966614,0.6553024225066746,0.3232421528534262,0.6777586111882205,0.6068482988175442,0.4680435421303692,0.5777623604983091,0.07509549689654134,0.019232175158176688,0.7674333049898269,0.6116524729244717,0.14399374999999998,0.1366625,0.09235624999999999,0.17881874999999997,39.27887232422047,0.7604926736280322,0.4992565203636634,0.4859119660845891,0.6142332168511572,0.5541764067615252,0.7339826215411652,0.4777942583352692,0.7195,0.8495726495726497,0.26870481837888804,0.029185330105246977,0.011826800011737146,0.11576375889359042,0.05000991948580804,0.009033410983957236,0.002669361784691438,0.016977510487686233,5232.742,35620.8,/home/joaoabitante/speculative-decoding-unlearning/saves/unlearn/sud/results/original-unlearned/target-Llama-3.1-8B-Instruct/draft-Llama-3.1-8B-Instruct_NPO/forget10/a0.98_k1_s0
original-unlearned,Llama-3.1-8B-Instruct,Llama-3.1-8B-Instruct_NPO,forget10,0.99,1,0,True,0.47255081278505234,0.4604939820620574,0.659624770325428,0.2991397281378244,0.6713252995495873,0.6039339151544403,0.7000433606572674,0.5712604175135493,0.07361068060611325,0.018523922436615978,0.755645812318835,0.6122565812218985,0.1313875,0.12441250000000001,0.08637499999999998,0.1683625,41.25511705559618,0.7517433594539762,0.49895767843408817,0.4870599129973226,0.6159842565685886,0.554852715761364,0.7346725592204102,0.4813950819458805,0.7045,0.8122507122507122,0.251069928332978,0.029307789700687863,0.011879074272740535,0.11566773755359464,0.05001629283662123,0.009028308708677362,0.0026776931312938435,0.016560441949501185,5126.196,35620.8,/home/joaoabitante/speculative-decoding-unlearning/saves/unlearn/sud/results/original-unlearned/target-Llama-3.1-8B-Instruct/draft-Llama-3.1-8B-Instruct_NPO/forget10/a0.99_k1_s0
original-unlearned,Llama-3.1-8B-Instruct,Llama-3.1-8B-Instruct_NPO,forget10,0.995,1,0,True,0.46338197288343996,0.4511516638781836,0.662446348623709,0.28722256303124294,0.6743253541259504,0.6029647674080436,0.6405071979325999,0.5671587636694312,0.0712430497270539,0.018177788357752432,0.7648443053627852,0.6124874085418675,0.1253375,0.11898124999999998,0.0831375,0.16321249999999998,42.13131943904796,0.7472825049981475,0.4988057001824754,0.4876309466490201,0.6168438354642868,0.5551848541980886,0.7350079768225976,0.4652939331239295,0.7138333333333332,0.8336182336182336,0.2555116933770576,0.029366928569215814,0.011904679525438647,0.11560667676734739,0.05001422174989239,0.009025080128077434,0.0026817725817717083,0.016354238650223122,5488.915,35620.8,/home/joaoabitante/speculative-decoding-unlearning/saves/unlearn/sud/results/original-unlearned/target-Llama-3.1-8B-Instruct/draft-Llama-3.1-8B-Instruct_NPO/forget10/a0.995_k1_s0
original-unlearned,Llama-3.1-8B-Instruct,Llama-3.1-8B-Instruct_PDU,forget01,0.1,1,0,True,0.0,0.0,0.0023173166933093334,0.0,0.736816312125547,0.6256307929193742,0.02860307028023343,0.9994047582149506,0.9767857142857143,0.0822648802306503,0.8960622191429138,0.5055034004644308,1.0,1.0,1.0,1.0,-99.99999998,0.9897043280303478,0.5222176070151717,0.4038383823723123,0.5063259464217109,0.4801711983812936,0.6234979331935504,0.9318839667656484,0.8963333333333332,0.882051282051282,0.9451181469064209,0.019057573649661208,0.007984682892962032,0.07039866262231953,0.028064574858185837,0.007852733733191902,0.0021406323684204876,0.03596281103673391,2521.34,34899.6,/home/joaoabitante/speculative-decoding-unlearning/saves/unlearn/sud/results/original-unlearned/target-Llama-3.1-8B-Instruct/draft-Llama-3.1-8B-Instruct_PDU/forget01/a0.1_k1_s0
original-unlearned,Llama-3.1-8B-Instruct,Llama-3.1-8B-Instruct_PDU,forget01,0.2,1,0,True,0.0,0.0,0.002317397775383626,0.0,0.7375873184933044,0.6324381197148021,0.054141077480362725,0.9994047582149506,0.9767857142857143,0.09860653905197977,0.884673123806715,0.5268490356414176,1.0,1.0,1.0,1.0,-99.99999998,0.9874935284256935,0.5147146549871967,0.414676982608328,0.5176375350238882,0.48517626412639503,0.6303635977360802,0.92584850416151,0.8921666666666667,0.9230769230769231,0.9725837527285958,0.02333436812303262,0.00963927875785492,0.07821281819255091,0.03209951009828771,0.009442024452241637,0.0026154024188087066,0.0460670035937801,2633.312,34899.6,/home/joaoabitante/speculative-decoding-unlearning/saves/unlearn/sud/results/original-unlearned/target-Llama-3.1-8B-Instruct/draft-Llama-3.1-8B-Instruct_PDU/forget01/a0.2_k1_s0
original-unlearned,Llama-3.1-8B-Instruct,Llama-3.1-8B-Instruct_PDU,forget01,0.3,1,0,False,,,,,,,0.054141077480362725,,,0.11653519906103611,,0.5456514232602063,,,,,,,,,,,,,,,,,,,,,,0.05761886108899489,,,/home/joaoabitante/speculative-decoding-unlearning/saves/unlearn/sud/results/original-unlearned/target-Llama-3.1-8B-Instruct/draft-Llama-3.1-8B-Instruct_PDU/forget01/a0.3_k1_s0
original-unlearned,Llama-3.1-8B-Instruct,Llama-3.1-8B-Instruct_PDU,forget05,0.1,1,0,True,0.0,0.0,0.008254935874625148,0.0,0.7234672357174398,0.6291105179908402,5.951062636424447e-11,0.9977567398548126,0.9719876209316999,0.07954757288098335,0.851122230803594,0.5015346279026296,1.0,1.0,0.9999,0.99995,-99.99999998446722,0.9904124619066715,0.5258158281903199,0.403869592798247,0.5085906966443795,0.4781147915149867,0.6233485483321095,0.9530957453254618,0.93,0.8834757834757836,0.9508286554702243,0.01587839492238345,0.00665850395497255,0.06768604592536576,0.026617718106530838,0.006573670836548141,0.001770096875695046,0.033295303737162614,2809.997,34994.3,/home/joaoabitante/speculative-decoding-unlearning/saves/unlearn/sud/results/original-unlearned/target-Llama-3.1-8B-Instruct/draft-Llama-3.1-8B-Instruct_PDU/forget05/a0.1_k1_s0
original-unlearned,Llama-3.1-8B-Instruct,Llama-3.1-8B-Instruct_PDU,forget05,0.2,1,0,True,0.0,0.0,0.008255981587368438,0.0,0.7266396548277531,0.6339447348967571,4.869254633582969e-10,0.9977567398548126,0.9719876209316999,0.09735713195521384,0.8510846019862219,0.5232671039177049,1.0,1.0,0.9999,0.99995,-99.99999998446722,0.989009330868721,0.5221385843053405,0.4149256939389794,0.5226717150015632,0.48124505313574006,0.6304828378154363,0.925676338596675,0.929,0.8877492877492879,0.9086759751370829,0.01622612104201835,0.006704094600132845,0.0721791829704307,0.028820012096523264,0.006594007806484873,0.001776976008886006,0.043754513019230216,2838.554,34994.3,/home/joaoabitante/speculative-decoding-unlearning/saves/unlearn/sud/results/original-unlearned/target-Llama-3.1-8B-Instruct/draft-Llama-3.1-8B-Instruct_PDU/forget05/a0.2_k1_s0
original-unlearned,Llama-3.1-8B-Instruct,Llama-3.1-8B-Instruct_PDU,forget05,0.3,1,0,True,0.0,0.0,0.008256583848355674,0.0,0.6920527123823625,0.6411562146034897,4.448673570292354e-08,0.9977567398548126,0.9719876209316999,0.11698719686828554,0.7517265446542296,0.5402191559959522,1.0,1.0,0.9999,0.999975,-99.99999998446722,0.9867766550183297,0.5187767565235442,0.4270710956023065,0.5372526054579145,0.48499965682431967,0.6396733802347032,0.9146343474185644,0.9490000000000001,0.892022792022792,0.8235492714748293,0.016715846096158202,0.006792662801270332,0.07670684891752899,0.031059441649406903,0.006600555593330075,0.001780579115514735,0.05568241953663528,3060.631,34994.3,/home/joaoabitante/speculative-decoding-unlearning/saves/unlearn/sud/results/original-unlearned/target-Llama-3.1-8B-Instruct/draft-Llama-3.1-8B-Instruct_PDU/forget05/a0.3_k1_s0
original-unlearned,Llama-3.1-8B-Instruct,Llama-3.1-8B-Instruct_PDU,forget05,0.4,1,0,True,0.0,0.0,0.008256675344079556,0.0,0.5114258907595522,0.6434841567889007,1.2940880677508261e-08,0.9977567398548126,0.9719876209316999,0.13187262163497507,0.4243410139699699,0.5475510333709604,0.99995,0.999975,1.0,0.999925,-99.99611679092946,0.983277084082365,0.515865124171067,0.4402025841482199,0.5549613594655147,0.4893134460738943,0.6484689351411218,0.8861660548328345,0.893,0.8903133903133904,0.5625365278226954,0.017353091260301882,0.00692973777737497,0.08119474192266353,0.03330152407175246,0.006591841999468974,0.0017836147905110939,0.06488183560129256,5002.613,34994.3,/home/joaoabitante/speculative-decoding-unlearning/saves/unlearn/sud/results/original-unlearned/target-Llama-3.1-8B-Instruct/draft-Llama-3.1-8B-Instruct_PDU/forget05/a0.4_k1_s0
original-unlearned,Llama-3.1-8B-Instruct,Llama-3.1-8B-Instruct_PDU,forget05,0.5,1,0,True,0.004406174369732028,0.0044422639273029125,0.008618055281061118,0.0017929036320866454,0.14138612509596157,0.6487574867138906,2.4125498977354686e-08,0.997650356888771,0.9718812379529765,0.12067520655691624,0.07933830844704062,0.5421208472792526,0.99725,0.9983,0.9996499999999999,0.995525,-99.73594282389935,0.9777958774566651,0.513178127810803,0.454209048743433,0.5718328259943913,0.4941322516889632,0.6551697466506249,0.8502698070147717,0.9135,0.8849002849002849,0.20078638614006344,0.018143497581695554,0.007120194987438257,0.08554149650852196,0.03549787339228693,0.006564360057398819,0.0017878934087980896,0.05973866437654943,6169.802,34994.3,/home/joaoabitante/speculative-decoding-unlearning/saves/unlearn/sud/results/original-unlearned/target-Llama-3.1-8B-Instruct/draft-Llama-3.1-8B-Instruct_PDU/forget05/a0.5_k1_s0
original-unlearned,Llama-3.1-8B-Instruct,Llama-3.1-8B-Instruct_PDU,forget05,0.6,1,0,True,0.01790816140709949,0.02185701463342431,0.009342593361822029,0.034862062771112645,0.03144629580818311,0.6516483068003004,8.114129962716335e-08,0.9974477729201316,0.970082020742469,0.06228407516144216,0.01611190022274968,0.5432300939691043,0.9384,0.987575,0.988625,0.9067500000000001,-98.07005279619912,0.9691547113656998,0.5107064682672379,0.4689578220757367,0.5876577695461588,0.49941538795862916,0.663232032950983,0.8446381598762238,0.8783333333333333,0.8660968660968662,0.04717005057125074,0.019085033808660227,0.00736705108431579,0.08959835783345625,0.037574530965462954,0.006512969824098037,0.001793955766814895,0.031770202435087415,6389.056,34994.3,/home/joaoabitante/speculative-decoding-unlearning/saves/unlearn/sud/results/original-unlearned/target-Llama-3.1-8B-Instruct/draft-Llama-3.1-8B-Instruct_PDU/forget05/a0.6_k1_s0
original-unlearned,Llama-3.1-8B-Instruct,Llama-3.1-8B-Instruct_PDU,forget05,0.7,1,0,True,0.020468797982790114,0.0267445357724309,0.011921886042532,0.03736922894566173,0.027835605129881258,0.652266482775978,2.3797467071606504e-06,0.9967302405834197,0.9629045315649798,0.011915375102544203,0.014221249935071683,0.5831059154743801,0.16294999999999998,0.7825750000000001,0.994875,0.15165,-66.2278657865443,0.9554221723973751,0.5084708211035328,0.4842443756238118,0.6034536732624061,0.5050390350257928,0.6753407765066172,0.7907145938803086,0.8338333333333332,0.8789173789173789,0.024445534504980816,0.020134676661255072,0.0076696418072153905,0.09312194350291975,0.03940404660651359,0.006433332940417435,0.0018012817061655664,0.007248930377420038,6402.804,34994.3,/home/joaoabitante/speculative-decoding-unlearning/saves/unlearn/sud/results/original-unlearned/target-Llama-3.1-8B-Instruct/draft-Llama-3.1-8B-Instruct_PDU/forget05/a0.7_k1_s0
original-unlearned,Llama-3.1-8B-Instruct,Llama-3.1-8B-Instruct_PDU,forget05,0.8,1,0,True,0.0,0.0,0.030013260749165136,0.0,0.032857204956656436,0.652821157047129,4.7487878961137165e-05,0.9915599060058594,0.918774517446484,0.0011682780514820478,0.016852710173261586,0.6757884892080875,0.05015000000000001,0.21544999999999997,1.0,0.041325,21.862379617604503,0.9340896929800511,0.506323153904172,0.49980693922643143,0.6207791303371879,0.5108571926610922,0.6821378526384776,0.7014684788029599,0.8684999999999999,0.8860398860398859,0.020648677384616575,0.021175417417689458,0.008026626255032247,0.09584018511581234,0.040873368788997,0.006322181556115538,0.0018088388828515385,0.0011046109697635984,6934.806,34994.3,/home/joaoabitante/speculative-decoding-unlearning/saves/unlearn/sud/results/original-unlearned/target-Llama-3.1-8B-Instruct/draft-Llama-3.1-8B-Instruct_PDU/forget05/a0.8_k1_s0
original-unlearned,Llama-3.1-8B-Instruct,Llama-3.1-8B-Instruct_PDU,forget05,0.9,1,0,True,0.025701281284704516,0.03783968748659849,0.19726993723337116,0.013761384834213831,0.025647998778834103,0.6470241572476595,2.44374577116149e-10,0.938669268488884,0.41991887277399753,0.00010345470260290312,0.013083310205256566,0.8014459996667972,0.006175000000000001,0.0689,0.99765,0.032875,44.625660135969945,0.9029825935885311,0.5038617041875516,0.5155133116400925,0.6422966912475409,0.5167918651530721,0.6872846153338078,0.6507724195427613,0.8015000000000001,0.872079772079772,0.021985834875857004,0.022137331894773526,0.008432595003248907,0.0976942299073562,0.04202554419131414,0.006171657000327287,0.00181581341116742,0.0002273444445381756,6902.629,34994.3,/home/joaoabitante/speculative-decoding-unlearning/saves/unlearn/sud/results/original-unlearned/target-Llama-3.1-8B-Instruct/draft-Llama-3.1-8B-Instruct_PDU/forget05/a0.9_k1_s0
original-unlearned,Llama-3.1-8B-Instruct,Llama-3.1-8B-Instruct_PDU,forget05,0.95,1,0,False,,,0.5216934236766968,,,0.6358704677864562,1.540690216744271e-25,0.770494668930769,0.1423783647295377,3.071668614211376e-05,,0.8740532744451461,,,,,,0.8827312176395208,0.502636409895932,0.5233699122948452,0.6539395320498591,0.5197440732043425,0.6882133077561889,0.6013051076163098,0.7354999999999999,0.839031339031339,,0.02256539482419612,0.00864687551959368,0.0982381912728306,0.04245384873913309,0.006076024058212777,0.001818866711619702,0.00011693783306509429,,,/home/joaoabitante/speculative-decoding-unlearning/saves/unlearn/sud/results/original-unlearned/target-Llama-3.1-8B-Instruct/draft-Llama-3.1-8B-Instruct_PDU/forget05/a0.95_k1_s0
original-unlearned,Llama-3.1-8B-Instruct,Llama-3.1-8B-Instruct_PDU,forget10,0.1,1,0,True,0.0024552162823396977,0.0024547991800535785,0.006127948018815829,0.0009457819604316906,0.7270792100646114,0.6317196550004479,8.080285566431044e-22,0.9983392949402332,0.9789440160652491,0.08254219779046253,0.8563467487506569,0.4973237395425049,0.999125,0.99918125,0.9992875,0.9996625,-99.86791423906625,0.9906370539963245,0.5264097171000819,0.4035453581502557,0.5086467664723576,0.47729709178720486,0.6231479658903759,0.9623647877888635,0.9363333333333332,0.9202279202279201,0.94466361765768,0.015623584384102288,0.006584983883630804,0.067847646814771,0.0266200255919662,0.00640759143694898,0.0017579690234485598,0.03467891236388823,0.02,32121.0,/home/joaoabitante/speculative-decoding-unlearning/saves/unlearn/sud/results/original-unlearned/target-Llama-3.1-8B-Instruct/draft-Llama-3.1-8B-Instruct_PDU/forget10/a0.1_k1_s0
original-unlearned,Llama-3.1-8B-Instruct,Llama-3.1-8B-Instruct_PDU,forget10,0.2,1,0,True,0.002756998832407538,0.0027565208462593817,0.006128564565370403,0.001082743598012838,0.7195778917340808,0.6335573021446234,4.353260441808186e-19,0.9983392949402332,0.9789440160652491,0.10027991608250886,0.8326269587338903,0.5198568397782413,0.998175,0.9982125000000001,0.9997250000000001,0.99938125,-99.71162957918706,0.989438921958208,0.5233111378196128,0.41397087997399706,0.5228163143154123,0.47958324886684606,0.6303372184021018,0.9446306649743755,0.929,0.8703703703703703,0.892624452781649,0.01570116530783707,0.0065550457704407795,0.07252685017650946,0.02883110156219212,0.006260608932532251,0.0017555483531522047,0.045320513043086985,0.019,32121.0,/home/joaoabitante/speculative-decoding-unlearning/saves/unlearn/sud/results/original-unlearned/target-Llama-3.1-8B-Instruct/draft-Llama-3.1-8B-Instruct_PDU/forget10/a0.2_k1_s0
original-unlearned,Llama-3.1-8B-Instruct,Llama-3.1-8B-Instruct_PDU,forget10,0.3,1,0,True,0.0017505988562602735,0.0017504509162803213,0.005814510932279802,0.000649224092672944,0.7064293240294495,0.6408598068694584,3.2024272501633618e-18,0.9984275107085705,0.9795946930026908,0.11950736419763416,0.7869455964450026,0.5384810407851595,0.99760625,0.9976125,0.9999,0.9983625,-99.61483391887478,0.9874227592349052,0.5204634143030493,0.4252697842484907,0.5385156021250278,0.4824680342023554,0.6390642203997994,0.9408577723982284,0.9129999999999999,0.9045584045584046,0.8400980899175653,0.015911618777536204,0.006562190002808123,0.07725894299335778,0.031077582893634572,0.0060994291524919695,0.0017519039511333739,0.057259660250914744,0.02,32121.0,/home/joaoabitante/speculative-decoding-unlearning/saves/unlearn/sud/results/original-unlearned/target-Llama-3.1-8B-Instruct/draft-Llama-3.1-8B-Instruct_PDU/forget10/a0.3_k1_s0
original-unlearned,Llama-3.1-8B-Instruct,Llama-3.1-8B-Instruct_PDU,forget10,0.4,1,0,True,0.0005374497388099639,0.0005374992600891579,0.006171302363485394,0.0001845763221289843,0.4845089961728201,0.6452995789646027,4.353260441808186e-19,0.9983233441412449,0.9794905263360241,0.13291707979515194,0.38786412000568815,0.5479932545155181,0.9975125,0.99751875,0.999975,0.9974937500000001,-99.59970959695099,0.9841383141279221,0.5178553755915708,0.4374319325005851,0.5537059571628713,0.48590376361162635,0.6471013499144586,0.9059927383850485,0.9359999999999999,0.8831908831908832,0.5385592536392982,0.016272089101039455,0.00660824948574225,0.08194163314881735,0.033303902317289864,0.005923890729057651,0.001748726191608597,0.06582269231963438,0.024,32121.0,/home/joaoabitante/speculative-decoding-unlearning/saves/unlearn/sud/results/original-unlearned/target-Llama-3.1-8B-Instruct/draft-Llama-3.1-8B-Instruct_PDU/forget10/a0.4_k1_s0
original-unlearned,Llama-3.1-8B-Instruct,Llama-3.1-8B-Instruct_PDU,forget10,0.6,1,0,True,0.0036558135500755484,0.003778647065865896,0.006726051513636717,0.0015534849794421894,0.035434405888282866,0.6471070064363417,5.627715395305929e-20,0.9981735795736313,0.9774314173770352,0.05612828743760474,0.018215938828361686,0.5510738030703061,0.9262687499999999,0.9780312499999999,0.99979375,0.8616000000000001,-96.45586721305838,0.9688771411031485,0.5136823733917413,0.4642028401124429,0.5873220664592983,0.4943782285490518,0.6603932546824511,0.8358190386232954,0.8554999999999999,0.8547008547008547,0.04296123784932084,0.017427204313062248,0.006823454894752968,0.09015261790249497,0.03725197573554473,0.0055237940437124645,0.0017478199579009854,0.029409225430426886,0.025,32121.0,/home/joaoabitante/speculative-decoding-unlearning/saves/unlearn/sud/results/original-unlearned/target-Llama-3.1-8B-Instruct/draft-Llama-3.1-8B-Instruct_PDU/forget10/a0.6_k1_s0
original-unlearned,Llama-3.1-8B-Instruct,Llama-3.1-8B-Instruct_PDU,forget10,0.98,1,0,True,0.0,0.0,0.7606748497052896,0.0,0.029159095708442894,0.6248137469036781,2.53923433515492e-60,0.5270282288640737,0.05607694925971904,2.7248792193859117e-05,0.014927878406597301,0.9218613371626833,0.0,0.0,0.9906687500000001,0.00216875,61.32610053659867,0.8667065743943385,0.5058824642251174,0.5215903741106535,0.6668134374706858,0.5142162320700947,0.6878143857821805,0.6023697414433155,0.6619999999999999,0.7766381766381767,0.02129455752095348,0.018389988990093115,0.007541871296225227,0.09737223984680896,0.041413133394993286,0.0044345877658512715,0.0017421397170807164,0.0003005084531459943,8806.888,35622.4,/home/joaoabitante/speculative-decoding-unlearning/saves/unlearn/sud/results/original-unlearned/target-Llama-3.1-8B-Instruct/draft-Llama-3.1-8B-Instruct_PDU/forget10/a0.98_k1_s0
original-unlearned,Llama-3.1-8B-Instruct,Llama-3.1-8B-Instruct_PDU,forget10,0.99,1,0,True,0.0,0.0,0.8613247532899084,0.0,0.0358283899268663,0.6225261419224069,1.073506817508549e-66,0.3448531448934227,0.04424820031514423,2.3323306846805282e-05,0.018444979018895538,0.9334334075589757,0.0,0.0,0.9215500000000001,0.0021625,61.32610053659867,0.8619871871496071,0.5057319006823058,0.523093102002976,0.6686841716948417,0.5146343161685742,0.6882126982285542,0.6021188816751005,0.6358333333333333,0.7794871794871795,0.02128353930259138,0.018364895847480512,0.007558841199318456,0.09737962654326111,0.04144347308835097,0.004395503405094132,0.0017406305421185243,0.00028643620310276675,11220.181,35620.8,/home/joaoabitante/speculative-decoding-unlearning/saves/unlearn/sud/results/original-unlearned/target-Llama-3.1-8B-Instruct/draft-Llama-3.1-8B-Instruct_PDU/forget10/a0.99_k1_s0
original-unlearned,Llama-3.1-8B-Instruct,Llama-3.1-8B-Instruct_PDU,forget10,0.995,1,0,True,0.0,0.0,0.9293764759505542,0.0,0.028471706947608054,0.6242495443735763,6.740818939893774e-68,0.1670832854602486,0.03418317595855122,2.1616033485543085e-05,0.014568074745475314,0.9363769192571445,0.0,0.0,0.83128125,0.00215625,61.32610053659867,0.8595722659430612,0.5056561852351602,0.5238423575555194,0.6696036569976296,0.5148386866844166,0.6883941857682673,0.5886562928181457,0.6764999999999999,0.7680911680911682,0.02214709988235905,0.01835079940778087,0.00756703206258909,0.09737828202854872,0.04145632018005614,0.0043756531759299834,0.0017398171234611353,0.0002797013594270084,11205.741,35620.8,/home/joaoabitante/speculative-decoding-unlearning/saves/unlearn/sud/results/original-unlearned/target-Llama-3.1-8B-Instruct/draft-Llama-3.1-8B-Instruct_PDU/forget10/a0.995_k1_s0
original-unlearned,Llama-3.1-8B-Instruct,Llama-3.1-8B-Instruct_SatImp,forget10,0.1,1,0,True,0.0025657366380686464,0.0025652416972032,0.006893139788094327,0.0009777054823487295,0.7245441111580312,0.6227519915525541,4.2615726229002236e-23,0.998136392980814,0.9753548616534843,0.08039516407996417,0.866115247043781,0.4926367327422016,0.9991000000000001,0.999125,0.99935,0.9996375,-99.85883964591198,0.991060204654932,0.5238933878953879,0.3961465597464063,0.49570858372960186,0.4776870049102304,0.6207288410984965,0.9367014430052742,0.9279999999999999,0.874928774928775,0.9434950983755696,0.016010305364543457,0.007085209051901678,0.06711285133729689,0.026333332070306702,0.006749008925989604,0.001903836929331109,0.03333927564523765,0.025,32121.0,/home/joaoabitante/speculative-decoding-unlearning/saves/unlearn/sud/results/original-unlearned/target-Llama-3.1-8B-Instruct/draft-Llama-3.1-8B-Instruct_SatImp/forget10/a0.1_k1_s0
original-unlearned,Llama-3.1-8B-Instruct,Llama-3.1-8B-Instruct_SatImp,forget10,0.2,1,0,True,0.0032053110275692097,0.0032045645885948513,0.007133006019074178,0.0012588638074277016,0.7214184798832567,0.6233761154074323,2.8138576976529647e-20,0.9980795748531819,0.9729684980171207,0.09538917386438697,0.856055885949172,0.5112365234977573,0.9981062500000001,0.9981437500000001,0.9996812500000001,0.99921875,-99.7005384097763,0.9900519576668739,0.5180124434611867,0.3984366726429387,0.497134368808554,0.47979561964613043,0.6247830574429294,0.9407998375385163,0.8965000000000001,0.8988603988603988,0.9231151006637265,0.0164040901217777,0.007572612304372471,0.07091727779130451,0.028205718613306677,0.0069661143363130874,0.0020655675242384716,0.04218516803218517,0.022,32121.0,/home/joaoabitante/speculative-decoding-unlearning/saves/unlearn/sud/results/original-unlearned/target-Llama-3.1-8B-Instruct/draft-Llama-3.1-8B-Instruct_SatImp/forget10/a0.2_k1_s0
original-unlearned,Llama-3.1-8B-Instruct,Llama-3.1-8B-Instruct_SatImp,forget10,0.3,1,0,True,0.0029078243350545326,0.002907229237489597,0.008513687792500354,0.0010954637206898829,0.721579611732257,0.6261611605294239,3.2024272501633618e-18,0.9977029275894165,0.9682336402195717,0.11252223811578005,0.8513072702777572,0.5295804587655514,0.9975625,0.9975625,0.9998125,0.99808125,-99.60676761384876,0.9877723142504692,0.5120002018468263,0.40085770665678006,0.4987445423960564,0.4819733894061286,0.628583141920383,0.9409345866119898,0.9615,0.8774928774928774,0.8505644456798219,0.016852389373016193,0.008119339085497671,0.07462049329420552,0.030067547681082597,0.007190930078780487,0.002244861475269904,0.05281096800952218,0.025,32121.0,/home/joaoabitante/speculative-decoding-unlearning/saves/unlearn/sud/results/original-unlearned/target-Llama-3.1-8B-Instruct/draft-Llama-3.1-8B-Instruct_SatImp/forget10/a0.3_k1_s0
original-unlearned,Llama-3.1-8B-Instruct,Llama-3.1-8B-Instruct_SatImp,forget10,0.4,1,0,True,0.002633026792684698,0.002632674353302088,0.013050282801378096,0.0009422500067407327,0.686347807617257,0.6213045817169004,4.2392996435511593e-17,0.9964281572401523,0.9575564612399228,0.13066240508574992,0.7666019454074557,0.546979193228505,0.997475,0.9974812500000001,0.9998499999999999,0.9974750000000001,-99.59365986818149,0.9835948258638382,0.5058454634531172,0.4034073161185659,0.5020327544254428,0.48420815793558464,0.6322089248619425,0.8973170153215204,0.9059999999999999,0.8649572649572649,0.7684446142398406,0.017357011921303636,0.008733149010655541,0.07811022044275888,0.03188252722744601,0.0074225091468717135,0.002443848132769508,0.06465657816163731,0.026,32121.0,/home/joaoabitante/speculative-decoding-unlearning/saves/unlearn/sud/results/original-unlearned/target-Llama-3.1-8B-Instruct/draft-Llama-3.1-8B-Instruct_SatImp/forget10/a0.4_k1_s0
original-unlearned,Llama-3.1-8B-Instruct,Llama-3.1-8B-Instruct_SatImp,forget10,0.6,1,0,True,0.002064526042318329,0.0020668760715831513,0.044488755760230425,0.0007005858738138753,0.3064039835247904,0.6205490514066418,2.241003819205479e-17,0.9875410556793213,0.8515871067841266,0.14853583846241236,0.20342344880511518,0.5765914925287913,0.9958125,0.99651875,0.9999,0.9956937500000002,-99.43838349643052,0.9663908837735653,0.49340131030124534,0.40888502561345086,0.5095254339020265,0.4887751790117971,0.640104074922999,0.8573986450909864,0.8963333333333332,0.8746438746438747,0.3614553138331488,0.01853474382274726,0.010198427935508337,0.08407164653181098,0.035187106431935546,0.007897624448616322,0.0029113320600704326,0.08017396467516663,0.028,32121.0,/home/joaoabitante/speculative-decoding-unlearning/saves/unlearn/sud/results/original-unlearned/target-Llama-3.1-8B-Instruct/draft-Llama-3.1-8B-Instruct_SatImp/forget10/a0.6_k1_s0
original-unlearned,Llama-3.1-8B-Instruct,Llama-3.1-8B-Instruct_SatImp,forget10,0.98,1,0,True,0.03829727177925481,0.046314714401204736,0.6940777438836296,0.01621289818046821,0.06572671362773386,0.6045280340150151,9.906736183347326e-11,0.584918908290565,0.06749785992341428,0.008074117143260083,0.034752576603277706,0.7853288431970236,0.0324,0.32330625,0.9976437499999999,0.026268749999999983,9.168363950203737,0.8692744863033295,0.4698047271843165,0.4205661806485637,0.5319919011630372,0.4970833749472363,0.6562213102209685,0.626797773866758,0.8985,0.9031339031339031,0.05777497030747021,0.02123548484116327,0.014120890154849094,0.0884608030715026,0.03861474082599199,0.008746997250672546,0.004121622583023966,0.009626081327412977,0.027,32121.0,/home/joaoabitante/speculative-decoding-unlearning/saves/unlearn/sud/results/original-unlearned/target-Llama-3.1-8B-Instruct/draft-Llama-3.1-8B-Instruct_SatImp/forget10/a0.98_k1_s0
original-unlearned,Llama-3.1-8B-Instruct,Llama-3.1-8B-Instruct_SatImp,forget10,0.99,1,0,True,0.042801342801879055,0.05003584095547324,0.7220112655572696,0.017573011789058228,0.08474003811263461,0.6000384389344163,1.6027740307205098e-12,0.547740058787167,0.06054009118445828,0.007099086788512068,0.045589169452578064,0.7953103708222258,0.02994374999999999,0.2783125,0.99738125,0.022543749999999987,16.427030185496466,0.8649330477043986,0.46918620246543513,0.4208944413727415,0.532483437061726,0.4972803425594407,0.6566313200199163,0.6277546798883091,0.8703333333333333,0.8461538461538461,0.059484255045438326,0.021309680810009012,0.014247995254484417,0.08837770672398619,0.03861935361566469,0.008766271505448913,0.004159840754141488,0.00899177522378159,10862.939,35620.8,/home/joaoabitante/speculative-decoding-unlearning/saves/unlearn/sud/results/original-unlearned/target-Llama-3.1-8B-Instruct/draft-Llama-3.1-8B-Instruct_SatImp/forget10/a0.99_k1_s0
original-unlearned,Llama-3.1-8B-Instruct,Llama-3.1-8B-Instruct_SatImp,forget10,0.995,1,0,True,0.04420656276015288,0.05212431642864608,0.7369300014067821,0.01833809672809083,0.08350758727963736,0.6000799970323372,1.7928838057651826e-13,0.5261399114504457,0.057625175562273985,0.006661524312221445,0.04487630387258832,0.8001655991660419,0.028912499999999994,0.25735,0.997225,0.020793749999999982,19.808828567656732,0.8627215104177595,0.46887612525131694,0.42105905337281263,0.5327246895114235,0.4973781481186435,0.6568329318469998,0.6209909552554438,0.8425,0.88988603988604,0.055077842901788146,0.02134674424713012,0.014312031847997871,0.08833128670579754,0.038619511255065506,0.008775811608647927,0.004179071885525965,0.00870346788180177,10653.487,35620.8,/home/joaoabitante/speculative-decoding-unlearning/saves/unlearn/sud/results/original-unlearned/target-Llama-3.1-8B-Instruct/draft-Llama-3.1-8B-Instruct_SatImp/forget10/a0.995_k1_s0
original-unlearned,Llama-3.1-8B-Instruct,Llama-3.1-8B-Instruct_SimNPO,forget01,0.1,1,0,True,0.0,0.0,0.0023173018500805293,0.0,0.7386961330398573,0.6289085269150991,0.01430154804770646,0.9994047582149506,0.9767857142857143,0.07609815886244178,0.8949211604893208,0.5008625886885468,1.0,1.0,1.0,1.0,-99.99999998,0.9897987687587738,0.5237648446446861,0.4029810850574864,0.5090087081379655,0.48563704011170666,0.6283646633569302,0.9524860730528434,0.8905,0.8917378917378919,0.9366832993135468,0.02030464224921161,0.008569665975704426,0.06844454652513378,0.027125570501655812,0.00830625945582824,0.002259282169495995,0.032485718674724925,2175.599,34368.7,/home/joaoabitante/speculative-decoding-unlearning/saves/unlearn/sud/results/original-unlearned/target-Llama-3.1-8B-Instruct/draft-Llama-3.1-8B-Instruct_SimNPO/forget01/a0.1_k1_s0
original-unlearned,Llama-3.1-8B-Instruct,Llama-3.1-8B-Instruct_SimNPO,forget01,0.2,1,0,True,0.0,0.0,0.023144875104298242,0.0,0.7388946731573035,0.6338570423264068,0.02860307028023343,0.993781553208828,0.8887374355833206,0.08387112896889448,0.8856588505208493,0.5172563732116506,1.0,1.0,0.999375,1.0,-99.99999998,0.986491237282753,0.5179685850311053,0.41238982395109,0.521255263464138,0.4963242985297419,0.637751938774298,0.9136055960383576,0.899,0.8917378917378919,0.909971268820355,0.02642319827926258,0.01109106179580685,0.07378357209847308,0.029874067988876332,0.01058780851843494,0.0029138211378522383,0.03763680855394341,2211.961,34368.7,/home/joaoabitante/speculative-decoding-unlearning/saves/unlearn/sud/results/original-unlearned/target-Llama-3.1-8B-Instruct/draft-Llama-3.1-8B-Instruct_SimNPO/forget01/a0.2_k1_s0
original-unlearned,Llama-3.1-8B-Instruct,Llama-3.1-8B-Instruct_SimNPO,forget01,0.3,1,0,True,0.0,0.0,0.06687705740437921,0.0,0.7386028590519356,0.63996404392073,0.02860307028023343,0.9813005596399307,0.7017824851805615,0.09086867989972233,0.8731890689581633,0.5317735918397858,1.0,1.0,0.999375,1.0,-99.99999998,0.9801848915219307,0.5122305254206279,0.4231403162962996,0.5335015513937534,0.5075110596603746,0.6509848383549367,0.8893660158473574,0.8955,0.9045584045584046,0.8233636548745057,0.034458908780579806,0.01444776525896296,0.07906275548855773,0.03264041607659857,0.013466789564711992,0.0037611622685544297,0.04290463618002832,2250.007,34368.7,/home/joaoabitante/speculative-decoding-unlearning/saves/unlearn/sud/results/original-unlearned/target-Llama-3.1-8B-Instruct/draft-Llama-3.1-8B-Instruct_SimNPO/forget01/a0.3_k1_s0
original-unlearned,Llama-3.1-8B-Instruct,Llama-3.1-8B-Instruct_SimNPO,forget01,0.4,1,0,True,0.0,0.0,0.15211881765198063,0.0,0.7302847207785715,0.6427512660010533,0.09707484379785862,0.9540846899151803,0.3669718042804643,0.09594179429113865,0.845418535452336,0.5463958857902103,0.999375,1.0,0.9974999999999999,1.0,-99.99999998,0.9692852711677551,0.5064700083302164,0.4353259495187626,0.5461757866144286,0.519029059189668,0.6637537497694015,0.8469225027696803,0.894,0.8806267806267806,0.6759950112936817,0.04499223727485514,0.018942970154591975,0.0840502644085791,0.03530712789970562,0.01706498107676453,0.0048642360110204156,0.04771673371782527,2225.133,34368.7,/home/joaoabitante/speculative-decoding-unlearning/saves/unlearn/sud/results/original-unlearned/target-Llama-3.1-8B-Instruct/draft-Llama-3.1-8B-Instruct_SimNPO/forget01/a0.4_k1_s0
original-unlearned,Llama-3.1-8B-Instruct,Llama-3.1-8B-Instruct_SimNPO,forget01,0.5,1,0,True,0.009406504391592822,0.00940046984901212,0.2299137053570252,0.0031925507149983046,0.7409454435972312,0.6433516034967993,0.16497269950224194,0.9239597022533417,0.2661816233789696,0.09827385786920786,0.8734432585537434,0.5633196451425269,0.99875,0.99875,0.9924999999999999,0.99875,-99.74999998005,0.9514678148925304,0.5004900953453995,0.44895760731863793,0.5585602031984235,0.5307874080806518,0.6772034263602601,0.7792798039097067,0.882,0.8735042735042734,0.5465847163512589,0.058685488067858387,0.024996810005224034,0.08848051387118176,0.03775155227922664,0.021496095732594162,0.006312479951184143,0.05155726430937648,0.287,14315.6,/home/joaoabitante/speculative-decoding-unlearning/saves/unlearn/sud/results/original-unlearned/target-Llama-3.1-8B-Instruct/draft-Llama-3.1-8B-Instruct_SimNPO/forget01/a0.5_k1_s0
original-unlearned,Llama-3.1-8B-Instruct,Llama-3.1-8B-Instruct_SimNPO,forget01,0.6,1,0,True,0.039482192710308346,0.03938382879479941,0.3248748230526182,0.013976198653148426,0.7378442832254326,0.647218183261559,0.16497269950224194,0.8792256236076355,0.17337068601778638,0.09776589414104819,0.8579824450425804,0.5832805991907042,0.9937499999999999,0.995,0.975625,0.994375,-98.99999998019999,0.9239139129966497,0.4940837537718158,0.46391912673956776,0.5800650542888769,0.5427523832438849,0.690635402200907,0.7134465347047114,0.8963333333333332,0.8991452991452991,0.4879093947360461,0.07630531808288651,0.033198603042077376,0.09199340873747133,0.03981774175123291,0.026828756918839645,0.008228152650481836,0.054320613811723886,2220.454,34368.7,/home/joaoabitante/speculative-decoding-unlearning/saves/unlearn/sud/results/original-unlearned/target-Llama-3.1-8B-Instruct/draft-Llama-3.1-8B-Instruct_SimNPO/forget01/a0.6_k1_s0
original-unlearned,Llama-3.1-8B-Instruct,Llama-3.1-8B-Instruct_SimNPO,forget01,0.7,1,0,True,0.14478402131105078,0.14362363027209962,0.39096871996988813,0.059625174871354054,0.7187368019722695,0.6415442202892043,0.2656871402817289,0.8420120254158974,0.12859576584310556,0.0949214125983417,0.8170463407412172,0.606445653834442,0.97125,0.9787499999999999,0.941875,0.9724999999999999,-95.74999998084998,0.8834188360720873,0.4871152643272631,0.4800100059594037,0.6064892744540756,0.554874993413032,0.7051482712312523,0.6351383431604263,0.8573333333333332,0.8692307692307693,0.452347846828636,0.09877591366705019,0.04437917952357869,0.09414555771043524,0.041329370493347596,0.03306390526966424,0.010764464155962328,0.05586674076970666,0.576,14315.6,/home/joaoabitante/speculative-decoding-unlearning/saves/unlearn/sud/results/original-unlearned/target-Llama-3.1-8B-Instruct/draft-Llama-3.1-8B-Instruct_SimNPO/forget01/a0.7_k1_s0
original-unlearned,Llama-3.1-8B-Instruct,Llama-3.1-8B-Instruct_SimNPO,forget01,0.8,1,0,True,0.28286520126819364,0.2790480907080486,0.46029840257867344,0.14263454881147034,0.7030714298134563,0.637996302327961,0.404587405685253,0.796382699906826,0.09394942466970675,0.0896227195393294,0.7829296458046884,0.6342344280678027,0.9425,0.9412499999999999,0.87375,0.9293750000000001,-88.24999998234998,0.8279830305278302,0.4791999426937089,0.49710735617096263,0.6347325006116992,0.5670277551818527,0.7213381595056073,0.5765358878541207,0.8288333333333333,0.8817663817663818,0.4074553995462852,0.1271986544126412,0.05960097147603808,0.09468350201845169,0.042141743605725424,0.04014651934606566,0.014063690619498286,0.05573525888612494,0.302,14315.6,/home/joaoabitante/speculative-decoding-unlearning/saves/unlearn/sud/results/original-unlearned/target-Llama-3.1-8B-Instruct/draft-Llama-3.1-8B-Instruct_SimNPO/forget01/a0.8_k1_s0
original-unlearned,Llama-3.1-8B-Instruct,Llama-3.1-8B-Instruct_SimNPO,forget01,0.9,1,0,True,0.42044288150008147,0.4088515464909635,0.5072637461189434,0.26520087934363634,0.7177486211081303,0.6267474454222529,0.7659314523482239,0.7617794007062912,0.08773147595175804,0.08211880954913794,0.839664483256638,0.6657699282072903,0.9062499999999999,0.8975000000000001,0.7393750000000001,0.83375,-79.49999998410001,0.7575244593992829,0.47009841930442664,0.5151686286934559,0.6590894119528119,0.5789532658474966,0.7370306494165324,0.5000221910492344,0.8370000000000001,0.8507122507122507,0.38341825898875515,0.162787259555771,0.07998280355154087,0.09349387372261844,0.04213969572802308,0.04793727415022052,0.0181745615731146,0.05386649835389108,0.195,14315.6,/home/joaoabitante/speculative-decoding-unlearning/saves/unlearn/sud/results/original-unlearned/target-Llama-3.1-8B-Instruct/draft-Llama-3.1-8B-Instruct_SimNPO/forget01/a0.9_k1_s0
original-unlearned,Llama-3.1-8B-Instruct,Llama-3.1-8B-Instruct_SimNPO,forget01,0.95,1,0,True,0.5092961520307145,0.4893712668703006,0.5407077899413095,0.37845063823605746,0.7149485386549805,0.6103013976640014,0.7659314523482239,0.7355755612254142,0.0606748520201341,0.07771729570813476,0.8629099560435861,0.6816390824145554,0.865625,0.8487500000000001,0.64125,0.771875,-69.74999998605003,0.7171161533147097,0.46494272723106095,0.5245177691796671,0.6707410708624961,0.5847079306948024,0.742606385605848,0.4700940184884416,0.72,0.8122507122507122,0.35464192502399144,0.18357656772597694,0.09252646539542371,0.09220235125394538,0.04179828473204907,0.052006991737289364,0.02053273669098987,0.052347547414246944,0.307,14315.6,/home/joaoabitante/speculative-decoding-unlearning/saves/unlearn/sud/results/original-unlearned/target-Llama-3.1-8B-Instruct/draft-Llama-3.1-8B-Instruct_SimNPO/forget01/a0.95_k1_s0
original-unlearned,Llama-3.1-8B-Instruct,Llama-3.1-8B-Instruct_SimNPO,forget01,0.98,1,0,True,0.5455551225874009,0.5268155660402103,0.5481360665853415,0.44730434545119246,0.6949235653679263,0.6117653362911254,0.9188052214121167,0.729769478738308,0.05820455808642553,0.07490330296568573,0.8042459945427254,0.6876897474668767,0.8343750000000001,0.824375,0.5818750000000001,0.74,-64.87499998702499,0.6914160551130771,0.4616405806916759,0.5302049575160351,0.6774732743758853,0.5880569050462885,0.7453426902692707,0.46197827271473285,0.7521666666666667,0.832905982905983,0.35082610931151137,0.19702214401506354,0.100931578414051,0.0911949307937175,0.04147793294264557,0.05446929201862076,0.02204552479754751,0.05125882135471329,2293.971,34368.7,/home/joaoabitante/speculative-decoding-unlearning/saves/unlearn/sud/results/original-unlearned/target-Llama-3.1-8B-Instruct/draft-Llama-3.1-8B-Instruct_SimNPO/forget01/a0.98_k1_s0
original-unlearned,Llama-3.1-8B-Instruct,Llama-3.1-8B-Instruct_SimNPO,forget01,0.99,1,0,True,0.5614117813862094,0.5369149439375565,0.5498828195597416,0.47450999626911483,0.705385352620276,0.601876379882052,0.9188052214121167,0.7284874275326729,0.056281481163348614,0.0739386132452637,0.8518911477178335,0.6888350406256881,0.8212499999999999,0.8143750000000001,0.5575,0.7300000000000001,-62.87499998742502,0.6826284090802074,0.4605259516813717,0.5321100538930533,0.679654824981559,0.5891523735059844,0.746161906478152,0.44498398722011046,0.6825,0.8222222222222223,0.357269488982328,0.20165962597937323,0.10389057253178957,0.09081976105691865,0.04135141700825261,0.055289552811979475,0.022565914175794125,0.050866665267385536,2347.007,34368.7,/home/joaoabitante/speculative-decoding-unlearning/saves/unlearn/sud/results/original-unlearned/target-Llama-3.1-8B-Instruct/draft-Llama-3.1-8B-Instruct_SimNPO/forget01/a0.99_k1_s0
original-unlearned,Llama-3.1-8B-Instruct,Llama-3.1-8B-Instruct_SimNPO,forget01,0.995,1,0,True,0.5681979244660934,0.5467267892261918,0.5523733050459587,0.49152861978559115,0.6968588129402813,0.6088791729650329,0.9188052214121167,0.7261858403682708,0.056281481163348614,0.07345145330764354,0.8145578769501298,0.6894387243880774,0.8156249999999999,0.8037500000000001,0.5449999999999999,0.7256250000000001,-60.74999998785001,0.6781953751668334,0.45997058529909896,0.5330642796132029,0.6807344250003057,0.5896956991316418,0.7465547453519373,0.4522751820235631,0.7376666666666667,0.8433048433048433,0.3576105498066172,0.20400657715043052,0.10540035769391136,0.09062473149504513,0.04128440937243795,0.05569912851147819,0.022829079451412975,0.050665126349776976,2299.043,34368.7,/home/joaoabitante/speculative-decoding-unlearning/saves/unlearn/sud/results/original-unlearned/target-Llama-3.1-8B-Instruct/draft-Llama-3.1-8B-Instruct_SimNPO/forget01/a0.995_k1_s0
original-unlearned,Llama-3.1-8B-Instruct,Llama-3.1-8B-Instruct_SimNPO,forget05,0.1,1,0,True,0.00018754360676040852,0.00018754104300287722,0.010237677287435763,6.290410269553283e-05,0.7209477016793481,0.622766446454069,1.3850840057169374e-11,0.9972289556264877,0.9625772606802494,0.07405113101471215,0.8558801234979182,0.4908793063917274,0.999975,0.999975,0.999825,0.999925,-99.99611679092946,0.9893357281386852,0.5190841391377482,0.39745228509810415,0.5011115113867437,0.4714941909204725,0.6156493255249598,0.9529359345972692,0.9153333333333333,0.8962962962962964,0.9530011205877643,0.015522971329774008,0.006674467009473967,0.07081681217998266,0.02846792162416294,0.00648287969925074,0.0018264589568582285,0.030173257976188323,2864.586,36887.7,/home/joaoabitante/speculative-decoding-unlearning/saves/unlearn/sud/results/original-unlearned/target-Llama-3.1-8B-Instruct/draft-Llama-3.1-8B-Instruct_SimNPO/forget05/a0.1_k1_s0
original-unlearned,Llama-3.1-8B-Instruct,Llama-3.1-8B-Instruct_SimNPO,forget05,0.2,1,0,True,0.0005131135099189372,0.0005130929403259334,0.017413560197142134,0.00017277572846573962,0.7230482798846608,0.6182675921578711,1.2127544312107394e-10,0.9951889264583588,0.9467246526660326,0.08378105307463557,0.8705914701242,0.5024177843067947,0.999925,0.999925,0.999625,0.99985,-99.98835040385393,0.985635905712843,0.5085195718465375,0.40064559221238716,0.5058837862955091,0.4677082997085177,0.6136562837009573,0.9225523909543634,0.9129999999999999,0.864957264957265,0.8726563732531669,0.01548425970642711,0.006716253006772165,0.07889516879222355,0.03287057090688553,0.006455955835837511,0.0019085330257760044,0.03587282526865602,2841.684,36887.7,/home/joaoabitante/speculative-decoding-unlearning/saves/unlearn/sud/results/original-unlearned/target-Llama-3.1-8B-Instruct/draft-Llama-3.1-8B-Instruct_SimNPO/forget05/a0.2_k1_s0
original-unlearned,Llama-3.1-8B-Instruct,Llama-3.1-8B-Instruct_SimNPO,forget05,0.3,1,0,True,0.0017027612799205155,0.001702546028065136,0.05218623837774334,0.0005742927379201782,0.7093335670001575,0.6125488525334494,6.865581733487208e-09,0.9851234647631645,0.8434127783302469,0.09171387903392315,0.8424421755224466,0.5150882991599901,0.9998,0.9998,0.9979499999999999,0.9976999999999999,-99.96893443616513,0.978517847508192,0.4982443237418067,0.4043297467372511,0.5113858735938733,0.4641464900502842,0.609906011942378,0.8693105896590506,0.8688333333333332,0.8774928774928775,0.7657871107998164,0.015520011836997583,0.006793920505095892,0.08726370959193445,0.03761411362659692,0.006432033513310671,0.002000275111143353,0.041362124359002335,2817.488,36887.7,/home/joaoabitante/speculative-decoding-unlearning/saves/unlearn/sud/results/original-unlearned/target-Llama-3.1-8B-Instruct/draft-Llama-3.1-8B-Instruct_SimNPO/forget05/a0.3_k1_s0
original-unlearned,Llama-3.1-8B-Instruct,Llama-3.1-8B-Instruct_SimNPO,forget05,0.4,1,0,True,0.013774158203383869,0.013759926723211283,0.11276545524644295,0.00481873071822163,0.710398048569541,0.6123981222720463,8.114129962716335e-08,0.9660639062523841,0.6679469917677747,0.09696448837872594,0.845738640637137,0.5302897439001307,0.9983249999999999,0.9982249999999999,0.9645250000000001,0.990225,-99.72429324328606,0.9654846219718456,0.4878318801887049,0.40851561615163795,0.5177726522352597,0.46069135160476166,0.6082764513244073,0.8231068078109665,0.9021666666666667,0.9145299145299145,0.6123023989853772,0.015624293221517292,0.006906629550816235,0.0956068190955557,0.04255500131114389,0.006408508600032594,0.002098632420947052,0.04628139245742933,2823.933,36887.7,/home/joaoabitante/speculative-decoding-unlearning/saves/unlearn/sud/results/original-unlearned/target-Llama-3.1-8B-Instruct/draft-Llama-3.1-8B-Instruct_SimNPO/forget05/a0.4_k1_s0
original-unlearned,Llama-3.1-8B-Instruct,Llama-3.1-8B-Instruct_SimNPO,forget05,0.5,1,0,True,0.04673684940549397,0.04654535458433133,0.2100444877089844,0.017236877923450522,0.7076457934639312,0.5962244861909917,1.3921047931216453e-06,0.9299124059081078,0.45870221458269905,0.09826412729453296,0.8702825558092445,0.5496497778214355,0.9937750000000001,0.9932000000000001,0.8979499999999999,0.976425,-98.94377134219576,0.9417141878604889,0.4768782479423517,0.4132580209325159,0.5239579520646761,0.4572097600888259,0.6071157206461544,0.7251011081569019,0.8015000000000001,0.872079772079772,0.5184806104016133,0.01578619452466228,0.007049478586490447,0.10341626612935215,0.04746237740344327,0.0063786287022837,0.0022006866155824764,0.05015042756870389,0.197,14315.6,/home/joaoabitante/speculative-decoding-unlearning/saves/unlearn/sud/results/original-unlearned/target-Llama-3.1-8B-Instruct/draft-Llama-3.1-8B-Instruct_SimNPO/forget05/a0.5_k1_s0
original-unlearned,Llama-3.1-8B-Instruct,Llama-3.1-8B-Instruct_SimNPO,forget05,0.6,1,0,True,0.13340891432706445,0.13174518283481834,0.32367849059925163,0.05568495371376665,0.6946398006332368,0.5801900529106224,2.9607827368482373e-05,0.8771682754158974,0.2721012772726862,0.09354720387142151,0.8653386837983271,0.5748104896608602,0.977325,0.97475,0.8788,0.9495999999999999,-96.07797451132681,0.9002915944159031,0.4652776201699347,0.41862870599434304,0.53231389267591,0.45349599529190265,0.6073957464753511,0.6063829647613236,0.8213333333333332,0.7894586894586896,0.42670498453711625,0.01598385078661522,0.007199038027009372,0.11000794872175902,0.052015943102827124,0.006329786356745899,0.0023127953618636496,0.05174618861451744,2807.456,36887.7,/home/joaoabitante/speculative-decoding-unlearning/saves/unlearn/sud/results/original-unlearned/target-Llama-3.1-8B-Instruct/draft-Llama-3.1-8B-Instruct_SimNPO/forget05/a0.6_k1_s0
original-unlearned,Llama-3.1-8B-Instruct,Llama-3.1-8B-Instruct_SimNPO,forget05,0.7,1,0,True,0.3037862286805921,0.29633796403800766,0.4218494539757914,0.16689007945137457,0.660989410335824,0.5678286947485119,0.0002829222008740643,0.819395152926445,0.165086732261185,0.0828612105268985,0.7907185034407302,0.6034897459158585,0.92315,0.918775,0.8125499999999999,0.859375,-87.38350418027593,0.8336809924244881,0.45299085542529227,0.42466693178600523,0.5400056437128329,0.44929590239808337,0.6060700117556492,0.5254556247864702,0.8098333333333333,0.8179487179487178,0.34035213957002597,0.016175326364755164,0.00732312934537663,0.114608060605824,0.05581893729478622,0.006243220697955016,0.002440962038449874,0.05023540737153962,0.202,14315.6,/home/joaoabitante/speculative-decoding-unlearning/saves/unlearn/sud/results/original-unlearned/target-Llama-3.1-8B-Instruct/draft-Llama-3.1-8B-Instruct_SimNPO/forget05/a0.7_k1_s0
original-unlearned,Llama-3.1-8B-Instruct,Llama-3.1-8B-Instruct_SimNPO,forget05,0.8,1,0,True,0.5138644324956749,0.48822420295443264,0.5137021387257904,0.4234759771334657,0.6535720162126974,0.5444679223437147,0.008539483949831865,0.7503887557983399,0.11836486969769443,0.06847290742211044,0.8173600434744731,0.6358808963625096,0.785175,0.7750250000000001,0.64535,0.6755,-65.05514133813993,0.7365541248396039,0.43934929290235997,0.431291636810228,0.5479181854893772,0.44454566414284735,0.6044245092972993,0.45091957458408805,0.7125,0.8148148148148149,0.3026580677887867,0.01628537253243849,0.007446005812302534,0.11628435896476731,0.05839738762539549,0.006095740148430194,0.002584046041550853,0.04592915303702466,0.201,14315.6,/home/joaoabitante/speculative-decoding-unlearning/saves/unlearn/sud/results/original-unlearned/target-Llama-3.1-8B-Instruct/draft-Llama-3.1-8B-Instruct_SimNPO/forget05/a0.8_k1_s0
original-unlearned,Llama-3.1-8B-Instruct,Llama-3.1-8B-Instruct_SimNPO,forget05,0.9,1,0,True,0.6698018508725352,0.6184184918902785,0.6042690133986341,0.809891014211625,0.6292036880186141,0.5098248839576273,0.11228360286766195,0.6640777744352817,0.08372425504741891,0.05289592581568286,0.8215825788665098,0.6686887545070413,0.503925,0.488925,0.41355000000000003,0.419475,-20.615874491982623,0.6108974973298609,0.4237648597746418,0.4381069770900099,0.5558255494967315,0.43918704482480997,0.6031827799724092,0.39564675297767204,0.5685,0.7388888888888889,0.2788246187552763,0.01619032853959652,0.0075686212796842725,0.11400197830516845,0.05919533118612435,0.005862063260507665,0.002735381712248163,0.03963816838641651,0.204,14315.6,/home/joaoabitante/speculative-decoding-unlearning/saves/unlearn/sud/results/original-unlearned/target-Llama-3.1-8B-Instruct/draft-Llama-3.1-8B-Instruct_SimNPO/forget05/a0.9_k1_s0
original-unlearned,Llama-3.1-8B-Instruct,Llama-3.1-8B-Instruct_SimNPO,forget05,0.95,1,0,True,0.6823615964251917,0.6308529609682325,0.6457209646051096,0.8349071628272108,0.6060233442314638,0.497742290611296,0.32811544409418575,0.6139253185689449,0.06875780706740547,0.04533305402845144,0.7745146856002976,0.6742481292472435,0.32485,0.31595,0.31510000000000005,0.2962,6.251941595798102,0.540729347858578,0.41490071046962285,0.4413285383493269,0.5593407569288361,0.43620944519270455,0.6019050239590369,0.37439917626448144,0.5728333333333333,0.7153846153846153,0.25348285470661924,0.01601356195358676,0.007617553359037458,0.11108947156462819,0.058746389207562116,0.0057035678954343895,0.0028105465594247306,0.03604265006165951,0.203,14315.6,/home/joaoabitante/speculative-decoding-unlearning/saves/unlearn/sud/results/original-unlearned/target-Llama-3.1-8B-Instruct/draft-Llama-3.1-8B-Instruct_SimNPO/forget05/a0.95_k1_s0
original-unlearned,Llama-3.1-8B-Instruct,Llama-3.1-8B-Instruct_SimNPO,forget05,0.98,1,0,True,0.6327808887304058,0.5856642950359202,0.6643492444957485,0.6408737785851554,0.5968811095040554,0.4861953658396558,0.6284308022715471,0.5882804501056671,0.06460396306326205,0.0409779284032993,0.7728186237066984,0.6755401088943463,0.23157499999999998,0.22919999999999996,0.26557499999999995,0.22982499999999997,19.726623171834966,0.49757981221191583,0.40922810121767755,0.44311028855449797,0.5612449609414623,0.43430606672900707,0.6003871319021215,0.35649063192836666,0.5458333333333334,0.7072649572649573,0.2501806407642954,0.015852671037719118,0.007639210714171732,0.108732069961261,0.05816853249213955,0.005592667469018123,0.002854284824715649,0.03379877868830226,2839.618,36887.7,/home/joaoabitante/speculative-decoding-unlearning/saves/unlearn/sud/results/original-unlearned/target-Llama-3.1-8B-Instruct/draft-Llama-3.1-8B-Instruct_SimNPO/forget05/a0.98_k1_s0
original-unlearned,Llama-3.1-8B-Instruct,Llama-3.1-8B-Instruct_SimNPO,forget05,0.99,1,0,True,0.6110697848702508,0.5631372404393702,0.6720118025440704,0.58236975719959,0.5867746837386068,0.471229783992945,0.5452713464323318,0.5770227728784084,0.06358502366932264,0.03956406370270997,0.7773895369656384,0.6761387102649556,0.20465,0.204525,0.250075,0.210225,23.559335193606817,0.4831513404287398,0.4072694510490956,0.4436692907547733,0.5617840112871166,0.43365038809604955,0.5997528798254304,0.348844174595087,0.4406666666666667,0.699002849002849,0.23568124027104453,0.01578876410945668,0.007644807802261055,0.10784280085004866,0.057921977079060355,0.005552866381273511,0.0028685050790351716,0.033041109383571896,2792.501,36887.7,/home/joaoabitante/speculative-decoding-unlearning/saves/unlearn/sud/results/original-unlearned/target-Llama-3.1-8B-Instruct/draft-Llama-3.1-8B-Instruct_SimNPO/forget05/a0.99_k1_s0
original-unlearned,Llama-3.1-8B-Instruct,Llama-3.1-8B-Instruct_SimNPO,forget05,0.995,1,0,True,0.5975975262090246,0.5567300003976435,0.6751951899074475,0.553657158447869,0.5770753358574698,0.47587699196555316,0.5452713464323318,0.5722573484480381,0.06335437679763654,0.03886485704453662,0.7329397508432157,0.6764607098420785,0.19175,0.191175,0.24352500000000002,0.2012,25.632960542772153,0.47594116264022884,0.40627882303639096,0.44394151750739574,0.5620340731201402,0.43331834790456275,0.599411458391812,0.3447282811842811,0.5166666666666666,0.664102564102564,0.23756245479780788,0.01575477963036974,0.0076472585813318695,0.1073786542750895,0.05778837717090056,0.0055324144539433,0.0028755345087260525,0.03266090789227746,2837.473,36887.7,/home/joaoabitante/speculative-decoding-unlearning/saves/unlearn/sud/results/original-unlearned/target-Llama-3.1-8B-Instruct/draft-Llama-3.1-8B-Instruct_SimNPO/forget05/a0.995_k1_s0
original-unlearned,Llama-3.1-8B-Instruct,Llama-3.1-8B-Instruct_SimNPO,forget10,0.1,1,0,True,0.0032218354216145494,0.0032210163949107015,0.007719246189256406,0.001249668283177572,0.7206813840873084,0.615633237942189,9.46850627170962e-25,0.997911888062954,0.9723321678221317,0.07693225282477215,0.8689548933925108,0.4860542458431843,0.99885,0.9988625,0.9990875,0.9995562499999999,-99.81649154452535,0.9894472418725491,0.5200809843308976,0.38931498389502983,0.48828640866133954,0.4655127107121481,0.6106672953137473,0.9439688827906261,0.9055,0.8931623931623932,0.9387076756091467,0.014121974881127243,0.006002004260949555,0.07097214815323241,0.028533148977271133,0.0062054876868986265,0.0016926126518657105,0.03146557402449253,0.02,32121.0,/home/joaoabitante/speculative-decoding-unlearning/saves/unlearn/sud/results/original-unlearned/target-Llama-3.1-8B-Instruct/draft-Llama-3.1-8B-Instruct_SimNPO/forget10/a0.1_k1_s0
original-unlearned,Llama-3.1-8B-Instruct,Llama-3.1-8B-Instruct_SimNPO,forget10,0.2,1,0,True,0.0056109128711087485,0.005608283812755398,0.014208869223769424,0.002160295121562,0.7173286079415789,0.6080115461925624,8.969123776103959e-23,0.996115045696497,0.9523916246702376,0.08674172173952684,0.8745716859679669,0.4971820133046789,0.9978375,0.99786875,0.9992375,0.9988375,-99.65617373213314,0.985964080542326,0.511013361138619,0.3842870546697467,0.4812199403480281,0.4560734901980363,0.6013946015455491,0.9225969978766624,0.9055,0.9031339031339031,0.8915807556739799,0.012835762675022124,0.005422722863532536,0.0792684979585465,0.03301040751102899,0.005907791521713081,0.001628696907538799,0.03736292508115002,0.018,32121.0,/home/joaoabitante/speculative-decoding-unlearning/saves/unlearn/sud/results/original-unlearned/target-Llama-3.1-8B-Instruct/draft-Llama-3.1-8B-Instruct_SimNPO/forget10/a0.2_k1_s0
original-unlearned,Llama-3.1-8B-Instruct,Llama-3.1-8B-Instruct_SimNPO,forget10,0.3,1,0,True,0.009631009834809233,0.009622866575733559,0.048649452950984697,0.0034539265249543907,0.7076925446664175,0.5964303609508769,6.916893189690245e-21,0.9860868079960347,0.8625838730837464,0.09548506316030397,0.8699855836853385,0.5091911622727244,0.9974812500000001,0.9974875000000001,0.99853125,0.9977937500000001,-99.59466815630972,0.9792200930416584,0.5021825136890044,0.37981070853389454,0.4748912388571626,0.44731737243425573,0.5907436981430695,0.8845138336136693,0.9039999999999999,0.852136752136752,0.8003343062366695,0.0117512430574061,0.004926004340054032,0.0878908553160727,0.0378332932300047,0.005620016480986578,0.0015660895781090033,0.04333157758061134,0.021,32121.0,/home/joaoabitante/speculative-decoding-unlearning/saves/unlearn/sud/results/original-unlearned/target-Llama-3.1-8B-Instruct/draft-Llama-3.1-8B-Instruct_SimNPO/forget10/a0.3_k1_s0
original-unlearned,Llama-3.1-8B-Instruct,Llama-3.1-8B-Instruct_SimNPO,forget10,0.4,1,0,True,0.017914237813847236,0.017884952157663923,0.10440661330189142,0.006391647870936241,0.6981049300327407,0.5859385133366521,4.353260441808186e-19,0.9687329702079296,0.6976159330682564,0.10047929361695424,0.8633825583162252,0.5234443754056667,0.99693125,0.99698125,0.9789062500000001,0.9964812500000001,-99.51299681792123,0.9660775622725487,0.49351415894273715,0.37607556899894656,0.4709500784212463,0.43913654771280397,0.579986725637637,0.829763011203479,0.8805,0.8518518518518519,0.6660206902175,0.010832305132134934,0.004499101867081828,0.09647943826159462,0.042860663135151446,0.0053389298199507116,0.0015063118099675602,0.048214888808870454,0.02,32121.0,/home/joaoabitante/speculative-decoding-unlearning/saves/unlearn/sud/results/original-unlearned/target-Llama-3.1-8B-Instruct/draft-Llama-3.1-8B-Instruct_SimNPO/forget10/a0.4_k1_s0
original-unlearned,Llama-3.1-8B-Instruct,Llama-3.1-8B-Instruct_SimNPO,forget10,0.5,1,0,True,0.04322764327089231,0.04304745160636693,0.20379359540710773,0.01586656634770929,0.6814301235339508,0.5688274243230049,4.2392996435511593e-17,0.9323321907222271,0.470780689579938,0.09955723660765216,0.8496166925865691,0.5406907478711045,0.99409375,0.9941562500000002,0.8417,0.98219375,-99.05725058395095,0.9411493676900864,0.4848543669760897,0.37325668571934456,0.4692228251156946,0.43136377111675395,0.5745515230213281,0.7157218573240743,0.7895,0.8589743589743589,0.5266427723103788,0.010039040486917656,0.004126767002122928,0.10450252132257447,0.04786208370982055,0.00505844052999881,0.0014488285252876908,0.05088546860756469,0.02,32121.0,/home/joaoabitante/speculative-decoding-unlearning/saves/unlearn/sud/results/original-unlearned/target-Llama-3.1-8B-Instruct/draft-Llama-3.1-8B-Instruct_SimNPO/forget10/a0.5_k1_s0
original-unlearned,Llama-3.1-8B-Instruct,Llama-3.1-8B-Instruct_SimNPO,forget10,0.6,1,0,True,0.1320428527982205,0.13026453410221978,0.31234920296703766,0.05548560818445564,0.6686009470315786,0.5537640376508837,1.8397341057158477e-14,0.882773799598217,0.28223850085418845,0.09250281575368717,0.8435276294371579,0.5616364569014131,0.9801000000000001,0.9791875,0.719825,0.92793125,-96.64240051678519,0.8974001647531986,0.4759043602945264,0.37147059776568453,0.4679681384528389,0.4237749031194958,0.5674047917437172,0.6404482035645042,0.7545000000000001,0.834045584045584,0.43107354397820963,0.00932697393858689,0.0037947080481177844,0.11121640732279048,0.05250196138304654,0.004769461572230967,0.001392216954449446,0.050987280473054855,0.018,32121.0,/home/joaoabitante/speculative-decoding-unlearning/saves/unlearn/sud/results/original-unlearned/target-Llama-3.1-8B-Instruct/draft-Llama-3.1-8B-Instruct_SimNPO/forget10/a0.6_k1_s0
original-unlearned,Llama-3.1-8B-Instruct,Llama-3.1-8B-Instruct_SimNPO,forget10,0.7,1,0,True,0.32239333194885705,0.3119356480670946,0.4272955870183588,0.18526794414381234,0.6379523349021341,0.5320620291038787,3.647961791830168e-11,0.8138217703998089,0.16365455698680548,0.08046608933014796,0.7964634799014312,0.5858854267752114,0.9281625000000001,0.9208999999999998,0.53733125,0.8308625,-87.2391054326985,0.8274995141476392,0.46632520684024825,0.3702604363586242,0.46860547273066977,0.41607245361251577,0.5588548966218786,0.5504384962969324,0.6945,0.7823361823361823,0.35880175233422024,0.008643887379676016,0.0034884513548630197,0.11564024313353002,0.05634380972738104,0.0044639855162798385,0.0013351611637464093,0.04848072270004195,0.019,32121.0,/home/joaoabitante/speculative-decoding-unlearning/saves/unlearn/sud/results/original-unlearned/target-Llama-3.1-8B-Instruct/draft-Llama-3.1-8B-Instruct_SimNPO/forget10/a0.7_k1_s0
original-unlearned,Llama-3.1-8B-Instruct,Llama-3.1-8B-Instruct_SimNPO,forget10,0.8,1,0,True,0.5232709786007248,0.49334485891688673,0.524149473229778,0.45483904276895787,0.6147284618318641,0.5064557046541799,5.974773347845895e-08,0.7376688098162413,0.11095384174420936,0.06529983459156938,0.781883649918018,0.6154706409422175,0.77920625,0.7659625000000001,0.3315625,0.64209375,-62.24364273330883,0.7283088367432355,0.45551325186606517,0.3684463501798323,0.46692655875277544,0.4078992950973167,0.5525071493634939,0.49103950602018853,0.596,0.7296296296296296,0.30982307949498855,0.007940719740290661,0.003189361932121227,0.11678851932520047,0.05885724598254285,0.004135694752827466,0.0012768113850371422,0.04355048025699215,0.019,32121.0,/home/joaoabitante/speculative-decoding-unlearning/saves/unlearn/sud/results/original-unlearned/target-Llama-3.1-8B-Instruct/draft-Llama-3.1-8B-Instruct_SimNPO/forget10/a0.8_k1_s0
original-unlearned,Llama-3.1-8B-Instruct,Llama-3.1-8B-Instruct_SimNPO,forget10,0.9,1,0,True,0.6125796989718943,0.5683784773045294,0.618081087691413,0.6553602811879581,0.5702772639823923,0.46851921577616634,0.0022938851536275073,0.64181521628052,0.07474552375448447,0.0496815797383897,0.7285009431786602,0.6465273048162247,0.4717375,0.45238125,0.17723125,0.38265,-11.65480247447541,0.6048423260450363,0.44261080025220406,0.365461831324092,0.47099287777269794,0.3989376122089169,0.5467919861785875,0.43201649845537005,0.42950000000000005,0.6854700854700854,0.28212220155838336,0.007190949200858086,0.0028727849848475405,0.11374588124454021,0.059440864414684144,0.003775882706183325,0.0012150743987549234,0.037124282114251395,0.019,32121.0,/home/joaoabitante/speculative-decoding-unlearning/saves/unlearn/sud/results/original-unlearned/target-Llama-3.1-8B-Instruct/draft-Llama-3.1-8B-Instruct_SimNPO/forget10/a0.9_k1_s0
original-unlearned,Llama-3.1-8B-Instruct,Llama-3.1-8B-Instruct_SimNPO,forget10,0.95,1,0,True,0.5686520894117828,0.5263485516935354,0.6575449676802863,0.5146229434944657,0.5519815733225525,0.44729392370561116,0.054052912731737235,0.5915485730394721,0.06219621418305266,0.04236632814252516,0.7206464750284794,0.6559954416170988,0.30006250000000007,0.28220625,0.1208375,0.2626375,15.798866681594895,0.5379322582110763,0.43503713403593625,0.3633820393140212,0.47200685548544824,0.3940758131807127,0.5413924870003274,0.4071033696494458,0.3743333333333333,0.6327635327635327,0.25443035405528713,0.006784848922784477,0.002701151890193175,0.11040267720352859,0.0588234510994647,0.003578610355887016,0.0011816708760213474,0.03364347256701149,0.023,32121.0,/home/joaoabitante/speculative-decoding-unlearning/saves/unlearn/sud/results/original-unlearned/target-Llama-3.1-8B-Instruct/draft-Llama-3.1-8B-Instruct_SimNPO/forget10/a0.95_k1_s0
original-unlearned,Llama-3.1-8B-Instruct,Llama-3.1-8B-Instruct_SimNPO,forget10,0.98,1,0,True,0.5074918334851588,0.4731232659783478,0.6792137313898547,0.3866147770378437,0.5397875931287803,0.43821254685991,0.18096072488295206,0.5603150519542396,0.05765718003092016,0.03821943481714698,0.7026599696499761,0.6605527943451037,0.21206875,0.1979875,0.09423125,0.2026625,29.385549209802896,0.4973298078402877,0.43010397305038467,0.36186561400926825,0.47208066785087893,0.3910102752883967,0.537880327902749,0.38979172464568146,0.3643333333333334,0.6274928774928774,0.24990709820560147,0.006526058958866088,0.0025933302786495267,0.10777334694052115,0.05812573767730498,0.0034530231737450972,0.001160474547018512,0.03151532916909491,0.018,32121.0,/home/joaoabitante/speculative-decoding-unlearning/saves/unlearn/sud/results/original-unlearned/target-Llama-3.1-8B-Instruct/draft-Llama-3.1-8B-Instruct_SimNPO/forget10/a0.98_k1_s0
original-unlearned,Llama-3.1-8B-Instruct,Llama-3.1-8B-Instruct_SimNPO,forget10,0.99,1,0,True,0.4805719641961308,0.447117517328603,0.6856627284806706,0.3495166750899788,0.5200141484180413,0.4183910300943572,0.32218506015364723,0.5508265539817512,0.05570650079554712,0.036882028177642495,0.6868412081390852,0.6621756616552064,0.18640625000000002,0.17363125000000001,0.08681249999999999,0.1851625,33.31484804560449,0.4838240434229374,0.4283621441711249,0.36130909629998004,0.4720007010767573,0.3899606208393782,0.5365452235299936,0.38630702375823234,0.293,0.5575498575498575,0.24566702914236227,0.0064368405187860845,0.002556588285419889,0.10679168202448636,0.05783635319698294,0.003409814030296215,0.0011531849714260395,0.030802626701202828,0.018,32121.0,/home/joaoabitante/speculative-decoding-unlearning/saves/unlearn/sud/results/original-unlearned/target-Llama-3.1-8B-Instruct/draft-Llama-3.1-8B-Instruct_SimNPO/forget10/a0.99_k1_s0
original-unlearned,Llama-3.1-8B-Instruct,Llama-3.1-8B-Instruct_SimNPO,forget10,0.995,1,0,True,0.46908437188803115,0.43938788440691046,0.6882584330840112,0.3313361530650406,0.5196391397699215,0.42433029758142227,0.3670864569817871,0.5469506812654436,0.05547549775603345,0.03622207632535719,0.6701649001892656,0.6630473143340603,0.17485625,0.16238125,0.08287499999999998,0.17693750000000003,35.12976667645973,0.4770862452313304,0.4274708002022388,0.3610206911127096,0.47193916561611826,0.38943032315490445,0.5358455308128568,0.384394835627986,0.32299999999999995,0.57008547008547,0.25000400498456704,0.00639163880121032,0.0025380698230548873,0.10628110590856522,0.05768083509678695,0.00338794667116062,0.0011494945334233962,0.03044593941842322,0.018,32121.0,/home/joaoabitante/speculative-decoding-unlearning/saves/unlearn/sud/results/original-unlearned/target-Llama-3.1-8B-Instruct/draft-Llama-3.1-8B-Instruct_SimNPO/forget10/a0.995_k1_s0
original-unlearned,Llama-3.1-8B-Instruct,Llama-3.1-8B-Instruct_WGA,forget05,0.1,1,0,True,0.0,0.0,0.008877613219969044,0.0,0.7220722013799135,0.6239043953091091,2.8873674273022313e-11,0.9976004898548126,0.9674563709316999,0.07819595165085047,0.8569006407260895,0.49825170350946735,1.0,1.0,0.999875,0.99995,-99.99999998446722,0.9906656868755818,0.527994141385107,0.39640268203106094,0.4969802776345938,0.47595926784130865,0.6176104055206513,0.9546488747253957,0.9179999999999999,0.8849002849002849,0.941661256421844,0.015492976375098806,0.006912064019470148,0.06602284866617993,0.025635922670776638,0.00648991994163301,0.0018277302832546266,0.032433902661083265,2824.178,34994.3,/home/joaoabitante/speculative-decoding-unlearning/saves/unlearn/sud/results/original-unlearned/target-Llama-3.1-8B-Instruct/draft-Llama-3.1-8B-Instruct_WGA/forget05/a0.1_k1_s0
original-unlearned,Llama-3.1-8B-Instruct,Llama-3.1-8B-Instruct_WGA,forget05,0.2,1,0,True,0.0,0.0,0.01141462951908828,0.0,0.7206424804445478,0.6247001555522869,4.869254633582969e-10,0.9968807932734489,0.9626836436589727,0.09413783214055002,0.851401990717277,0.5177756546346294,1.0,1.0,0.999875,0.99995,-99.99999998446722,0.9895177401602269,0.5264754849181243,0.3988019065118401,0.4995608446216339,0.4763083653019707,0.6171806719363019,0.9399179653006036,0.903,0.9119658119658118,0.9229371568382788,0.015351573243733582,0.007217598605392169,0.06870633643702603,0.026751022158107415,0.006446628734117135,0.0019068094771139282,0.041659197612665594,2830.164,34994.3,/home/joaoabitante/speculative-decoding-unlearning/saves/unlearn/sud/results/original-unlearned/target-Llama-3.1-8B-Instruct/draft-Llama-3.1-8B-Instruct_WGA/forget05/a0.2_k1_s0
original-unlearned,Llama-3.1-8B-Instruct,Llama-3.1-8B-Instruct_WGA,forget05,0.3,1,0,True,0.0003413804561885539,0.000341373373168603,0.012697861913317288,0.00011484121766152801,0.7037914355230994,0.6237481886684753,2.4125498977354686e-08,0.9965394294261932,0.9566142788396078,0.11203920431435108,0.8074023231118918,0.535119504185966,0.99995,0.999925,0.999875,0.999925,-99.98835040385393,0.9876463174819946,0.5252108561868012,0.4011816623187842,0.5023876043690344,0.4767071060444812,0.6165010515869096,0.9213709345336716,0.9330000000000002,0.8678062678062678,0.8148522535606552,0.015263243092431367,0.007572873742563818,0.0712956632359419,0.02780429325430421,0.006408659420594252,0.00199594035751469,0.05251803742954508,2915.576,34994.3,/home/joaoabitante/speculative-decoding-unlearning/saves/unlearn/sud/results/original-unlearned/target-Llama-3.1-8B-Instruct/draft-Llama-3.1-8B-Instruct_WGA/forget05/a0.3_k1_s0
original-unlearned,Llama-3.1-8B-Instruct,Llama-3.1-8B-Instruct_WGA,forget05,0.4,1,0,True,0.00055417069795752,0.0005541720505332033,0.021301329200865977,0.00018639546127048113,0.6205295375659285,0.6256592733665114,8.114129962716335e-08,0.9941495442390442,0.9279823079616045,0.12906946744769812,0.6154832343838643,0.5490944133040749,0.9999,0.9999,0.9999,0.9998,-99.98446721031617,0.9846309246122837,0.524215479222731,0.40356151936451135,0.5050277825607544,0.4771576351352288,0.6171007103983932,0.9162451990775173,0.9229999999999999,0.8988603988603988,0.6958285326941853,0.015242647184077213,0.007984659530183274,0.07374106743256562,0.028773369764920034,0.006374115396693772,0.0020960517865506816,0.06344271984603257,3867.681,34994.3,/home/joaoabitante/speculative-decoding-unlearning/saves/unlearn/sud/results/original-unlearned/target-Llama-3.1-8B-Instruct/draft-Llama-3.1-8B-Instruct_WGA/forget05/a0.4_k1_s0
original-unlearned,Llama-3.1-8B-Instruct,Llama-3.1-8B-Instruct_WGA,forget05,0.5,1,0,True,0.0014174771754165844,0.0014181624276920232,0.03416485910998106,0.00047972343296134385,0.3799462920562811,0.6213902452386367,2.4125498977354686e-08,0.9904370072484017,0.8954223334314725,0.1354234205558896,0.27362721601719386,0.5584461054125665,0.998475,0.9990749999999999,0.999925,0.998225,-99.85632182357,0.9798320719599724,0.5234226043630315,0.4059696557972348,0.507426849572769,0.4776614180727084,0.6185897532406407,0.8842162754702233,0.9009999999999999,0.8564102564102564,0.41813110800136255,0.015290965977364977,0.008460712429715191,0.07598126831464469,0.02963286887737246,0.006340604385876911,0.00220817081933379,0.06933703890442848,6404.934,34994.3,/home/joaoabitante/speculative-decoding-unlearning/saves/unlearn/sud/results/original-unlearned/target-Llama-3.1-8B-Instruct/draft-Llama-3.1-8B-Instruct_WGA/forget05/a0.5_k1_s0
original-unlearned,Llama-3.1-8B-Instruct,Llama-3.1-8B-Instruct_WGA,forget05,0.6,1,0,True,0.002752146257147546,0.002766536293172149,0.0703891908683671,0.0009358287257203585,0.13736227828997186,0.6210713640722865,4.448673570292354e-08,0.9798851096630097,0.7637466409738076,0.11230593036860227,0.0772205713459698,0.5703745301853592,0.98555,0.993725,0.999875,0.977525,-99.02531840648876,0.9725074006617069,0.5229144320465577,0.40843402564691234,0.5115664820987924,0.47821973412320085,0.620809078944009,0.8357070952950346,0.912,0.8678062678062678,0.16373040730255095,0.015400969850888941,0.009009839756086949,0.07795299748890101,0.03035760283162068,0.006305019592714415,0.002333305147473475,0.06111260889656842,6741.463,34994.3,/home/joaoabitante/speculative-decoding-unlearning/saves/unlearn/sud/results/original-unlearned/target-Llama-3.1-8B-Instruct/draft-Llama-3.1-8B-Instruct_WGA/forget05/a0.6_k1_s0
original-unlearned,Llama-3.1-8B-Instruct,Llama-3.1-8B-Instruct_WGA,forget05,0.7,1,0,True,0.009123946165037375,0.009590891385121909,0.1778087966116222,0.0032725558173368353,0.056787485354421394,0.6245303999107672,6.734842895808746e-06,0.9434396004676819,0.5206651162289595,0.05897271627793089,0.029746124909434003,0.5998916407305844,0.784175,0.9477000000000001,0.999575,0.687775,-91.8763591034675,0.9619283059239387,0.5227778267456613,0.4109795255457695,0.5155148971448442,0.47883409811459837,0.6232720405011086,0.8282184165005133,0.9229999999999999,0.9076923076923076,0.06826263591653776,0.015561242714356922,0.009641843709759141,0.07961138705257326,0.030930486005427724,0.006263643069175941,0.0024723014025205873,0.037252094198251144,6983.301,34994.3,/home/joaoabitante/speculative-decoding-unlearning/saves/unlearn/sud/results/original-unlearned/target-Llama-3.1-8B-Instruct/draft-Llama-3.1-8B-Instruct_WGA/forget05/a0.7_k1_s0
original-unlearned,Llama-3.1-8B-Instruct,Llama-3.1-8B-Instruct_WGA,forget05,0.8,1,0,False,,,,,,,0.0014264303851701861,,,0.01697254800295923,,0.6637487306091898,,,,,,,,,,,,,,,,,,,,,,0.0157258604025119,,,/home/joaoabitante/speculative-decoding-unlearning/saves/unlearn/sud/results/original-unlearned/target-Llama-3.1-8B-Instruct/draft-Llama-3.1-8B-Instruct_WGA/forget05/a0.8_k1_s0
original-unlearned,Llama-3.1-8B-Instruct,Llama-3.1-8B-Instruct_WGA,forget10,0.1,1,0,True,0.0025433722875325437,0.0025429052395832753,0.007415707589984927,0.00095848679172846,0.7266221293320854,0.6277963949458125,2.0132797133922014e-23,0.9979556195437909,0.9787827257426684,0.08075001911493018,0.8623743948293849,0.4924656041833362,0.9991062500000001,0.9991375,0.9994000000000001,0.9996375,-99.8608562221685,0.9910541085898876,0.5242622009551203,0.399410838379818,0.5031162725419114,0.4776268977368215,0.6210859326349885,0.9535526212903889,0.9515,0.8891737891737892,0.9415568604926685,0.016484329866125337,0.007085397599874369,0.06680631121853367,0.026222330628427094,0.006741040671922366,0.0018900962276331282,0.03352593028235424,0.025,32121.0,/home/joaoabitante/speculative-decoding-unlearning/saves/unlearn/sud/results/original-unlearned/target-Llama-3.1-8B-Instruct/draft-Llama-3.1-8B-Instruct_WGA/forget10/a0.1_k1_s0
original-unlearned,Llama-3.1-8B-Instruct,Llama-3.1-8B-Instruct_WGA,forget10,0.2,1,0,True,0.003252531328603545,0.0032518198598313363,0.009906278855854154,0.0012194728259218965,0.7215140066241557,0.6298108962228385,3.4004838027527454e-21,0.9972687038779259,0.9710926894960272,0.09603629340650514,0.8444727898808196,0.5106710267219624,0.998125,0.9981625000000001,0.9996937499999999,0.99924375,-99.70356327416104,0.9901565459370613,0.5186433193764834,0.4049755774511082,0.5119611314903727,0.4796459758682199,0.6243808065766456,0.9379642619651696,0.9440000000000001,0.8948717948717948,0.8926579792207473,0.01735083702586053,0.007586601487802751,0.07029657583101652,0.027981949592800415,0.006949367018537486,0.0020368362893347118,0.042529757935641094,0.02,32121.0,/home/joaoabitante/speculative-decoding-unlearning/saves/unlearn/sud/results/original-unlearned/target-Llama-3.1-8B-Instruct/draft-Llama-3.1-8B-Instruct_WGA/forget10/a0.2_k1_s0
original-unlearned,Llama-3.1-8B-Instruct,Llama-3.1-8B-Instruct_WGA,forget10,0.3,1,0,True,0.0057351980399203886,0.005733125998319112,0.018878266862457006,0.002133484011432449,0.71539602987652,0.6301679581522655,5.627715395305929e-20,0.9947223126888275,0.9484079068862995,0.11278114337474107,0.8272832777438452,0.5271502214209424,0.9975625,0.99755625,0.99948125,0.9981000000000001,-99.6057593257205,0.9882158575952054,0.5129243722691865,0.41068542995486873,0.520512671862662,0.4817121600732048,0.6277063073036808,0.9223374264623115,0.9059999999999999,0.9031339031339032,0.8203666567135545,0.018275187807012115,0.008161656104196686,0.0737014819891192,0.029735681217213882,0.0071644297552753275,0.002199672738518401,0.0528959691428463,0.019,32121.0,/home/joaoabitante/speculative-decoding-unlearning/saves/unlearn/sud/results/original-unlearned/target-Llama-3.1-8B-Instruct/draft-Llama-3.1-8B-Instruct_WGA/forget10/a0.3_k1_s0
original-unlearned,Llama-3.1-8B-Instruct,Llama-3.1-8B-Instruct_WGA,forget10,0.4,1,0,True,0.012960292096784653,0.012961228934538606,0.04034585599878291,0.004876056901514351,0.6223439532475491,0.628892296203125,3.2024272501633618e-18,0.9883675998449326,0.9017426501942054,0.12721552820177748,0.6159305742612924,0.5397013190607641,0.99728125,0.9973624999999999,0.9953125,0.9972250000000001,-99.57450239374465,0.9847449938952922,0.5070860123801347,0.41654610982326973,0.5286546377500168,0.48382280160575497,0.631313578461013,0.9139420945136559,0.858,0.8924501424501423,0.6399814143773567,0.01926874553981179,0.008819207002355474,0.07695507213589735,0.0314565761322625,0.007385640679228042,0.002380676932627053,0.06256500843848334,0.021,32121.0,/home/joaoabitante/speculative-decoding-unlearning/saves/unlearn/sud/results/original-unlearned/target-Llama-3.1-8B-Instruct/draft-Llama-3.1-8B-Instruct_WGA/forget10/a0.4_k1_s0
original-unlearned,Llama-3.1-8B-Instruct,Llama-3.1-8B-Instruct_WGA,forget10,0.6,1,0,True,0.16789090629405815,0.25259588196238764,0.2476041076652643,0.15996272975138667,0.1319507565284091,0.630311651407467,2.776495661774257e-16,0.8943005235120655,0.7347245923214899,0.101460906372522,0.07368842232011957,0.5520435673987815,0.8942500000000001,0.9303562499999999,0.8885812500000001,0.8772875,-88.76464537074517,0.9708786077797413,0.4949670012888417,0.4287513312493333,0.5466729915122776,0.48816482415949625,0.6428435759932235,0.8484483193921526,0.8654999999999999,0.8860398860398859,0.15768762435746145,0.021508029692304264,0.010421800762967174,0.08275501528405585,0.034653594392924175,0.00784335041120888,0.0028074992794418384,0.055506054397992555,0.023,32121.0,/home/joaoabitante/speculative-decoding-unlearning/saves/unlearn/sud/results/original-unlearned/target-Llama-3.1-8B-Instruct/draft-Llama-3.1-8B-Instruct_WGA/forget10/a0.6_k1_s0
original-unlearned,Llama-3.1-8B-Instruct,Llama-3.1-8B-Instruct_WGA,forget10,0.98,1,0,True,0.036812747862555055,0.04058849421175513,0.8869287813819274,0.014048755146464635,0.10886914669980122,0.6232852702413003,1.3990395281788573e-20,0.17890763861127199,0.03851502338507205,0.0008456516679874895,0.05964353730472794,0.7992640577482812,0.008150000000000003,0.027149999999999987,0.8239,0.0014187499999999981,56.94609690746801,0.8882388484105468,0.47286530197700055,0.45354849971892036,0.5929526733763641,0.4968430003729865,0.6669533149073839,0.6603678017283849,0.8498333333333332,0.9052706552706552,0.03603653600787807,0.02658765603770007,0.014818354081916165,0.08852197054075077,0.03844951345727887,0.008681878680808192,0.003923101664687617,0.0049715905066805115,10528.307,35620.8,/home/joaoabitante/speculative-decoding-unlearning/saves/unlearn/sud/results/original-unlearned/target-Llama-3.1-8B-Instruct/draft-Llama-3.1-8B-Instruct_WGA/forget10/a0.98_k1_s0
original-unlearned,Llama-3.1-8B-Instruct,Llama-3.1-8B-Instruct_WGA,forget10,0.99,1,0,True,0.03139571086064259,0.03417983805522358,0.9016145053417846,0.011756852494310788,0.10651267930775044,0.6229978943240416,2.0132797133922014e-23,0.13452198488637804,0.0359202293895954,0.0007601796082505849,0.05823445243164315,0.8044821366033594,0.007162500000000002,0.021987499999999986,0.8213875,0.0011749999999999977,57.77894290140493,0.884484341405332,0.4723459839753302,0.45422052664814117,0.5943732482806255,0.4970791671524014,0.6675752284165293,0.6424925549349558,0.89,0.889031339031339,0.038577371516549615,0.026723470013239423,0.014962710913031715,0.08852856947341933,0.03848243558509381,0.008700505151704192,0.003958726215396235,0.004887706106130391,10619.666,35620.8,/home/joaoabitante/speculative-decoding-unlearning/saves/unlearn/sud/results/original-unlearned/target-Llama-3.1-8B-Instruct/draft-Llama-3.1-8B-Instruct_WGA/forget10/a0.99_k1_s0
original-unlearned,Llama-3.1-8B-Instruct,Llama-3.1-8B-Instruct_WGA,forget10,0.995,1,0,True,0.026704854372389824,0.028841259476929514,0.9079040648458346,0.0098716761120369,0.10062621628878557,0.6187005035182377,4.416671697087842e-24,0.11474198135081679,0.03414387783199384,0.0007221368120628719,0.05476677631464554,0.8064099173249687,0.0068312500000000005,0.020256249999999986,0.8199875000000001,0.0009562499999999984,58.05823871293099,0.8825706666335463,0.4720863469984779,0.4545571869313879,0.5950765403465106,0.4971973881304783,0.6678813040861058,0.6311718856475831,0.8538333333333332,0.868945868945869,0.04035171449007126,0.026791127841097478,0.015035495318912361,0.0885282725491561,0.038497230423850795,0.008709709541705593,0.0039766664817498555,0.004847613456650516,10643.002,35620.8,/home/joaoabitante/speculative-decoding-unlearning/saves/unlearn/sud/results/original-unlearned/target-Llama-3.1-8B-Instruct/draft-Llama-3.1-8B-Instruct_WGA/forget10/a0.995_k1_s0
original-unlearned,Llama-3.2-1B-Instruct,Llama-3.2-1B-Instruct_GradDiff,forget01,0.1,1,0,True,0.0,0.0,0.08441803969016365,0.0,0.6875986688473852,0.5676743990791705,0.006760732303569208,0.975625978410244,0.6809885524313998,0.09406575304456055,0.8717633688822388,0.472270018469528,0.999375,1.0,0.998125,1.0,-99.9999999811098,0.8722491902858018,0.518146304760003,0.41329370083239475,0.5280350839054434,0.4347078693369231,0.61930886953374,0.5855883794903708,0.6445000000000001,0.7752136752136751,0.6171453150478212,0.01549831444688607,0.00510887085554468,0.08525272674742154,0.03724829622406455,0.006151631619121265,0.0018339918255186394,0.039310743882087995,0.016,4943.3,/home/joaoabitante/speculative-decoding-unlearning/saves/unlearn/sud/results/original-unlearned/target-Llama-3.2-1B-Instruct/draft-Llama-3.2-1B-Instruct_GradDiff/forget01/a0.1_k1_s0
original-unlearned,Llama-3.2-1B-Instruct,Llama-3.2-1B-Instruct_GradDiff,forget01,0.2,1,0,True,0.0,0.0,0.10771885076711676,0.0,0.6870104602628127,0.5624955314168765,0.006760732303569208,0.9681207805871963,0.607492156585866,0.09069102378562093,0.882322896644473,0.4721765065189514,0.9987499999999999,0.999375,0.99625,1.0,-99.88193622670471,0.8729594346135855,0.5187044354773199,0.41303003385544346,0.528997272135232,0.4341080574206001,0.619761397470502,0.5628263591823726,0.5978333333333333,0.8008547008547008,0.5862453866416562,0.014973857869008497,0.004869470296740171,0.0819908936083084,0.03571936669744049,0.005935675889933615,0.0017361484509598134,0.03776158174674492,0.017,4943.3,/home/joaoabitante/speculative-decoding-unlearning/saves/unlearn/sud/results/original-unlearned/target-Llama-3.2-1B-Instruct/draft-Llama-3.2-1B-Instruct_GradDiff/forget01/a0.2_k1_s0
original-unlearned,Llama-3.2-1B-Instruct,Llama-3.2-1B-Instruct_GradDiff,forget01,0.3,1,0,True,0.0,0.0,0.12594096848454808,0.0,0.6874678665634978,0.5684109935292534,0.006760732303569208,0.9620153397321701,0.5496851450957881,0.08733579060062766,0.8696132409386337,0.4721138158817192,0.99625,0.9975,0.9912500000000001,1.0,-99.52774496348945,0.8726728721708059,0.5192656899797429,0.4127408187685924,0.5299106861016555,0.4335228138561937,0.6203530130916438,0.5744578761350136,0.6515000000000001,0.7951566951566952,0.5357082439933802,0.014461546045204159,0.004642842162351882,0.07875826180796139,0.03420918099950641,0.005726374762130793,0.0016438464787928366,0.03622396695020143,0.017,4943.3,/home/joaoabitante/speculative-decoding-unlearning/saves/unlearn/sud/results/original-unlearned/target-Llama-3.2-1B-Instruct/draft-Llama-3.2-1B-Instruct_GradDiff/forget01/a0.3_k1_s0
original-unlearned,Llama-3.2-1B-Instruct,Llama-3.2-1B-Instruct_GradDiff,forget01,0.4,1,0,True,0.01175131416407299,0.011738217806094086,0.13788824706650757,0.004055841946685549,0.6754861377713129,0.5664940471289028,0.006760732303569208,0.957827290892601,0.5208374103497158,0.08401718146633357,0.8364092667587102,0.4720802485959231,0.994375,0.9950000000000001,0.9881249999999999,0.999375,-99.05548994586911,0.8714965228736401,0.519840788556165,0.41242929383379107,0.5307752880335795,0.4329490306307117,0.6209656224482606,0.5897978104041729,0.6145,0.7908831908831908,0.592105909781359,0.01396208040514466,0.004428380478654916,0.07557117449177894,0.03272496292090131,0.00552374376275452,0.0015567934964503545,0.03470598374900874,0.017,4943.3,/home/joaoabitante/speculative-decoding-unlearning/saves/unlearn/sud/results/original-unlearned/target-Llama-3.2-1B-Instruct/draft-Llama-3.2-1B-Instruct_GradDiff/forget01/a0.4_k1_s0
original-unlearned,Llama-3.2-1B-Instruct,Llama-3.2-1B-Instruct_GradDiff,forget01,0.5,1,0,True,0.02004375149797677,0.020006143681163782,0.1451276321023448,0.007076757803325756,0.678221047134542,0.5695402807541596,0.006760732303569208,0.9550941541790963,0.5208374103497158,0.08074950005393475,0.8381604231894016,0.47207362489104765,0.993125,0.994375,0.9781249999999999,0.9987499999999999,-98.93742619146401,0.8695546232163907,0.52040333034818,0.4120981159585201,0.5315903221330891,0.4323849987092206,0.6212621529582473,0.5935136723884287,0.6355,0.805128205128205,0.6405639321087016,0.013475925783677668,0.0042254782135630765,0.07244255444791634,0.03127236781976358,0.0053277249723415335,0.0014746971784432136,0.03321435620775446,741.288,24891.3,/home/joaoabitante/speculative-decoding-unlearning/saves/unlearn/sud/results/original-unlearned/target-Llama-3.2-1B-Instruct/draft-Llama-3.2-1B-Instruct_GradDiff/forget01/a0.5_k1_s0
original-unlearned,Llama-3.2-1B-Instruct,Llama-3.2-1B-Instruct_GradDiff,forget01,0.6,1,0,True,0.02900424463918545,0.028915621414093616,0.16544228021530027,0.010422644435827692,0.6926205040991635,0.5679225865573929,0.006760732303569208,0.9477003574371338,0.4608401598469506,0.07754461148288101,0.8874840587377548,0.47209313595067515,0.99,0.9924999999999999,0.960625,0.998125,-98.58323492824873,0.8669243581593037,0.5210311898800808,0.4117510565834481,0.5323564067600853,0.4318295762490172,0.6212756433190402,0.5861222700259147,0.6345000000000001,0.7937321937321938,0.5400972324228895,0.013003496043675114,0.004033547625286251,0.06938260843744501,0.02985581261563511,0.005138223235741938,0.0013972744768720512,0.031754663278115915,0.017,4943.3,/home/joaoabitante/speculative-decoding-unlearning/saves/unlearn/sud/results/original-unlearned/target-Llama-3.2-1B-Instruct/draft-Llama-3.2-1B-Instruct_GradDiff/forget01/a0.6_k1_s0
original-unlearned,Llama-3.2-1B-Instruct,Llama-3.2-1B-Instruct_GradDiff,forget01,0.7,1,0,True,0.031500160080267146,0.03139488385657576,0.18419094710677889,0.011316843507459585,0.6922328603859575,0.5669062325089709,0.006760732303569208,0.9406448200345039,0.4013589198735977,0.07441178697627038,0.8886984787881375,0.4721389347213334,0.9875,0.99,0.95125,0.998125,-98.11097991062839,0.8636341456323862,0.5216784681170323,0.4113911750823096,0.5330735693658103,0.43128267804031983,0.6213660202567952,0.5825415612806037,0.6053333333333333,0.835042735042735,0.513469450961294,0.012545006022737653,0.0038520030986830866,0.06639934258681024,0.028478695353238537,0.004955099952652518,0.001324250878674914,0.030331307510496112,746.621,24891.3,/home/joaoabitante/speculative-decoding-unlearning/saves/unlearn/sud/results/original-unlearned/target-Llama-3.2-1B-Instruct/draft-Llama-3.2-1B-Instruct_GradDiff/forget01/a0.7_k1_s0
original-unlearned,Llama-3.2-1B-Instruct,Llama-3.2-1B-Instruct_GradDiff,forget01,0.8,1,0,True,0.06196296482248165,0.06160983407155147,0.19961845383610702,0.023857002572459575,0.6711199290997605,0.5657535640909255,0.006760732303569208,0.9344991892576218,0.3657688938423952,0.07135803294368089,0.8247155711054802,0.47221323870234705,0.9849999999999999,0.9875,0.9381250000000001,0.994375,-97.63872489300805,0.8596954583376646,0.5223401482075134,0.41102152509621,0.5337420766802353,0.43074482151025706,0.6218142294007822,0.5732819467130852,0.629,0.7937321937321937,0.522207491307652,0.012100651131113409,0.0036802840453045937,0.06349893709266326,0.027143624241019893,0.004778207495223038,0.001255360717734879,0.028947725481120866,740.961,24891.3,/home/joaoabitante/speculative-decoding-unlearning/saves/unlearn/sud/results/original-unlearned/target-Llama-3.2-1B-Instruct/draft-Llama-3.2-1B-Instruct_GradDiff/forget01/a0.8_k1_s0
original-unlearned,Llama-3.2-1B-Instruct,Llama-3.2-1B-Instruct_GradDiff,forget01,0.9,1,0,True,0.06915905046666775,0.06873799722351616,0.21568675059413905,0.026847733851829973,0.668974364016274,0.5680080816274305,0.006760732303569208,0.9276666536927223,0.34636432966559283,0.06838844125159085,0.8135949411429465,0.47231785648836233,0.981875,0.98625,0.933125,0.99375,-97.40259738419785,0.8551404049247503,0.5231073402879409,0.4106447693326235,0.534362181200907,0.4302174665189026,0.6223853924378747,0.5634390023510634,0.6695,0.7951566951566952,0.5364736894751194,0.011670486854072806,0.003517853807230633,0.06068602390703745,0.02585255982145507,0.004607383047845323,0.001190354226364112,0.027606451801839283,732.582,24891.3,/home/joaoabitante/speculative-decoding-unlearning/saves/unlearn/sud/results/original-unlearned/target-Llama-3.2-1B-Instruct/draft-Llama-3.2-1B-Instruct_GradDiff/forget01/a0.9_k1_s0
original-unlearned,Llama-3.2-1B-Instruct,Llama-3.2-1B-Instruct_GradDiff,forget01,0.95,1,0,True,0.0760848849499086,0.07556897900647311,0.22156892753435445,0.02993831549970706,0.6603432859972678,0.5606801028763934,0.006760732303569208,0.9250065580010414,0.34636432966559283,0.06693638083525003,0.8030970787862316,0.4723819427620401,0.98125,0.983125,0.928125,0.993125,-96.81227861217242,0.8526479518413543,0.5235051741995643,0.41045448907312854,0.5346542169912393,0.4299580995740222,0.6227733445066885,0.5733126820094853,0.6178333333333333,0.7310541310541311,0.5113685157774044,0.011460715981156682,0.0034399585739807257,0.05931345376156969,0.025223979085349325,0.004524194052988643,0.0011592333239037426,0.026952271853224373,744.873,24891.3,/home/joaoabitante/speculative-decoding-unlearning/saves/unlearn/sud/results/original-unlearned/target-Llama-3.2-1B-Instruct/draft-Llama-3.2-1B-Instruct_GradDiff/forget01/a0.95_k1_s0
original-unlearned,Llama-3.2-1B-Instruct,Llama-3.2-1B-Instruct_GradDiff,forget01,0.98,1,0,True,0.07797851847299452,0.07735636856641276,0.2227180877713163,0.030748809113745352,0.6846651110474622,0.564976273529552,0.006760732303569208,0.9244857251644134,0.34636432966559283,0.06607575500383973,0.8686962886713445,0.4724245655754914,0.98125,0.98125,0.92375,0.993125,-96.45808734895715,0.8510877582430839,0.5237414823104055,0.41033989867416876,0.5348236741751597,0.4298040258894699,0.6229832487295125,0.5757528962280343,0.6386666666666666,0.7666666666666666,0.4902384284758637,0.011336546810471191,0.0033942458365971775,0.058500934417825196,0.024852331113269777,0.004474978694584971,0.0011409862830523382,0.026565132569521664,0.019,4943.3,/home/joaoabitante/speculative-decoding-unlearning/saves/unlearn/sud/results/original-unlearned/target-Llama-3.2-1B-Instruct/draft-Llama-3.2-1B-Instruct_GradDiff/forget01/a0.98_k1_s0
original-unlearned,Llama-3.2-1B-Instruct,Llama-3.2-1B-Instruct_GradDiff,forget01,0.99,1,0,True,0.08466565587954891,0.08396355098091052,0.22272296875961003,0.03394070578333881,0.6754637638934611,0.5628222460335482,0.006760732303569208,0.9244857251644134,0.34636432966559283,0.06579066182021051,0.8444742498220876,0.47243948179505535,0.98,0.98125,0.923125,0.9918750000000001,-96.45808734895715,0.8505572351068258,0.5238234070265269,0.41030161157423756,0.5348792075250687,0.4297528873133063,0.623049418950832,0.5544044004715668,0.6298333333333332,0.7837606837606836,0.4806431322478715,0.011295441447473423,0.00337917643820656,0.05823194736352889,0.024729371710408125,0.004458690470927043,0.0011349737461397729,0.02643698923668126,0.017,4943.3,/home/joaoabitante/speculative-decoding-unlearning/saves/unlearn/sud/results/original-unlearned/target-Llama-3.2-1B-Instruct/draft-Llama-3.2-1B-Instruct_GradDiff/forget01/a0.99_k1_s0
original-unlearned,Llama-3.2-1B-Instruct,Llama-3.2-1B-Instruct_GradDiff,forget01,0.995,1,0,True,0.08475166056045884,0.08396617268640114,0.22272540820219844,0.033955270285724246,0.6862505103969335,0.5591805479588828,0.006760732303569208,0.9244857251644134,0.34636432966559283,0.06564845831599087,0.8880549315363169,0.4724470242971071,0.98,0.98125,0.9225,0.9918750000000001,-96.45808734895715,0.8502900368720293,0.5238653279106777,0.4102825257832534,0.5349068197839487,0.4297273910650546,0.6230818167694889,0.5479993561441152,0.6145,0.7581196581196581,0.5156880197481725,0.011274941562805906,0.003371673301390734,0.05809780558280181,0.024668067169625055,0.004450568251308103,0.0011319804808054658,0.02637309046840528,0.017,4943.3,/home/joaoabitante/speculative-decoding-unlearning/saves/unlearn/sud/results/original-unlearned/target-Llama-3.2-1B-Instruct/draft-Llama-3.2-1B-Instruct_GradDiff/forget01/a0.995_k1_s0
original-unlearned,Llama-3.2-1B-Instruct,Llama-3.2-1B-Instruct_GradDiff,forget05,0.1,1,0,True,0.006382268230258731,0.006378581101826496,0.19496733397440885,0.002157799983140882,0.6719193874253275,0.5681860956007292,1.2127544312107394e-10,0.9351902580261231,0.4821846260575907,0.09608519754838199,0.821989339273423,0.48804554642671577,0.9985,0.998875,0.9962,0.9990249999999999,-99.82355707342792,0.8694368425011635,0.5134798785934934,0.41348137847629224,0.5267276731615101,0.43634106039227744,0.6195370206822643,0.5764213131731014,0.642,0.8150997150997151,0.5153262015701356,0.016498739708331413,0.005796884253190007,0.08987891514145303,0.03969083199504011,0.006581152376528886,0.0020701366775701963,0.04016579347895458,0.02,4943.3,/home/joaoabitante/speculative-decoding-unlearning/saves/unlearn/sud/results/original-unlearned/target-Llama-3.2-1B-Instruct/draft-Llama-3.2-1B-Instruct_GradDiff/forget05/a0.1_k1_s0
original-unlearned,Llama-3.2-1B-Instruct,Llama-3.2-1B-Instruct_GradDiff,forget05,0.2,1,0,True,0.09249800671934263,0.09186817771553445,0.367335824572157,0.035503740596690564,0.6473411643850844,0.5658876420479089,3.602472544567432e-09,0.846344593167305,0.2378992556865923,0.08263299258425832,0.7561861359665636,0.5053285532362133,0.97865,0.9818,0.9394500000000001,0.9819500000000001,-97.14554578150164,0.8643856627494096,0.5095758613926786,0.4133446226186907,0.5263657119363339,0.4375653263857266,0.6194884865344231,0.5315654390406361,0.6995,0.7965811965811965,0.43303692194443527,0.016931973355531225,0.0062762530948291964,0.09058965602191166,0.0403180476810862,0.006776110848947306,0.00221410889707853,0.03675079848943278,0.019,4943.3,/home/joaoabitante/speculative-decoding-unlearning/saves/unlearn/sud/results/original-unlearned/target-Llama-3.2-1B-Instruct/draft-Llama-3.2-1B-Instruct_GradDiff/forget05/a0.2_k1_s0
original-unlearned,Llama-3.2-1B-Instruct,Llama-3.2-1B-Instruct_GradDiff,forget05,0.3,1,0,True,0.4255238671944285,0.4190392786598216,0.514353076348874,0.29191613242559644,0.5951310769898134,0.5588458628502063,2.4125498977354686e-08,0.725472399443388,0.11677506238597976,0.060112321371852885,0.6364553876186255,0.5160046995143476,0.8331,0.8503000000000001,0.7029750000000001,0.816625,-76.5213299754515,0.8551298617571592,0.5054611615718908,0.4131428247638337,0.5264567108732394,0.43898531092107146,0.6191870553006148,0.543350891764381,0.6311666666666667,0.758119658119658,0.35083347039610174,0.017338055920845363,0.006805186771400636,0.09064741291105748,0.04065487118420094,0.006958346354957333,0.0023707541160568543,0.028509985745127774,0.019,4943.3,/home/joaoabitante/speculative-decoding-unlearning/saves/unlearn/sud/results/original-unlearned/target-Llama-3.2-1B-Instruct/draft-Llama-3.2-1B-Instruct_GradDiff/forget05/a0.3_k1_s0
original-unlearned,Llama-3.2-1B-Instruct,Llama-3.2-1B-Instruct_GradDiff,forget05,0.4,1,0,True,0.6123880031204804,0.6321250924083183,0.6080542869549107,0.7555283084444332,0.5179501299693678,0.5625154531512148,7.536785951251345e-05,0.6155604134872555,0.08071939341064571,0.039979448311287344,0.4799278175621293,0.5412076700177453,0.54485,0.5535,0.417975,0.47492500000000004,-29.971769129552726,0.8411674327403307,0.5010198224079916,0.4128983848480848,0.5272232496968203,0.4405795972090105,0.6179759683081951,0.5190708148215181,0.7125,0.7823361823361823,0.30240716439015075,0.017722111163602675,0.007389985800133601,0.09005669769976521,0.040694086838989584,0.007128301507937066,0.0025413675700595834,0.020282013675534928,0.019,4943.3,/home/joaoabitante/speculative-decoding-unlearning/saves/unlearn/sud/results/original-unlearned/target-Llama-3.2-1B-Instruct/draft-Llama-3.2-1B-Instruct_GradDiff/forget05/a0.4_k1_s0
original-unlearned,Llama-3.2-1B-Instruct,Llama-3.2-1B-Instruct_GradDiff,forget05,0.5,1,0,True,0.5911028738565224,0.6355864480385899,0.6636171935373457,0.7098018880263363,0.46306542999774597,0.5542273701584371,0.06801920461119272,0.5426948369294405,0.06473443387414511,0.02571171430198488,0.39765693570603616,0.5729862832907046,0.29237500000000005,0.29202500000000003,0.2517,0.22974999999999998,11.03748431445461,0.8219564377516508,0.4963345275740943,0.412634202583953,0.5289449472555344,0.44231936277674,0.6168835988564217,0.5079697079653597,0.607,0.8364672364672365,0.26387711100951533,0.0180890597961843,0.00803800115042172,0.0888371451117564,0.040442263376538605,0.0072873202158659,0.002727420177897033,0.013909747954142286,1069.013,27406.4,/home/joaoabitante/speculative-decoding-unlearning/saves/unlearn/sud/results/original-unlearned/target-Llama-3.2-1B-Instruct/draft-Llama-3.2-1B-Instruct_GradDiff/forget05/a0.5_k1_s0
original-unlearned,Llama-3.2-1B-Instruct,Llama-3.2-1B-Instruct_GradDiff,forget05,0.6,1,0,True,0.4961069931265449,0.5383213931686538,0.6941813203489672,0.42955581518186936,0.4388754714998605,0.5542171132979393,0.5452713464323318,0.48958113834261896,0.05638743991800534,0.016956527950079264,0.36327252098592,0.5793735906785963,0.1754,0.16720000000000002,0.16347499999999998,0.13424999999999998,30.61480551590107,0.7971028463542461,0.491747673480083,0.4123719998753396,0.5308314489861272,0.44417292740970327,0.6158160184176771,0.49237284617941507,0.695,0.770940170940171,0.24002051652536538,0.018443280406645498,0.008757772842449817,0.087015465831646,0.03991143409444197,0.007437144585292118,0.0029305882941263075,0.009753851665191327,0.02,4943.3,/home/joaoabitante/speculative-decoding-unlearning/saves/unlearn/sud/results/original-unlearned/target-Llama-3.2-1B-Instruct/draft-Llama-3.2-1B-Instruct_GradDiff/forget05/a0.6_k1_s0
original-unlearned,Llama-3.2-1B-Instruct,Llama-3.2-1B-Instruct_GradDiff,forget05,0.7,1,0,True,0.40868106974822976,0.46150155141537913,0.695094259407004,0.30818192565282876,0.3763364147329578,0.5503488187493457,0.11228360286766195,0.4570465003605932,0.05130115506246657,0.011538436997114099,0.28592958152818027,0.541392587475681,0.12694999999999998,0.12075,0.11649999999999999,0.09575,37.89993725879864,0.7664468505233526,0.4871072270554022,0.4121251737301612,0.5328074616758341,0.4461046080358668,0.6165570843928148,0.4707429976650562,0.7,0.7837606837606838,0.22228158038112064,0.018788351151742974,0.00955902021159388,0.08463510218665761,0.03911210355867251,0.0075793773036487745,0.003152862031138774,0.007117909642361384,1168.861,27406.4,/home/joaoabitante/speculative-decoding-unlearning/saves/unlearn/sud/results/original-unlearned/target-Llama-3.2-1B-Instruct/draft-Llama-3.2-1B-Instruct_GradDiff/forget05/a0.7_k1_s0
original-unlearned,Llama-3.2-1B-Instruct,Llama-3.2-1B-Instruct_GradDiff,forget05,0.8,1,0,True,0.3433107571075922,0.39341968241220243,0.6866818692274633,0.23201382082870242,0.336465583461594,0.5379010121464797,0.0030098470801667434,0.4324970926344395,0.04632960074619175,0.008065452142458374,0.24479407195583916,0.4984307150909416,0.09664999999999999,0.092275,0.08875000000000001,0.0693,42.36590338105931,0.7302649167925119,0.48254392908161214,0.41188978207973614,0.534756176561899,0.44807336736277903,0.6187284766550364,0.42839934325466816,0.6491666666666667,0.7877492877492877,0.20785489235722573,0.019127374250092543,0.010452218261035248,0.0817459277103626,0.03805506206681662,0.007715163433226735,0.0033966042257962737,0.005442921470036274,1205.216,27406.4,/home/joaoabitante/speculative-decoding-unlearning/saves/unlearn/sud/results/original-unlearned/target-Llama-3.2-1B-Instruct/draft-Llama-3.2-1B-Instruct_GradDiff/forget05/a0.8_k1_s0
original-unlearned,Llama-3.2-1B-Instruct,Llama-3.2-1B-Instruct_GradDiff,forget05,0.9,1,0,True,0.29858424378403775,0.336287641212851,0.6826828678321077,0.17877782197022365,0.334552031115417,0.5368866706383967,2.9607827368482373e-05,0.4043829096574336,0.043386639202306475,0.00575256642002538,0.2429807199438801,0.4696677576616024,0.073525,0.06989999999999999,0.07235000000000001,0.05130000000000001,45.87515683094808,0.6891558878868819,0.47825536102748517,0.4116592993930178,0.5368612972433039,0.45003582227733757,0.6210144716293998,0.426712892170399,0.657,0.811965811965812,0.19565444190617093,0.01946321805458865,0.01144756396228269,0.07838262895429579,0.03674879996372843,0.00784468119609907,0.003664559212304435,0.0043581821813853065,1201.317,27406.4,/home/joaoabitante/speculative-decoding-unlearning/saves/unlearn/sud/results/original-unlearned/target-Llama-3.2-1B-Instruct/draft-Llama-3.2-1B-Instruct_GradDiff/forget05/a0.9_k1_s0
original-unlearned,Llama-3.2-1B-Instruct,Llama-3.2-1B-Instruct_GradDiff,forget05,0.95,1,0,True,0.2696936751687569,0.3110033093189082,0.6812082590861427,0.1583771529955767,0.2992480336550935,0.5364295395584078,6.734842895808746e-06,0.3885944658983499,0.04252238580864131,0.004885574900069431,0.2075015420850832,0.45724248553526947,0.064175,0.061225,0.06657500000000001,0.0446,47.235727721575344,0.6669390384852886,0.47628098987187073,0.4115463837773677,0.5381613544845928,0.4510039532341065,0.622151242750179,0.40626235510750286,0.727,0.8136752136752137,0.18081398040789362,0.019630723689333537,0.011986435517390722,0.07652920776399696,0.03600298817348061,0.007906691393888348,0.003808559365616324,0.003953977377819548,1198.095,27406.4,/home/joaoabitante/speculative-decoding-unlearning/saves/unlearn/sud/results/original-unlearned/target-Llama-3.2-1B-Instruct/draft-Llama-3.2-1B-Instruct_GradDiff/forget05/a0.95_k1_s0
original-unlearned,Llama-3.2-1B-Instruct,Llama-3.2-1B-Instruct_GradDiff,forget05,0.98,1,0,True,0.25907413026697673,0.2941019447010487,0.6777617316487822,0.14631923463965585,0.30582152160433596,0.5288967027019931,2.3797467071606504e-06,0.3783737598080188,0.04197822626448177,0.004436719120776746,0.2150984602968674,0.44546976467003513,0.058750000000000004,0.05555,0.06365000000000001,0.040725000000000004,48.125784183167234,0.6531244323402643,0.4750546586515809,0.411480241767791,0.5389115266136181,0.45157942195711737,0.6228685988886092,0.3917327466360676,0.7103333333333333,0.760968660968661,0.17003553213466419,0.01973123945805128,0.012323595262684093,0.07536259155915104,0.035525635524730086,0.007942815613469066,0.0038983870352412636,0.0037428829306198974,0.02,4943.3,/home/joaoabitante/speculative-decoding-unlearning/saves/unlearn/sud/results/original-unlearned/target-Llama-3.2-1B-Instruct/draft-Llama-3.2-1B-Instruct_GradDiff/forget05/a0.98_k1_s0
original-unlearned,Llama-3.2-1B-Instruct,Llama-3.2-1B-Instruct_GradDiff,forget05,0.99,1,0,True,0.2488272434237073,0.28864433800122974,0.6764649224620113,0.14219570440791252,0.2820299167184687,0.5311861668263254,1.3921047931216453e-06,0.37680488880723717,0.04175600404225955,0.004297677246495104,0.19198032445885474,0.4423668274613823,0.057249999999999995,0.05365,0.06265000000000003,0.039200000000000006,48.423776654889636,0.6484434723109007,0.4746382818036281,0.4114586863777944,0.5391564772379632,0.4517702154828485,0.6232310060407912,0.40474782731765613,0.7120000000000001,0.75997150997151,0.18236918204046418,0.019764775136864046,0.01243834127183552,0.07496459474785297,0.03536151674645558,0.007954658567132355,0.003928921071891059,0.003676982005734402,0.02,4943.3,/home/joaoabitante/speculative-decoding-unlearning/saves/unlearn/sud/results/original-unlearned/target-Llama-3.2-1B-Instruct/draft-Llama-3.2-1B-Instruct_GradDiff/forget05/a0.99_k1_s0
original-unlearned,Llama-3.2-1B-Instruct,Llama-3.2-1B-Instruct_GradDiff,forget05,0.995,1,0,True,0.24851025643052002,0.2856694440664464,0.6760497848167609,0.14029261383308586,0.2886172516979381,0.5278414790996866,1.3921047931216453e-06,0.3757948139496148,0.04175600404225955,0.0042300297722675986,0.19860639804217498,0.4411382288921544,0.05647499999999999,0.052750000000000005,0.062175000000000015,0.03857500000000001,48.56493098360025,0.6460892437770963,0.47442863489961323,0.41144803075966335,0.5392780426685464,0.45186546892825336,0.6234077727394925,0.39598206172772166,0.6758333333333333,0.7763532763532764,0.1750541817840838,0.019781547706370476,0.01249617095314217,0.07476387717682882,0.0352785147654825,0.007960540007103799,0.003944301682409588,0.0036448065341548753,0.02,4943.3,/home/joaoabitante/speculative-decoding-unlearning/saves/unlearn/sud/results/original-unlearned/target-Llama-3.2-1B-Instruct/draft-Llama-3.2-1B-Instruct_GradDiff/forget05/a0.995_k1_s0
original-unlearned,Llama-3.2-1B-Instruct,Llama-3.2-1B-Instruct_GradDiff,forget10,0.1,1,0,True,0.02112236329989917,0.021084552465841722,0.13683640772516445,0.007506653641170305,0.6638282171346136,0.5678221545073291,6.916893189690245e-21,0.9575518253445625,0.6046456354394111,0.10652992225252092,0.798905283145723,0.4937688254595793,0.9950187500000001,0.99543125,0.99424375,0.99624375,-99.25998662116417,0.863615448102355,0.5065267065645456,0.4130745577315046,0.5239741452618485,0.43755926343160856,0.6193668699536761,0.5642081363529889,0.7023333333333334,0.7737891737891738,0.5473256499172048,0.018809395737043814,0.006500579293696305,0.09494812572840601,0.04283935841123926,0.007624356858241299,0.0023411355848266826,0.046395248670291045,1088.804,32402.5,/home/joaoabitante/speculative-decoding-unlearning/saves/unlearn/sud/results/original-unlearned/target-Llama-3.2-1B-Instruct/draft-Llama-3.2-1B-Instruct_GradDiff/forget10/a0.1_k1_s0
original-unlearned,Llama-3.2-1B-Instruct,Llama-3.2-1B-Instruct_GradDiff,forget10,0.2,1,0,True,0.6124024972411101,0.6176057619399773,0.6011450955276758,0.7163770757485283,0.5436749878732857,0.5561540909506673,3.0242886482078397e-28,0.5027951660566032,0.07064241142520152,0.023378695066921865,0.5317436122773507,0.3932713368214539,0.5567062500000001,0.65558125,0.44985625,0.48706250000000006,-44.21352067474422,0.8528881149739027,0.4954102570378032,0.41110450593181364,0.5176546687481095,0.44021269460659523,0.6193645273559734,0.5605197989437924,0.5948333333333333,0.7837606837606836,0.07500331389470888,0.021887942166649736,0.007914081002908923,0.10128442913875915,0.047023654912355536,0.009116278617714973,0.0028385860898993325,0.010963676360634965,2902.574,32402.5,/home/joaoabitante/speculative-decoding-unlearning/saves/unlearn/sud/results/original-unlearned/target-Llama-3.2-1B-Instruct/draft-Llama-3.2-1B-Instruct_GradDiff/forget10/a0.2_k1_s0
original-unlearned,Llama-3.2-1B-Instruct,Llama-3.2-1B-Instruct_GradDiff,forget10,0.3,1,0,True,0.120031301665979,0.12018491288177419,0.6999836030239072,0.046033559565289775,0.5430079868691459,0.5525934176941637,8.999307866955786e-26,0.0410931750992313,0.03250892997513522,0.00032119315565158125,0.5337494288332527,0.3791263908684359,0.019506249999999992,0.0269625,0.02183124999999997,0.009974999999999987,57.605636645120676,0.8375680147856474,0.4843832992610754,0.40854438957410383,0.5108976486978423,0.4433668352662141,0.6195105908450299,0.5322530690382563,0.6328333333333334,0.7723646723646724,0.03294110705571614,0.025443938777025322,0.00967911517258837,0.10738211172283627,0.05126218937649298,0.010890383267748499,0.0034557134143974747,0.003565096468535316,2952.967,32402.5,/home/joaoabitante/speculative-decoding-unlearning/saves/unlearn/sud/results/original-unlearned/target-Llama-3.2-1B-Instruct/draft-Llama-3.2-1B-Instruct_GradDiff/forget10/a0.3_k1_s0
original-unlearned,Llama-3.2-1B-Instruct,Llama-3.2-1B-Instruct_GradDiff,forget10,0.4,1,0,True,0.0408785990061065,0.040891816449608015,0.13034157941812577,0.01565830307765943,0.5399556123172436,0.5469613032327896,1.8009830335663362e-164,0.03439706440083683,0.03250892997513522,0.00010869059875333835,0.5331271150097018,0.03620661407325133,0.006943749999999989,0.013512499999999978,0.008056249999999996,0.0027562499999999983,59.784171195596926,0.8166723783314228,0.4732264159136055,0.4073948122170986,0.5091522260105649,0.4470785088510686,0.619880020558028,0.5037275437204454,0.622,0.7965811965811965,0.03306925210412818,0.029695153386564924,0.011895477761915891,0.11303778365021572,0.055437914126437705,0.012977213987469437,0.004226876822186938,0.0037706035217619214,2925.237,32402.5,/home/joaoabitante/speculative-decoding-unlearning/saves/unlearn/sud/results/original-unlearned/target-Llama-3.2-1B-Instruct/draft-Llama-3.2-1B-Instruct_GradDiff/forget10/a0.4_k1_s0
original-unlearned,Llama-3.2-1B-Instruct,Llama-3.2-1B-Instruct_GradDiff,forget10,0.5,1,0,True,0.00826115440098137,0.008261305600342389,0.003977031808209407,0.009104265927486649,0.5367825734229286,0.5387044733642836,1.4734357184767768e-198,0.03399498609593138,0.03250892997513522,4.7610008477990337e-05,0.5348743379994993,0.0009973009353861444,0.0019062499999999984,0.006312499999999981,0.00726875,0.002812499999999999,60.95037556462509,0.7890649693459273,0.46209165391293866,0.4065893292548734,0.5099538018743299,0.45135402203456376,0.6185818026971113,0.45984027754312634,0.637,0.7823361823361823,0.025956843486656986,0.034642755858076274,0.014681808062787086,0.1180164103466086,0.05940806763342629,0.01539734744260689,0.0051981198289164764,0.003975811081040182,3416.291,32402.5,/home/joaoabitante/speculative-decoding-unlearning/saves/unlearn/sud/results/original-unlearned/target-Llama-3.2-1B-Instruct/draft-Llama-3.2-1B-Instruct_GradDiff/forget10/a0.5_k1_s0
original-unlearned,Llama-3.2-1B-Instruct,Llama-3.2-1B-Instruct_GradDiff,forget10,0.6,1,0,True,0.0030267718723103504,0.003026800688028891,0.0011850705152550186,0.006875535479903265,0.5318823645256022,0.5345652585367886,3.966942318975938e-200,0.0335059611662291,0.03250892997513522,2.245139027170143e-05,0.5292262660287088,0.0002965371916106751,0.00150625,0.0024874999999999897,0.007156249999999999,0.002968749999999999,61.5699216356713,0.7536240889132023,0.4510962298005284,0.40579334378768117,0.5115677295594089,0.45619921179120826,0.616522883437641,0.4450329123915162,0.6425,0.7962962962962964,0.02846273967796671,0.0402567080501467,0.018141089651511035,0.12205689683323726,0.06304452338084456,0.018110655343334656,0.006427213761794808,0.0041576582351699485,2934.729,32402.5,/home/joaoabitante/speculative-decoding-unlearning/saves/unlearn/sud/results/original-unlearned/target-Llama-3.2-1B-Instruct/draft-Llama-3.2-1B-Instruct_GradDiff/forget10/a0.6_k1_s0
original-unlearned,Llama-3.2-1B-Instruct,Llama-3.2-1B-Instruct_GradDiff,forget10,0.7,1,0,True,0.001490359996090223,0.0014903382148871147,0.00054239838467537,0.005974735153083983,0.52583599029525,0.5178254684083844,3.966942318975938e-200,0.03305223537376151,0.03250892997513522,1.0851032407258573e-05,0.5340982445463305,0.0001356560279434557,0.0014625000000000003,0.001618749999999998,0.00704375,0.003074999999999999,61.710635530892574,0.7093436460196972,0.4402423447006003,0.40646548476542654,0.5183069806781053,0.4619850703621981,0.6152859493790227,0.42065560532725,0.5491666666666667,0.7566951566951566,0.027340711993829543,0.04617630829161499,0.02242236038545475,0.12481439505936578,0.06615408606069467,0.020871435526793602,0.007977728333927212,0.004306183733046055,3451.345,32402.5,/home/joaoabitante/speculative-decoding-unlearning/saves/unlearn/sud/results/original-unlearned/target-Llama-3.2-1B-Instruct/draft-Llama-3.2-1B-Instruct_GradDiff/forget10/a0.7_k1_s0
original-unlearned,Llama-3.2-1B-Instruct,Llama-3.2-1B-Instruct_GradDiff,forget10,0.8,1,0,True,0.0007368358007347886,0.0007368277425889059,0.0002563970381268691,0.005905374904815641,0.5194567824118831,0.5077135444184068,3.966942318975938e-200,0.032140751162078235,0.03250892997513522,5.249694570678509e-06,0.5317561167554231,6.411186267664255e-05,0.00143125,0.001593749999999999,0.00685,0.0031874999999999994,61.71468485161837,0.655382159948349,0.42916325518013126,0.40996297947334953,0.5331712953739173,0.4684197600752839,0.6181165602291082,0.40305819837132745,0.5138333333333334,0.7267806267806267,0.02751919005462457,0.051421656272978,0.02786610334728293,0.12581661090720445,0.06846674296896708,0.02334869801312986,0.009919265700496789,0.004407175067812204,3482.543,32402.5,/home/joaoabitante/speculative-decoding-unlearning/saves/unlearn/sud/results/original-unlearned/target-Llama-3.2-1B-Instruct/draft-Llama-3.2-1B-Instruct_GradDiff/forget10/a0.8_k1_s0
original-unlearned,Llama-3.2-1B-Instruct,Llama-3.2-1B-Instruct_GradDiff,forget10,0.9,1,0,True,0.0003609961791791288,0.00036099354898008984,0.00012284653978648105,0.005946452567037099,0.5175032092909715,0.501780244941976,3.966942318975938e-200,0.03177772594382986,0.03250892997513522,2.5103355188197604e-06,0.5342433854698903,3.071452748445281e-05,0.0014312500000000004,0.0016374999999999988,0.006449999999999998,0.0032749999999999993,61.70759854034824,0.5909330286830664,0.41743404707037884,0.41649992836838634,0.5530259352699096,0.4744068835475151,0.6202863765854186,0.3807666146082764,0.5231666666666667,0.7239316239316238,0.028075999957288208,0.055507717417012825,0.03477686686789025,0.12445513386977837,0.06959371942447069,0.025059927921937133,0.012339125363927455,0.004442520706914365,3494.553,32402.5,/home/joaoabitante/speculative-decoding-unlearning/saves/unlearn/sud/results/original-unlearned/target-Llama-3.2-1B-Instruct/draft-Llama-3.2-1B-Instruct_GradDiff/forget10/a0.9_k1_s0
original-unlearned,Llama-3.2-1B-Instruct,Llama-3.2-1B-Instruct_GradDiff,forget10,0.95,1,0,True,0.00025206679982251183,0.0002520651340977903,8.525228267729776e-05,0.005890549845816784,0.5121880816992168,0.4923543994203283,3.966942318975938e-200,0.03160411504795775,0.03250892997513522,1.7234693361856222e-06,0.5336867701396113,2.1314463589948137e-05,0.0014437500000000004,0.0016562499999999984,0.0055,0.0033249999999999994,61.704561549803884,0.5546505676954985,0.4112781304187296,0.4199250366327662,0.5629068793764958,0.47709278651665094,0.6211823883738726,0.3746579611180813,0.4648333333333333,0.7347578347578347,0.02501915791071222,0.05688089975167486,0.038817729318876275,0.12266740701161324,0.06956251777230864,0.025489518631689707,0.013764544722803257,0.004429077154025436,3614.795,32402.5,/home/joaoabitante/speculative-decoding-unlearning/saves/unlearn/sud/results/original-unlearned/target-Llama-3.2-1B-Instruct/draft-Llama-3.2-1B-Instruct_GradDiff/forget10/a0.95_k1_s0
original-unlearned,Llama-3.2-1B-Instruct,Llama-3.2-1B-Instruct_GradDiff,forget10,0.98,1,0,True,0.00020289552078484843,0.00020289416260465984,6.850920623955373e-05,0.005336637847462906,0.5068961973565033,0.48267952084807,3.966942318975938e-200,0.03097662208369002,0.03250892997513522,1.3714012960981099e-06,0.5336711942538386,1.7128200874929567e-05,0.0014500000000000003,0.0016687499999999988,0.0029812499999999995,0.0033249999999999994,61.70253688944099,0.531606021001935,0.4074519601256935,0.42163593060552207,0.5687372410550777,0.4786160774309191,0.6219068326922571,0.35973950135265326,0.45733333333333337,0.6592592592592592,0.024680691634661623,0.05747684512787373,0.04143063419363369,0.12119207593146712,0.06931979064156803,0.025600853524639807,0.014694949198886075,0.0044095263676717875,2967.93,32402.5,/home/joaoabitante/speculative-decoding-unlearning/saves/unlearn/sud/results/original-unlearned/target-Llama-3.2-1B-Instruct/draft-Llama-3.2-1B-Instruct_GradDiff/forget10/a0.98_k1_s0
original-unlearned,Llama-3.2-1B-Instruct,Llama-3.2-1B-Instruct_GradDiff,forget10,0.99,1,0,True,0.00018871559032450743,0.00018871437914001174,6.369859676725056e-05,0.005101386011664173,0.5051322315301563,0.48037488153860297,3.966942318975938e-200,0.030909054519142956,0.03250892997513522,1.2701587316124171e-06,0.5325801117852097,1.592542662290678e-05,0.0014500000000000001,0.0016687499999999988,0.002449999999999999,0.0033312499999999996,61.70253688944099,0.5237198056280613,0.40614443090343305,0.42211325609080674,0.5702805234954127,0.4791183187298313,0.6221408234930799,0.34993719962389563,0.4425,0.6997150997150998,0.029253198971954157,0.057633045834890595,0.04233486787772843,0.12063034155871719,0.06919913135279966,0.025613453570667844,0.015017951396347443,0.004400973577983677,2967.607,32402.5,/home/joaoabitante/speculative-decoding-unlearning/saves/unlearn/sud/results/original-unlearned/target-Llama-3.2-1B-Instruct/draft-Llama-3.2-1B-Instruct_GradDiff/forget10/a0.99_k1_s0
original-unlearned,Llama-3.2-1B-Instruct,Llama-3.2-1B-Instruct_GradDiff,forget10,0.995,1,0,True,0.0001819853384786019,0.0001819843658695674,6.142231846983503e-05,0.004946970250255868,0.5067095524408938,0.48505548021814043,3.966942318975938e-200,0.030909054519142956,0.03250892997513522,1.2222543531779451e-06,0.5303873511165148,1.5356302476841663e-05,0.0014500000000000001,0.0016687499999999988,0.002174999999999999,0.0033374999999999993,61.70253688944099,0.5197395118698478,0.40548456797930915,0.4223315726181988,0.5709708810905186,0.47936942198972277,0.6222327555041832,0.36049741573637645,0.457,0.7195156695156696,0.021895548143138748,0.057702087693631936,0.04279346775991952,0.12033619403606281,0.069131168861275,0.02561504810021991,0.015181897152792915,0.004396305768750608,2985.003,32402.5,/home/joaoabitante/speculative-decoding-unlearning/saves/unlearn/sud/results/original-unlearned/target-Llama-3.2-1B-Instruct/draft-Llama-3.2-1B-Instruct_GradDiff/forget10/a0.995_k1_s0
original-unlearned,Llama-3.2-1B-Instruct,Llama-3.2-1B-Instruct_IdkDPO,forget01,0.1,1,0,True,0.0,0.0,0.07755561802450366,0.0,0.6801352234083775,0.5639809892718924,0.006760732303569208,0.9777998879551888,0.6992177190980664,0.10370918335393071,0.8565440356964246,0.4783089845769094,1.0,1.0,0.999375,1.0,-99.9999999811098,0.8670614350587129,0.5126698950490455,0.41248656327970595,0.5239760301150167,0.43616765636156624,0.6182026699030608,0.5572807493911605,0.6461666666666666,0.7880341880341879,0.5712405810100244,0.01889622133981902,0.006537397802497303,0.09296048149466514,0.04125781540285061,0.007665996612289137,0.0023699709827320783,0.044344329359009865,0.017,4943.3,/home/joaoabitante/speculative-decoding-unlearning/saves/unlearn/sud/results/original-unlearned/target-Llama-3.2-1B-Instruct/draft-Llama-3.2-1B-Instruct_IdkDPO/forget01/a0.1_k1_s0
original-unlearned,Llama-3.2-1B-Instruct,Llama-3.2-1B-Instruct_IdkDPO,forget01,0.2,1,0,True,0.0,0.0,0.08353556533767174,0.0,0.6817446082809169,0.5657850945977556,0.006760732303569208,0.9759846210479737,0.672664688795036,0.11018711011856794,0.8574900006875396,0.4842593815915147,1.0,1.0,0.999375,1.0,-99.9999999811098,0.8628255595266819,0.5077243150728702,0.41128206239408954,0.5202986968241694,0.4372895508788527,0.6165171263394505,0.5459812091120572,0.69,0.8094017094017093,0.5639765772120666,0.022303957246767824,0.008010257400327545,0.09751103468704969,0.043831065341816924,0.00923618619416023,0.0029126531619515558,0.048018682659603656,0.017,4943.3,/home/joaoabitante/speculative-decoding-unlearning/saves/unlearn/sud/results/original-unlearned/target-Llama-3.2-1B-Instruct/draft-Llama-3.2-1B-Instruct_IdkDPO/forget01/a0.2_k1_s0
original-unlearned,Llama-3.2-1B-Instruct,Llama-3.2-1B-Instruct_IdkDPO,forget01,0.3,1,0,True,0.0,0.0,0.09652686230564626,0.0,0.6849294695604373,0.5616830035486239,0.006760732303569208,0.9720443516969681,0.5993943968576715,0.1168295310344547,0.8774661980569363,0.4902464279905924,1.0,1.0,0.999375,1.0,-99.9999999811098,0.8576398062705993,0.5027819572564702,0.40991960179514814,0.5159913111871571,0.4387230935186449,0.6139091363062722,0.5245690907857172,0.6753333333333333,0.8364672364672364,0.556205167537105,0.026368179025303105,0.009867654384519343,0.10215182727552019,0.04649693269011954,0.0111475204664445,0.0035983435343623976,0.05186857236200012,0.017,4943.3,/home/joaoabitante/speculative-decoding-unlearning/saves/unlearn/sud/results/original-unlearned/target-Llama-3.2-1B-Instruct/draft-Llama-3.2-1B-Instruct_IdkDPO/forget01/a0.3_k1_s0
original-unlearned,Llama-3.2-1B-Instruct,Llama-3.2-1B-Instruct_IdkDPO,forget01,0.4,1,0,True,0.0,0.0,0.11048422181641643,0.0,0.6714123943082798,0.5552797080301405,0.006760732303569208,0.9673989593982697,0.5788318968576714,0.1235740642528981,0.848967793956399,0.49626547496806717,0.999375,1.0,0.9987499999999999,1.0,-99.9999999811098,0.8513437789678574,0.4978908190764508,0.40841028589164174,0.5120540542404073,0.4404946502044047,0.6124779629061757,0.5288463983168994,0.637,0.7937321937321938,0.4397174723558585,0.031223058851610405,0.012226650722380165,0.10685170033131726,0.049241082872223785,0.013476829679154131,0.004470664698083804,0.0558661305787973,0.017,4943.3,/home/joaoabitante/speculative-decoding-unlearning/saves/unlearn/sud/results/original-unlearned/target-Llama-3.2-1B-Instruct/draft-Llama-3.2-1B-Instruct_IdkDPO/forget01/a0.4_k1_s0
original-unlearned,Llama-3.2-1B-Instruct,Llama-3.2-1B-Instruct_IdkDPO,forget01,0.5,1,0,True,0.0,0.0,0.1262374727205905,0.0,0.6784737683035521,0.5472851816267611,0.006760732303569208,0.9620705708861351,0.541472813649189,0.13033085274510087,0.8923856720328331,0.502310155341285,0.9987499999999999,0.999375,0.9975,1.0,-99.88193622670471,0.8437350322306156,0.49306869801445613,0.4067603547203206,0.5091740974511622,0.4426192661329836,0.6105739674564381,0.4961169623071282,0.6345000000000001,0.7574074074074074,0.5370105309020488,0.03703051304095425,0.015244735225010079,0.11156905251322315,0.05204302037044148,0.016318139498786573,0.0055881996334510705,0.059967738827690485,728.166,24891.3,/home/joaoabitante/speculative-decoding-unlearning/saves/unlearn/sud/results/original-unlearned/target-Llama-3.2-1B-Instruct/draft-Llama-3.2-1B-Instruct_IdkDPO/forget01/a0.5_k1_s0
original-unlearned,Llama-3.2-1B-Instruct,Llama-3.2-1B-Instruct_IdkDPO,forget01,0.6,1,0,True,0.0,0.0,0.13677687066278826,0.0,0.6512004458517532,0.5425188710607324,0.006760732303569208,0.9584299072623252,0.5153189674953429,0.13696850603446364,0.8143341611139476,0.5083791163676867,0.998125,0.999375,0.9968750000000001,1.0,-99.88193622670471,0.834558017551899,0.4883036949858831,0.40496373359555704,0.5056153367763437,0.44508726821663763,0.6079689527881269,0.4865028287344036,0.5808333333333333,0.8148148148148149,0.4916780800448864,0.04398494309512899,0.019133846353382916,0.11624878854257986,0.054874302080780805,0.01978657200842766,0.007029675773181302,0.06410742402542383,0.017,4943.3,/home/joaoabitante/speculative-decoding-unlearning/saves/unlearn/sud/results/original-unlearned/target-Llama-3.2-1B-Instruct/draft-Llama-3.2-1B-Instruct_IdkDPO/forget01/a0.6_k1_s0
original-unlearned,Llama-3.2-1B-Instruct,Llama-3.2-1B-Instruct_IdkDPO,forget01,0.7,1,0,True,0.0,0.0,0.15459829111989584,0.0,0.6613836887563186,0.5383838023848035,0.006760732303569208,0.9521390110254287,0.4648692131789006,0.1432918910868466,0.8572268965188414,0.5144818328491791,0.9975,0.998125,0.9962500000000001,1.0,-99.64580871789454,0.8234825273603201,0.48362318281685446,0.4030052322679105,0.5015963400237268,0.4478456503063083,0.6080174882038007,0.4585470095895009,0.619,0.7777777777777778,0.4200744458409966,0.05231648664339446,0.02417787487244131,0.12081789043499157,0.05769633593266463,0.024020792569305435,0.008900529943924698,0.06818691744701937,718.605,24891.3,/home/joaoabitante/speculative-decoding-unlearning/saves/unlearn/sud/results/original-unlearned/target-Llama-3.2-1B-Instruct/draft-Llama-3.2-1B-Instruct_IdkDPO/forget01/a0.7_k1_s0
original-unlearned,Llama-3.2-1B-Instruct,Llama-3.2-1B-Instruct_IdkDPO,forget01,0.8,1,0,True,0.0,0.0,0.18407019391139334,0.0,0.6549345537751964,0.5298282239671782,0.006760732303569208,0.9409181192517281,0.41498807880113936,0.1490154316648841,0.8573858159128577,0.5206432173304073,0.9937499999999999,0.9968750000000001,0.995,1.0,-99.40968120908437,0.8100787226855755,0.4790738164260705,0.40087464657324057,0.4974779613513234,0.45078387819152915,0.606927680084388,0.4374192051126435,0.565,0.8076923076923077,0.4079994363961806,0.062289571212604644,0.03075067768611947,0.12517853567143902,0.06045725382895398,0.029182491014604843,0.011340178599155148,0.0720627879188396,703.472,24891.3,/home/joaoabitante/speculative-decoding-unlearning/saves/unlearn/sud/results/original-unlearned/target-Llama-3.2-1B-Instruct/draft-Llama-3.2-1B-Instruct_IdkDPO/forget01/a0.8_k1_s0
original-unlearned,Llama-3.2-1B-Instruct,Llama-3.2-1B-Instruct_IdkDPO,forget01,0.9,1,0,True,0.02392567511464868,0.02385239841444302,0.21746388510965434,0.008384446753551484,0.6572924253989287,0.52449470053984,0.006760732303569208,0.9273533582687378,0.3540406602887337,0.1537436499260366,0.8801354496739805,0.5266380061077571,0.991875,0.994375,0.9931249999999999,0.9981249999999999,-98.93742619146401,0.7937823405861855,0.4746052710859208,0.3985874174872391,0.4932215839541594,0.4537307922212727,0.6073734863265764,0.4114962410878771,0.5903333333333333,0.7801994301994302,0.34221574363443114,0.07418966829543933,0.03932717687469752,0.12919629243668168,0.06308592505287197,0.03544929202888549,0.014527957459243682,0.07553333224263042,689.233,24891.3,/home/joaoabitante/speculative-decoding-unlearning/saves/unlearn/sud/results/original-unlearned/target-Llama-3.2-1B-Instruct/draft-Llama-3.2-1B-Instruct_IdkDPO/forget01/a0.9_k1_s0
original-unlearned,Llama-3.2-1B-Instruct,Llama-3.2-1B-Instruct_IdkDPO,forget01,0.95,1,0,True,0.026414645474506317,0.02633026860950656,0.23193283137612136,0.009283987353543051,0.6454004499564423,0.5226358793542821,0.006760732303569208,0.9210691332817078,0.33502550877358217,0.15558233615010977,0.8435449713841081,0.5293827306297463,0.99,0.9924999999999999,0.991875,0.9981249999999999,-98.58323492824873,0.78432581089437,0.4724167796165091,0.39740525885071243,0.4908143663538547,0.455144439833372,0.6066638496366799,0.3980917340312613,0.5931666666666666,0.811965811965812,0.31608497493631493,0.08094776731682941,0.04453720075103681,0.1310209932154976,0.06432084003969431,0.03905139855031545,0.0164688061732015,0.07703599109314382,664.883,24891.3,/home/joaoabitante/speculative-decoding-unlearning/saves/unlearn/sud/results/original-unlearned/target-Llama-3.2-1B-Instruct/draft-Llama-3.2-1B-Instruct_IdkDPO/forget01/a0.95_k1_s0
original-unlearned,Llama-3.2-1B-Instruct,Llama-3.2-1B-Instruct_IdkDPO,forget01,0.98,1,0,True,0.03909642929584449,0.038922608039881054,0.2450178355379134,0.01407334377235209,0.6266858002583048,0.5158965572836093,0.006760732303569208,0.914946286380291,0.33310243185050525,0.15647796262055635,0.7980725981295109,0.5310449240573617,0.986875,0.991875,0.9912500000000001,0.99625,-98.46517117384363,0.7781713970005513,0.471128766569038,0.39669294708248154,0.4892852367010929,0.45595925575857815,0.6062309343424229,0.38946837491131786,0.5648333333333333,0.7737891737891738,0.2711783076561773,0.085277276027482,0.04799803272566289,0.1320409410679713,0.06502762338426873,0.041372861167183146,0.01776078863795088,0.07784137860871851,0.017,4943.3,/home/joaoabitante/speculative-decoding-unlearning/saves/unlearn/sud/results/original-unlearned/target-Llama-3.2-1B-Instruct/draft-Llama-3.2-1B-Instruct_IdkDPO/forget01/a0.98_k1_s0
original-unlearned,Llama-3.2-1B-Instruct,Llama-3.2-1B-Instruct_IdkDPO,forget01,0.99,1,0,True,0.04048545387480495,0.04027449301451457,0.2450419340990507,0.014602747426751645,0.6495657204720499,0.5187703692952325,0.006760732303569208,0.914946286380291,0.33310243185050525,0.1567384548485279,0.8685493471333757,0.5316015504697688,0.9856250000000001,0.991875,0.99,0.99625,-98.46517117384363,0.7760340551286936,0.4707048531288599,0.3964561269861461,0.48876193015361763,0.4562242225817213,0.6060575173327917,0.3902600477311539,0.6158333333333332,0.7467236467236468,0.2444800715954245,0.08676717363065109,0.04921045884466133,0.1323669100785628,0.06525667219247407,0.04217396901639101,0.018214052550987275,0.07809184534009546,0.017,4943.3,/home/joaoabitante/speculative-decoding-unlearning/saves/unlearn/sud/results/original-unlearned/target-Llama-3.2-1B-Instruct/draft-Llama-3.2-1B-Instruct_IdkDPO/forget01/a0.99_k1_s0
original-unlearned,Llama-3.2-1B-Instruct,Llama-3.2-1B-Instruct_IdkDPO,forget01,0.995,1,0,True,0.040471119924308824,0.040252137489524706,0.24505414824550045,0.014602747426751645,0.6385947687339407,0.5078181892147223,0.006760732303569208,0.914946286380291,0.33310243185050525,0.1568611916154623,0.8600908514112234,0.5318804102812063,0.9856250000000001,0.991875,0.99,0.99625,-98.46517117384363,0.7749488314986229,0.47049324022912825,0.39633791823982956,0.4884978132386534,0.4563553165231228,0.605959746668212,0.3774621117834589,0.51,0.778062678062678,0.3039107177341168,0.08752096791984514,0.049827965871683665,0.1325271257199347,0.06536988982143703,0.04257968699384947,0.018445051790712656,0.07821350790560246,0.017,4943.3,/home/joaoabitante/speculative-decoding-unlearning/saves/unlearn/sud/results/original-unlearned/target-Llama-3.2-1B-Instruct/draft-Llama-3.2-1B-Instruct_IdkDPO/forget01/a0.995_k1_s0
original-unlearned,Llama-3.2-1B-Instruct,Llama-3.2-1B-Instruct_IdkDPO,forget05,0.1,1,0,True,0.0007178968934741908,0.0007178443536542341,0.10028614684960986,0.00023995697467128614,0.6721145382482202,0.557507459150769,3.0799540915748314e-12,0.9700858989357948,0.6962091122017661,0.10779487986583262,0.846034199455753,0.4891743947489205,0.9997499999999999,0.999925,0.999425,0.99985,-99.9882371235903,0.8605465715378523,0.5032601805527176,0.4086859921105129,0.5166051380554797,0.4326930040641918,0.6120824078729815,0.5291742811120446,0.6545000000000001,0.8005698005698006,0.5782187599354252,0.021216766411234857,0.007177856052618915,0.09685652436455712,0.04402163157032562,0.008838580650481162,0.0027197158332150826,0.04537670279713348,0.019,4943.3,/home/joaoabitante/speculative-decoding-unlearning/saves/unlearn/sud/results/original-unlearned/target-Llama-3.2-1B-Instruct/draft-Llama-3.2-1B-Instruct_IdkDPO/forget05/a0.1_k1_s0
original-unlearned,Llama-3.2-1B-Instruct,Llama-3.2-1B-Instruct_IdkDPO,forget05,0.2,1,0,True,0.001752693361963696,0.0017523541275094737,0.1118805140783903,0.0005878194022855877,0.662037441296868,0.5429342985346137,6.5689645859369454e-12,0.9662655952572823,0.6671543565343836,0.11689056558534502,0.8480802529468201,0.5070113630255538,0.9996250000000001,0.999775,0.9992500000000001,0.9995499999999999,-99.96471140213853,0.8467793208360672,0.4887530971275941,0.40334817220520924,0.5051716372661711,0.43018423705762965,0.6042949116338125,0.5160922195042288,0.5703333333333334,0.8193732193732194,0.5383919216443794,0.028044945902656764,0.009716173467293428,0.10545848295208998,0.04969714587289047,0.012277258887237017,0.0038414336665214405,0.052000453726388514,0.019,4943.3,/home/joaoabitante/speculative-decoding-unlearning/saves/unlearn/sud/results/original-unlearned/target-Llama-3.2-1B-Instruct/draft-Llama-3.2-1B-Instruct_IdkDPO/forget05/a0.2_k1_s0
original-unlearned,Llama-3.2-1B-Instruct,Llama-3.2-1B-Instruct_IdkDPO,forget05,0.3,1,0,True,0.0033155919005872013,0.0033143982277826145,0.13819889778584463,0.0011160151086219304,0.6516126187181569,0.5374837265520236,2.8873674273022313e-11,0.9573578184843063,0.5911356280667145,0.12555707196705043,0.8272757274284959,0.5253621061534804,0.99925,0.9995750000000001,0.9989250000000001,0.99905,-99.9333437735362,0.8281230242550373,0.47410255354586894,0.39748395262220354,0.4935797912665645,0.4278889951422311,0.5952917661429022,0.4805607862976447,0.6795,0.7595441595441597,0.49899910321780533,0.0369858986226609,0.013306767152333388,0.11412596189416944,0.05573539911530407,0.0170462232567661,0.005461158447643426,0.05899237871356309,0.019,4943.3,/home/joaoabitante/speculative-decoding-unlearning/saves/unlearn/sud/results/original-unlearned/target-Llama-3.2-1B-Instruct/draft-Llama-3.2-1B-Instruct_IdkDPO/forget05/a0.3_k1_s0
original-unlearned,Llama-3.2-1B-Instruct,Llama-3.2-1B-Instruct_IdkDPO,forget05,0.4,1,0,True,0.007275123390184906,0.0072684044369494445,0.19564724404477202,0.00246488544105313,0.643280265869704,0.5166025558933037,1.2127544312107394e-10,0.9356556418538093,0.47741280945943715,0.1330364954750985,0.8522673868667334,0.5444920501794168,0.998275,0.999025,0.9984,0.9973749999999999,-99.8470827948797,0.8031939318031073,0.4592326075657641,0.3910323055128274,0.48025028417359955,0.42583690334239427,0.5881984979788022,0.448577702393882,0.6245,0.6754985754985755,0.4340908347672245,0.048569749018643055,0.018430337299887314,0.12255018958589062,0.06199119215843075,0.02358181599760428,0.007810836575935551,0.06602277325699106,0.019,4943.3,/home/joaoabitante/speculative-decoding-unlearning/saves/unlearn/sud/results/original-unlearned/target-Llama-3.2-1B-Instruct/draft-Llama-3.2-1B-Instruct_IdkDPO/forget05/a0.4_k1_s0
original-unlearned,Llama-3.2-1B-Instruct,Llama-3.2-1B-Instruct_IdkDPO,forget05,0.5,1,0,True,0.016596759322859825,0.016558032987247166,0.24409321861188685,0.005712074209389421,0.627498073301445,0.49593529549267173,4.869254633582969e-10,0.9151834866404533,0.3985092952501727,0.1383934234827757,0.8540667237527668,0.5637402807812829,0.9959500000000001,0.997525,0.99725,0.9924,-99.61182558036201,0.7701589426398278,0.4445639814711236,0.38393147869564836,0.4647692424655318,0.4240113122444669,0.577447847097116,0.4018495324590293,0.512,0.7623931623931623,0.38615509838693457,0.06329321507830173,0.02574718805327494,0.13024932673433795,0.06820829587164735,0.032343334005466504,0.011210311468942842,0.07257381712738425,957.932,27406.4,/home/joaoabitante/speculative-decoding-unlearning/saves/unlearn/sud/results/original-unlearned/target-Llama-3.2-1B-Instruct/draft-Llama-3.2-1B-Instruct_IdkDPO/forget05/a0.5_k1_s0
original-unlearned,Llama-3.2-1B-Instruct,Llama-3.2-1B-Instruct_IdkDPO,forget05,0.6,1,0,True,0.04311746803081567,0.04283105791393131,0.3137265041927719,0.015448740182730503,0.6025249209576423,0.4706005569952452,1.2940880677508261e-08,0.8816440233588219,0.29720818220776873,0.14056493901647626,0.8372261447343043,0.5832877119592595,0.988725,0.9923,0.9938,0.979375,-98.79234628312541,0.7265307892858982,0.42988120049611195,0.3760746311926302,0.4478670976471857,0.4220682512219079,0.5626676631347451,0.3657400588108557,0.44866666666666666,0.7039886039886041,0.2852101894350364,0.081226593577303,0.036032247125234805,0.1364363671839237,0.07393394889816045,0.043619542715411325,0.016047804294409804,0.07788133516348898,0.019,4943.3,/home/joaoabitante/speculative-decoding-unlearning/saves/unlearn/sud/results/original-unlearned/target-Llama-3.2-1B-Instruct/draft-Llama-3.2-1B-Instruct_IdkDPO/forget05/a0.6_k1_s0
original-unlearned,Llama-3.2-1B-Instruct,Llama-3.2-1B-Instruct_IdkDPO,forget05,0.7,1,0,True,0.1058218460007906,0.10360993701613748,0.38456453558203263,0.04170379037218914,0.5647948988710716,0.4209157878608983,4.024806511439489e-06,0.8404342183470725,0.24108581432452666,0.13788463809527457,0.8581213597441092,0.6035885559215824,0.970675,0.9764,0.98445,0.946225,-96.29861980923799,0.6688242234289646,0.4155247446659683,0.3672240582582987,0.4300213336877354,0.41899901351014046,0.5524956695735169,0.25833879963331957,0.3883333333333333,0.558974358974359,0.1643876880984741,0.10102296500466763,0.04969664872375229,0.13978955339640378,0.07836406819490366,0.057003661092215524,0.022621189097245687,0.08070393858291208,772.676,27406.4,/home/joaoabitante/speculative-decoding-unlearning/saves/unlearn/sud/results/original-unlearned/target-Llama-3.2-1B-Instruct/draft-Llama-3.2-1B-Instruct_IdkDPO/forget05/a0.7_k1_s0
original-unlearned,Llama-3.2-1B-Instruct,Llama-3.2-1B-Instruct_IdkDPO,forget05,0.8,1,0,True,0.21491292261192443,0.1973214559159581,0.45385690040389903,0.10732592823812354,0.41010644802206014,0.2715275798056487,2.9607827368482373e-05,0.7932600772380829,0.18706672880110148,0.1286903307400644,0.8375802214478608,0.6255690120375704,0.9288500000000001,0.936425,0.9584250000000001,0.8729,-90.02901504234174,0.5931014690548182,0.40110023397198347,0.35712578327441,0.40962026326598405,0.4136884509925035,0.5427834881050582,0.1389694368729828,0.10833333333333332,0.32905982905982906,0.07756134541546927,0.11850843898020685,0.06502338702507858,0.13828926072455944,0.0801886603325547,0.0703828123914233,0.030406506120138063,0.07959725766815245,617.186,27406.4,/home/joaoabitante/speculative-decoding-unlearning/saves/unlearn/sud/results/original-unlearned/target-Llama-3.2-1B-Instruct/draft-Llama-3.2-1B-Instruct_IdkDPO/forget05/a0.8_k1_s0
original-unlearned,Llama-3.2-1B-Instruct,Llama-3.2-1B-Instruct_IdkDPO,forget05,0.9,1,0,True,0.3272571224962265,0.26159119904970807,0.5301719129852395,0.2601365964144711,0.29096928476683354,0.17427794089577553,0.0009668691315127085,0.7307736283540726,0.13424518181473855,0.11260621022433043,0.8805786490789614,0.6458198869550458,0.8387249999999999,0.84585,0.8840499999999999,0.7410499999999999,-75.82340023904902,0.4980907145142555,0.3864386165174058,0.34579079731535933,0.38895765224230483,0.40490803600133957,0.5300088173372552,0.06678512535573343,0.06133333333333333,0.16809116809116806,0.04667350091728866,0.12684677035547792,0.07554376491596206,0.129824031945318,0.07787561616144377,0.07954829646895328,0.03679296476242432,0.07373741375282407,481.33,27406.4,/home/joaoabitante/speculative-decoding-unlearning/saves/unlearn/sud/results/original-unlearned/target-Llama-3.2-1B-Instruct/draft-Llama-3.2-1B-Instruct_IdkDPO/forget05/a0.9_k1_s0
original-unlearned,Llama-3.2-1B-Instruct,Llama-3.2-1B-Instruct_IdkDPO,forget05,0.95,1,0,True,0.33668167733459586,0.24388928820231445,0.5617720541269859,0.38104625087195015,0.2219234126932979,0.12664273888902963,0.004304993380033157,0.7008759227395057,0.12153010602694513,0.10231782879680396,0.8961459881905466,0.6557770741614636,0.761625,0.76775,0.8251000000000001,0.65635,-63.57434126982837,0.44465596459805967,0.3789932380812045,0.3396501393353379,0.3792649495181844,0.3989483560310702,0.5205978481148877,0.04015671512285068,0.05533333333333333,0.07578347578347579,0.02480607178793321,0.1257880064472556,0.0765289717570791,0.12265877697151155,0.07485375357512385,0.08125201053723384,0.03831041264926492,0.06900947921629995,452.446,27406.4,/home/joaoabitante/speculative-decoding-unlearning/saves/unlearn/sud/results/original-unlearned/target-Llama-3.2-1B-Instruct/draft-Llama-3.2-1B-Instruct_IdkDPO/forget05/a0.95_k1_s0
original-unlearned,Llama-3.2-1B-Instruct,Llama-3.2-1B-Instruct_IdkDPO,forget05,0.98,1,0,True,0.2840273419160052,0.18550586146493278,0.5817508331607547,0.46852533403242097,0.14905221906605998,0.08117745988823616,0.008539483949831865,0.6803389748930931,0.11507585116190036,0.09557708892971277,0.9095657188631594,0.6614787709639086,0.706725,0.7113749999999999,0.778925,0.59955,-54.732590957538775,0.41134096790105107,0.3744117675125723,0.33579954089389685,0.3732961549721187,0.39486302418954644,0.5138621661197933,0.039008429085157115,0.025333333333333336,0.03276353276353276,0.030851194969991738,0.1233882840257138,0.07558132932943284,0.11744582007173449,0.07242702937626745,0.08120759447415671,0.0385491157164021,0.0656345510855317,0.019,4943.3,/home/joaoabitante/speculative-decoding-unlearning/saves/unlearn/sud/results/original-unlearned/target-Llama-3.2-1B-Instruct/draft-Llama-3.2-1B-Instruct_IdkDPO/forget05/a0.98_k1_s0
original-unlearned,Llama-3.2-1B-Instruct,Llama-3.2-1B-Instruct_IdkDPO,forget05,0.99,1,0,True,0.24880384146020113,0.15545592597077626,0.5889673576621041,0.49964613546727404,0.11964029117543674,0.06410761541044098,0.011843449760085422,0.6726106068491936,0.11248126905012225,0.09325223814696074,0.8944498843606561,0.6633491056056091,0.6873250000000001,0.691875,0.761275,0.580475,-51.67424716880893,0.40009451020509007,0.37285024763385993,0.33448759740811085,0.3712608119925788,0.393420347357729,0.5115110369799853,0.03745751466174905,0.015333333333333332,0.030199430199430197,0.025795809382214027,0.12231201927177608,0.07502755511583936,0.11556413985788822,0.07151800137234385,0.08101578042842447,0.03851777568293345,0.06442605208326131,0.019,4943.3,/home/joaoabitante/speculative-decoding-unlearning/saves/unlearn/sud/results/original-unlearned/target-Llama-3.2-1B-Instruct/draft-Llama-3.2-1B-Instruct_IdkDPO/forget05/a0.99_k1_s0
original-unlearned,Llama-3.2-1B-Instruct,Llama-3.2-1B-Instruct_IdkDPO,forget05,0.995,1,0,True,0.18153738703709327,0.10611948538836678,0.5906907579500371,0.51603142562741,0.07755111052916575,0.040585699439546936,0.016258459276759563,0.6708635866641999,0.11248126905012225,0.09207706891000271,0.8693965118005872,0.6643074660662808,0.6774500000000001,0.6812749999999999,0.75155,0.57125,-50.01176285288395,0.39445150911808013,0.3720623848348015,0.33382677527686183,0.37022844320628656,0.3926846379025134,0.510338244403196,0.02757076964373412,0.006666666666666666,0.049857549857549865,0.023531551563332146,0.12172518589533865,0.07470879940073301,0.1145974113093689,0.07104511761746835,0.08088762154298217,0.0384818360728442,0.06380694041587412,0.019,4943.3,/home/joaoabitante/speculative-decoding-unlearning/saves/unlearn/sud/results/original-unlearned/target-Llama-3.2-1B-Instruct/draft-Llama-3.2-1B-Instruct_IdkDPO/forget05/a0.995_k1_s0
original-unlearned,Llama-3.2-1B-Instruct,Llama-3.2-1B-Instruct_IdkDPO,forget10,0.1,1,0,True,0.013724357382385288,0.013705518551691982,0.10224187431671045,0.0048230888041396105,0.679011642124043,0.5639555095380143,2.8138576976529647e-20,0.9695697039365768,0.6779099721836127,0.1085124699352309,0.8530472000571899,0.49152523344125787,0.9961250000000001,0.99638125,0.9979,0.9972562500000001,-99.41386080874427,0.8625214176625013,0.506849475076129,0.41038280181162745,0.5185476759704327,0.4338028679604886,0.6133505685633123,0.5653927827874593,0.667,0.7951566951566952,0.5944024900743914,0.020634732729376992,0.007000319396705148,0.09574499630602076,0.04310767217554075,0.008506492595414177,0.002616259886513088,0.04709535559381767,1008.83,32402.5,/home/joaoabitante/speculative-decoding-unlearning/saves/unlearn/sud/results/original-unlearned/target-Llama-3.2-1B-Instruct/draft-Llama-3.2-1B-Instruct_IdkDPO/forget10/a0.1_k1_s0
original-unlearned,Llama-3.2-1B-Instruct,Llama-3.2-1B-Instruct_IdkDPO,forget10,0.2,1,0,True,0.0158139903734737,0.015786178001599968,0.11922646520544593,0.005560664771778006,0.6741148093374032,0.550159926749368,4.353260441808186e-19,0.9638956278562546,0.6366983698641465,0.11630711184814573,0.8701702600810677,0.5081370419299184,0.9956812500000001,0.99593125,0.9977187500000001,0.9964875000000001,-99.34097303568004,0.8514829245209694,0.49616551844043777,0.40694343407082806,0.5094222654436164,0.43248915275633193,0.6072104082269277,0.5189263342505179,0.6045,0.8276353276353275,0.5349128245042357,0.026554327538760844,0.009225017389927712,0.10309912975528278,0.04767810660945836,0.011379057531463939,0.0035582703030570097,0.05315461335913278,1011.601,32402.5,/home/joaoabitante/speculative-decoding-unlearning/saves/unlearn/sud/results/original-unlearned/target-Llama-3.2-1B-Instruct/draft-Llama-3.2-1B-Instruct_IdkDPO/forget10/a0.2_k1_s0
original-unlearned,Llama-3.2-1B-Instruct,Llama-3.2-1B-Instruct_IdkDPO,forget10,0.3,1,0,True,0.01901255689114568,0.018973074053212344,0.1531762592594732,0.006678030653227132,0.6590729900342003,0.5418164471644635,2.241003819205479e-17,0.9519904312491417,0.5533369296211049,0.12333589006913825,0.8410982343601063,0.524930384376033,0.99499375,0.9954000000000001,0.9974125,0.99508125,-99.25492497025695,0.8366846390068531,0.4855452723915771,0.40318489454664663,0.5004117227217086,0.43150976613201747,0.6021658029545738,0.49537172776948407,0.6315,0.7709401709401709,0.4814617812609707,0.03414157586114015,0.012275005509985558,0.11043200324638747,0.0524321245915279,0.015234672191115043,0.004874475422579118,0.05935648178213159,1023.67,32402.5,/home/joaoabitante/speculative-decoding-unlearning/saves/unlearn/sud/results/original-unlearned/target-Llama-3.2-1B-Instruct/draft-Llama-3.2-1B-Instruct_IdkDPO/forget10/a0.3_k1_s0
original-unlearned,Llama-3.2-1B-Instruct,Llama-3.2-1B-Instruct_IdkDPO,forget10,0.4,1,0,True,0.024914968794596936,0.024842892080331365,0.20548285243349138,0.008770834360632458,0.6541428047378548,0.5324636307852857,9.456104707095184e-16,0.9317275002598763,0.45281163669051105,0.1288773507811129,0.8479075755405938,0.5423904321112885,0.99405,0.9945,0.99651875,0.9923875000000001,-99.10914942412843,0.8172211178392171,0.47489581158759314,0.3990494880893762,0.4903937947267498,0.4309595994345199,0.5973342099605492,0.46519248932189855,0.621,0.7851851851851851,0.4359644295956035,0.04379541229805909,0.0164861527278596,0.11752677641576156,0.057265608041055654,0.020365310137579706,0.0067212879147032336,0.06537308719713474,1027.556,32402.5,/home/joaoabitante/speculative-decoding-unlearning/saves/unlearn/sud/results/original-unlearned/target-Llama-3.2-1B-Instruct/draft-Llama-3.2-1B-Instruct_IdkDPO/forget10/a0.4_k1_s0
original-unlearned,Llama-3.2-1B-Instruct,Llama-3.2-1B-Instruct_IdkDPO,forget10,0.5,1,0,True,0.036675863432305986,0.03650232890788544,0.2561672826080301,0.013097389303007606,0.6481417981902079,0.5176669759413227,1.8397341057158477e-14,0.9097646777331829,0.3732555767902812,0.13211732926778497,0.8665506298374385,0.5602599915633341,0.99188125,0.9928750000000001,0.9944000000000001,0.9861812500000001,-98.84594357695194,0.7918910276889801,0.4643826473643924,0.39448605515157453,0.4788590206534787,0.43096920851941545,0.5908940574455067,0.42722298142271015,0.597,0.7588319088319088,0.3680781228080744,0.055915439014788716,0.02230353508555429,0.12407215937040746,0.062016395834310976,0.027075542391830822,0.00930693278723086,0.07070422438305105,1313.264,32402.5,/home/joaoabitante/speculative-decoding-unlearning/saves/unlearn/sud/results/original-unlearned/target-Llama-3.2-1B-Instruct/draft-Llama-3.2-1B-Instruct_IdkDPO/forget10/a0.5_k1_s0
original-unlearned,Llama-3.2-1B-Instruct,Llama-3.2-1B-Instruct_IdkDPO,forget10,0.6,1,0,True,0.0678080451088215,0.0671818830110257,0.32349864893287433,0.02528061141007588,0.6268297726050791,0.4980854454939729,1.6027740307205098e-12,0.8764870803058148,0.2804769318941773,0.13152429399546237,0.8453290765563725,0.5789580471499808,0.98545625,0.9874875000000001,0.9882062500000001,0.9692375,-97.9733149605437,0.7590883259475231,0.4541022631072124,0.3894229509432156,0.46781219733958873,0.431324244995961,0.58181444541719,0.39384206929133003,0.525,0.7336182336182338,0.28546229703091197,0.07069047967437654,0.0302325595620747,0.1296026786393486,0.06642886866358094,0.03557815543521429,0.012881848807458214,0.07432811223430326,988.182,32402.5,/home/joaoabitante/speculative-decoding-unlearning/saves/unlearn/sud/results/original-unlearned/target-Llama-3.2-1B-Instruct/draft-Llama-3.2-1B-Instruct_IdkDPO/forget10/a0.6_k1_s0
original-unlearned,Llama-3.2-1B-Instruct,Llama-3.2-1B-Instruct_IdkDPO,forget10,0.7,1,0,True,0.14210844119540772,0.13878606241936114,0.3967928099179422,0.058964161130479684,0.6131291794220713,0.46808982590133263,2.7675164465641644e-09,0.8331861028075218,0.21372611612143622,0.12565530835650862,0.8884046159591525,0.5985915297659726,0.9683812500000001,0.9718375,0.9700062500000001,0.92425,-95.43844018619774,0.7165551982074976,0.44400594506050184,0.3837117653744411,0.45623125591661606,0.43119523901210977,0.5781359372303089,0.3424359648503969,0.4495,0.6299145299145299,0.18719371470721746,0.08751481265760958,0.04056379035549063,0.13338482402497903,0.07008810198586433,0.04569052353957281,0.017645737027053725,0.0750871423353674,1141.432,32402.5,/home/joaoabitante/speculative-decoding-unlearning/saves/unlearn/sud/results/original-unlearned/target-Llama-3.2-1B-Instruct/draft-Llama-3.2-1B-Instruct_IdkDPO/forget10/a0.7_k1_s0
original-unlearned,Llama-3.2-1B-Instruct,Llama-3.2-1B-Instruct_IdkDPO,forget10,0.8,1,0,True,0.26529751171692223,0.2502020554257377,0.46952938162664143,0.1359025374798006,0.5494346060767904,0.39963191278410487,1.3711905167668337e-07,0.7819406726956367,0.15730941943887472,0.11461246558465063,0.8788867972418666,0.6183769407112928,0.9273375,0.92935625,0.9337687499999998,0.8420312500000001,-88.55763194289524,0.6612046886980534,0.4340896889029882,0.37706500199578585,0.44419876984991086,0.42959891716883336,0.5755610800331615,0.24426607610232703,0.2753333333333333,0.49743589743589745,0.10502692880344909,0.10398225875571371,0.05239841317370908,0.13426630517235025,0.07231353302416392,0.0562554372662756,0.023327595676853736,0.07244434692733921,988.958,32402.5,/home/joaoabitante/speculative-decoding-unlearning/saves/unlearn/sud/results/original-unlearned/target-Llama-3.2-1B-Instruct/draft-Llama-3.2-1B-Instruct_IdkDPO/forget10/a0.8_k1_s0
original-unlearned,Llama-3.2-1B-Instruct,Llama-3.2-1B-Instruct_IdkDPO,forget10,0.9,1,0,True,0.3790602779635593,0.318807751046059,0.539510726226923,0.28876829775604723,0.3849421015529611,0.24428707148554732,4.455792684961036e-06,0.7221271071583033,0.11992155000097326,0.09919049315853044,0.9074064101511613,0.6373557878697522,0.84309375,0.84174375,0.85451875,0.71855625,-74.36678745935627,0.5899574561417102,0.42440479614486404,0.3692941079446026,0.4300506616176721,0.42518950021801905,0.5695111587811836,0.14798548902832068,0.08733333333333332,0.18376068376068377,0.05016698529634081,0.1156407763902098,0.06194403981561096,0.1306565444264561,0.07210383196864859,0.06484881623764523,0.028441025275522124,0.06632128024136182,791.195,32402.5,/home/joaoabitante/speculative-decoding-unlearning/saves/unlearn/sud/results/original-unlearned/target-Llama-3.2-1B-Instruct/draft-Llama-3.2-1B-Instruct_IdkDPO/forget10/a0.9_k1_s0
original-unlearned,Llama-3.2-1B-Instruct,Llama-3.2-1B-Instruct_IdkDPO,forget10,0.95,1,0,True,0.41942645602545064,0.33367094308362905,0.5738669154913592,0.40147729200164056,0.34255263148271137,0.21019316801588256,2.5720789009736948e-05,0.6877110029757023,0.10764548375610632,0.09021312342723832,0.925077679916285,0.6458672870526816,0.77550625,0.7717874999999998,0.7990875,0.6417062499999999,-63.03577573840806,0.5478074871376157,0.41955442388627473,0.36504242321288566,0.4241667953001846,0.42162610220530433,0.5649440739602113,0.12192262929129914,0.07,0.1452991452991453,0.03783661690624516,0.11828718572389335,0.0641729185396495,0.1266556330770254,0.0707473649334861,0.06758308580591497,0.030077294831790953,0.06204222753481009,699.575,32402.5,/home/joaoabitante/speculative-decoding-unlearning/saves/unlearn/sud/results/original-unlearned/target-Llama-3.2-1B-Instruct/draft-Llama-3.2-1B-Instruct_IdkDPO/forget10/a0.95_k1_s0
original-unlearned,Llama-3.2-1B-Instruct,Llama-3.2-1B-Instruct_IdkDPO,forget10,0.98,1,0,True,0.37436769826090366,0.2689980810689343,0.5903746735823588,0.480670186921453,0.23589113331273268,0.1355339029104483,0.0001305755477065129,0.6704192128032446,0.10164255781867147,0.08454480013810098,0.908876356978435,0.6511665016933934,0.7241718750000001,0.7210062500000001,0.761475,0.5929125,-54.81059301414257,0.5204755117371679,0.4166336907839084,0.36238402300641903,0.4208436049143728,0.4190652140587685,0.5612848750792945,0.09575946434181232,0.035,0.07264957264957266,0.03996493588917446,0.11868564658332616,0.0645177136732536,0.12347148806322367,0.0694747983228881,0.06860774447307146,0.030670391566113377,0.05913287586695515,541.339,32402.5,/home/joaoabitante/speculative-decoding-unlearning/saves/unlearn/sud/results/original-unlearned/target-Llama-3.2-1B-Instruct/draft-Llama-3.2-1B-Instruct_IdkDPO/forget10/a0.98_k1_s0
original-unlearned,Llama-3.2-1B-Instruct,Llama-3.2-1B-Instruct_IdkDPO,forget10,0.99,1,0,True,0.34725171290908774,0.2393916688484498,0.5956528299290644,0.5082262717259329,0.20028807637713672,0.11254535614977265,0.00017795251634334,0.6645821144431829,0.10091846949857317,0.08261904538143426,0.908834567379672,0.6528865931479032,0.70603125,0.7030500000000001,0.7481187499999999,0.5769125,-51.90216840284228,0.5110439110919833,0.41564906539286556,0.3614788873681605,0.4196891481482789,0.41814618323962466,0.5600653411008243,0.09004118078365521,0.023333333333333334,0.0811965811965812,0.03279260639378647,0.11861680609174073,0.06447351559584674,0.12227709458675236,0.06897162967990152,0.06884278876881582,0.030803236116679546,0.058110958642093466,540.617,32402.5,/home/joaoabitante/speculative-decoding-unlearning/saves/unlearn/sud/results/original-unlearned/target-Llama-3.2-1B-Instruct/draft-Llama-3.2-1B-Instruct_IdkDPO/forget10/a0.99_k1_s0
original-unlearned,Llama-3.2-1B-Instruct,Llama-3.2-1B-Instruct_IdkDPO,forget10,0.995,1,0,True,0.38522407454343904,0.2757572260397943,0.5972559147001907,0.5222547011273735,0.2381759572907015,0.137173533871086,0.00024128267657124152,0.6629509287327529,0.10042021775032142,0.08165036104386672,0.9032467440702021,0.6536676007527527,0.69676875,0.69398125,0.7413562499999999,0.5684812499999999,-50.433277309561134,0.5062705400586128,0.4151538731005308,0.3610226539557921,0.41914624183238,0.4176747843210052,0.5594297478541299,0.08981918518834561,0.03166666666666666,0.10897435897435898,0.02985096512092804,0.11854488448239862,0.06442290010889913,0.12165495781227946,0.06870511565177002,0.06894024921930395,0.030857779848709972,0.057590722597436986,556.896,32402.5,/home/joaoabitante/speculative-decoding-unlearning/saves/unlearn/sud/results/original-unlearned/target-Llama-3.2-1B-Instruct/draft-Llama-3.2-1B-Instruct_IdkDPO/forget10/a0.995_k1_s0
original-unlearned,Llama-3.2-1B-Instruct,Llama-3.2-1B-Instruct_IdkNLL,forget01,0.1,1,0,True,0.0,0.0,0.07299493721573504,0.0,0.6643925393906712,0.5615357393121089,0.006760732303569208,0.9791984900832176,0.7184484883288356,0.1069017635192722,0.8133797388290986,0.48698719654675776,1.0,1.0,0.999375,1.0,-99.9999999811098,0.8631472650170326,0.5064928882114971,0.41276806638478414,0.5220539875761023,0.43605955033026084,0.6167739886373582,0.5477991485801733,0.63,0.8136752136752136,0.5746256063459797,0.021196081910456997,0.007299524351491271,0.09546175205381587,0.043006017286222956,0.008670735188825347,0.0026737823789161927,0.046849069757154214,0.017,4943.3,/home/joaoabitante/speculative-decoding-unlearning/saves/unlearn/sud/results/original-unlearned/target-Llama-3.2-1B-Instruct/draft-Llama-3.2-1B-Instruct_IdkNLL/forget01/a0.1_k1_s0
original-unlearned,Llama-3.2-1B-Instruct,Llama-3.2-1B-Instruct_IdkNLL,forget01,0.2,1,0,True,0.0,0.0,0.07959094490830934,0.0,0.6872054531151521,0.5562796432767954,0.006760732303569208,0.9772787496447564,0.6795608240607366,0.11671399669721723,0.8987303610891104,0.5018926875806695,1.0,1.0,0.999375,1.0,-99.9999999811098,0.8533780212700367,0.4952942267134723,0.4116942218645355,0.5163194048083296,0.4372574564926885,0.6141577466404492,0.5339435297184368,0.64,0.7863247863247863,0.5680613156618552,0.028095099604979624,0.010025849158722865,0.10260674254503101,0.04751039778834456,0.011843333997706698,0.0037181431123199343,0.053381215237313887,0.017,4943.3,/home/joaoabitante/speculative-decoding-unlearning/saves/unlearn/sud/results/original-unlearned/target-Llama-3.2-1B-Instruct/draft-Llama-3.2-1B-Instruct_IdkNLL/forget01/a0.2_k1_s0
original-unlearned,Llama-3.2-1B-Instruct,Llama-3.2-1B-Instruct_IdkNLL,forget01,0.3,1,0,True,0.0,0.0,0.09568563661645164,0.0,0.6548460089072126,0.542611678237481,0.006760732303569208,0.9720994308590889,0.6531096746354492,0.12664828607812523,0.8256175514077768,0.5170029285882867,1.0,1.0,0.999375,1.0,-99.9999999811098,0.8406051091849804,0.484164761308178,0.41029862645228776,0.5107320186981646,0.439002108992219,0.6111409840963272,0.5029168821271722,0.5645,0.7923076923076922,0.4968143230895839,0.0373458210460376,0.013910085031849845,0.10984713995014317,0.05225521090703012,0.01623605758588383,0.005215512615437891,0.06036762620322407,0.017,4943.3,/home/joaoabitante/speculative-decoding-unlearning/saves/unlearn/sud/results/original-unlearned/target-Llama-3.2-1B-Instruct/draft-Llama-3.2-1B-Instruct_IdkNLL/forget01/a0.3_k1_s0
original-unlearned,Llama-3.2-1B-Instruct,Llama-3.2-1B-Instruct_IdkNLL,forget01,0.4,1,0,True,0.0,0.0,0.11074381454194836,0.0,0.6570634818822754,0.5406327568602717,0.006760732303569208,0.9673363864421844,0.5947388715399567,0.13632025830447675,0.837407685443759,0.5322231549212102,0.999375,0.999375,0.999375,1.0,-99.88193622670471,0.8241029018908739,0.4730681246726921,0.4085492393299446,0.5038516053420765,0.44131065265684766,0.6089132781679617,0.47979404376707313,0.6258333333333332,0.7709401709401709,0.4678202917913968,0.049780483628856016,0.019513800749321405,0.1170248932368122,0.0571656769339329,0.02232401546483744,0.007387233798573479,0.06762725695967672,0.017,4943.3,/home/joaoabitante/speculative-decoding-unlearning/saves/unlearn/sud/results/original-unlearned/target-Llama-3.2-1B-Instruct/draft-Llama-3.2-1B-Instruct_IdkNLL/forget01/a0.4_k1_s0
original-unlearned,Llama-3.2-1B-Instruct,Llama-3.2-1B-Instruct_IdkNLL,forget01,0.5,1,0,True,0.0,0.0,0.1380139117255298,0.0,0.6493638192863295,0.5290058423910479,0.006760732303569208,0.9578448995947838,0.5584069820626868,0.14508369602262974,0.8406192305032164,0.5475162203769187,0.998125,0.999375,0.9987499999999999,1.0,-99.88193622670471,0.8029259213805199,0.46210836947603057,0.40639558574411777,0.4966232961218017,0.4441062972943217,0.6050963593713473,0.4286792087239826,0.5998333333333333,0.8162393162393162,0.442130350334088,0.06651002873899416,0.02768752538345597,0.12391009401530027,0.06212143505422409,0.030748586931828567,0.010572675933480647,0.07483025505207479,719.307,24891.3,/home/joaoabitante/speculative-decoding-unlearning/saves/unlearn/sud/results/original-unlearned/target-Llama-3.2-1B-Instruct/draft-Llama-3.2-1B-Instruct_IdkNLL/forget01/a0.5_k1_s0
original-unlearned,Llama-3.2-1B-Instruct,Llama-3.2-1B-Instruct_IdkNLL,forget01,0.6,1,0,True,0.0,0.0,0.17835957753901857,0.0,0.6527681365454466,0.5144895925023615,0.01430154804770646,0.943376100063324,0.4477939472324368,0.15188449919223784,0.8926968358457088,0.5629945864968914,0.995625,0.9968750000000001,0.998125,1.0,-99.40968120908437,0.7758009775727988,0.45131413736039855,0.40380522278301256,0.48863813113161486,0.4471790043070893,0.6007021044057163,0.4124229078166731,0.5369999999999999,0.7827635327635327,0.34879354973961896,0.08895438379608095,0.03969315338992259,0.13015540561405942,0.0669303041285948,0.04234105797329296,0.015283616518436273,0.08141184299718589,0.017,4943.3,/home/joaoabitante/speculative-decoding-unlearning/saves/unlearn/sud/results/original-unlearned/target-Llama-3.2-1B-Instruct/draft-Llama-3.2-1B-Instruct_IdkNLL/forget01/a0.6_k1_s0
original-unlearned,Llama-3.2-1B-Instruct,Llama-3.2-1B-Instruct_IdkNLL,forget01,0.7,1,0,True,0.017787084366634467,0.017741762618555267,0.23376866281942446,0.006144093624283687,0.6149923452878657,0.48617163131092817,0.01430154804770646,0.9207279533147812,0.36773675168283126,0.1552629920653999,0.8366896998137235,0.5777921983775387,0.98875,0.995625,0.995625,0.99875,-99.17355370027417,0.7409687552601099,0.44078585226707445,0.4007711739780534,0.48160852317091224,0.4499670159328265,0.5958513830983728,0.3537940663293188,0.457,0.7108262108262108,0.2648468311680795,0.11870785029139369,0.05730205695726909,0.13521735086571426,0.07128153175058106,0.058086990209606795,0.02226681664384041,0.0864863913692534,658.335,24891.3,/home/joaoabitante/speculative-decoding-unlearning/saves/unlearn/sud/results/original-unlearned/target-Llama-3.2-1B-Instruct/draft-Llama-3.2-1B-Instruct_IdkNLL/forget01/a0.7_k1_s0
original-unlearned,Llama-3.2-1B-Instruct,Llama-3.2-1B-Instruct_IdkNLL,forget01,0.8,1,0,True,0.05520765333894106,0.054721930444403155,0.3144698103319849,0.020223582944778367,0.5837322354893484,0.4554875631340763,0.02860307028023343,0.8815906956791878,0.2888708328794124,0.1538366443477571,0.8124936582520604,0.592936764964567,0.9775,0.986875,0.990625,0.994375,-97.52066113860293,0.6959761647135019,0.43059029540339466,0.39733610288358734,0.47452399751031726,0.45174072319453634,0.590689430415812,0.28119425005683296,0.40700000000000003,0.6868945868945869,0.15020611068136203,0.1568319002352655,0.08264054054330684,0.13824926913250238,0.07467499756744657,0.07876213335936579,0.032492175969294206,0.08894303528591992,581.215,24891.3,/home/joaoabitante/speculative-decoding-unlearning/saves/unlearn/sud/results/original-unlearned/target-Llama-3.2-1B-Instruct/draft-Llama-3.2-1B-Instruct_IdkNLL/forget01/a0.8_k1_s0
original-unlearned,Llama-3.2-1B-Instruct,Llama-3.2-1B-Instruct_IdkNLL,forget01,0.9,1,0,True,0.11758068023050142,0.11458163242763608,0.3965229038845654,0.04714403983385056,0.561518824036314,0.4083807318647188,0.02860307028023343,0.8340818017721177,0.19652676407095887,0.14676379831507802,0.8984136372804642,0.6082657282247608,0.9525,0.9674999999999999,0.9762500000000001,0.9875,-93.86068475204519,0.6379265651106835,0.42071860885659446,0.3934916353532422,0.4648291683932151,0.45222377622210796,0.5852789658109305,0.19421403734230444,0.3933333333333333,0.5586894586894587,0.06423492040787704,0.20140486126765608,0.11687714388418911,0.13799984472338112,0.07634675244262326,0.10365190552858015,0.04668422896473596,0.08791625333018602,491.204,24891.3,/home/joaoabitante/speculative-decoding-unlearning/saves/unlearn/sud/results/original-unlearned/target-Llama-3.2-1B-Instruct/draft-Llama-3.2-1B-Instruct_IdkNLL/forget01/a0.9_k1_s0
original-unlearned,Llama-3.2-1B-Instruct,Llama-3.2-1B-Instruct_IdkNLL,forget01,0.95,1,0,True,0.17065039281779476,0.162290046100049,0.4229971761637563,0.07553794242520769,0.505730135686669,0.34686573186503233,0.02860307028023343,0.8162517592310905,0.18469848691112686,0.14095557192340494,0.9330809280276299,0.6159627936729482,0.9418750000000001,0.9487500000000001,0.9643750000000001,0.976875,-90.31877211989257,0.6031814509630203,0.4158618806955724,0.39131513770235843,0.46014539217829536,0.45190118942939544,0.5846390210818064,0.1417791718651684,0.2383333333333333,0.5042735042735043,0.04413963399285732,0.22331607803702355,0.13636309636008537,0.136147473892197,0.07622359547403175,0.11634220255305991,0.05503359315403122,0.08592251057270914,443.474,24891.3,/home/joaoabitante/speculative-decoding-unlearning/saves/unlearn/sud/results/original-unlearned/target-Llama-3.2-1B-Instruct/draft-Llama-3.2-1B-Instruct_IdkNLL/forget01/a0.95_k1_s0
original-unlearned,Llama-3.2-1B-Instruct,Llama-3.2-1B-Instruct_IdkNLL,forget01,0.98,1,0,True,0.19463146505820406,0.1837011029310818,0.4382782139485358,0.09085452713937572,0.4704810189120146,0.3286647114445957,0.02860307028023343,0.8055618226528167,0.17635268037970678,0.13670157538726926,0.8275720050558448,0.6206784684151022,0.9350000000000002,0.945625,0.95875,0.9681250000000001,-89.72845334786712,0.5803910741209983,0.4129653397996943,0.38987346917402294,0.4581819855420675,0.45146677389019507,0.5836560298012159,0.1206065982687577,0.24833333333333332,0.4454415954415954,0.033141807619107115,0.23506615426391364,0.14803596111571687,0.1343657684372738,0.07576514796511039,0.12339790665001298,0.06018624198250394,0.0842169976234436,0.016,4943.3,/home/joaoabitante/speculative-decoding-unlearning/saves/unlearn/sud/results/original-unlearned/target-Llama-3.2-1B-Instruct/draft-Llama-3.2-1B-Instruct_IdkNLL/forget01/a0.98_k1_s0
original-unlearned,Llama-3.2-1B-Instruct,Llama-3.2-1B-Instruct_IdkNLL,forget01,0.99,1,0,True,0.20888964604993657,0.19306807336143325,0.4407829306015284,0.10187351803060489,0.4392002058823698,0.2895381154186954,0.02860307028023343,0.8038204267621041,0.17635268037970678,0.13515174398198723,0.9091279219835997,0.6222748929989287,0.9318750000000001,0.9437500000000001,0.951875,0.961875,-89.37426208465186,0.572470820620656,0.4119999831863895,0.38936448779459737,0.4574605006076233,0.4512743856335838,0.5832318648668275,0.10095735623841977,0.165,0.4425925925925926,0.02917312856862315,0.23861495902761817,0.15181718639129949,0.13365219914354384,0.07554253690282349,0.12558730329076448,0.06188938768348265,0.08356088957283646,0.017,4943.3,/home/joaoabitante/speculative-decoding-unlearning/saves/unlearn/sud/results/original-unlearned/target-Llama-3.2-1B-Instruct/draft-Llama-3.2-1B-Instruct_IdkNLL/forget01/a0.99_k1_s0
original-unlearned,Llama-3.2-1B-Instruct,Llama-3.2-1B-Instruct_IdkNLL,forget01,0.995,1,0,True,0.21321422146741748,0.19752740390113074,0.4432647128363254,0.1042005191844578,0.45096102233121155,0.2998593716447772,0.01430154804770646,0.8019685745239258,0.17635268037970678,0.1343517776578665,0.909027699008584,0.623078579224528,0.9318750000000001,0.9418749999999999,0.95,0.9612499999999999,-89.02007082143658,0.5684508142620325,0.4115171759738078,0.38910410561550307,0.4570735664247411,0.45116849362927597,0.5830247438688577,0.09559448323082174,0.2633333333333333,0.3475783475783476,0.05322001747316196,0.2403081234358251,0.15367517133370742,0.13327244334388524,0.0754177152152406,0.126644997948315,0.06273379155016331,0.08321619375608862,0.017,4943.3,/home/joaoabitante/speculative-decoding-unlearning/saves/unlearn/sud/results/original-unlearned/target-Llama-3.2-1B-Instruct/draft-Llama-3.2-1B-Instruct_IdkNLL/forget01/a0.995_k1_s0
original-unlearned,Llama-3.2-1B-Instruct,Llama-3.2-1B-Instruct_IdkNLL,forget05,0.1,1,0,True,0.00038040079747431285,0.00038038617353710886,0.09959253935512054,0.000126985854682836,0.6733879068264571,0.5592148922603017,1.4275699621532978e-12,0.9703516227006912,0.6919161123551498,0.10460541593842208,0.8461418231390416,0.4825562925865454,0.999825,0.99995,0.999475,0.99995,-99.9921580771656,0.8644710171967744,0.5117761456377551,0.40710254706264587,0.517644448983608,0.4300026377780168,0.6091908960500866,0.5779300512802452,0.6365,0.7538461538461538,0.601629949379287,0.018236221400802607,0.006101848623642277,0.09354606488137505,0.041746692256378955,0.007546733030311165,0.0022921102204598275,0.04323437136528083,0.019,4943.3,/home/joaoabitante/speculative-decoding-unlearning/saves/unlearn/sud/results/original-unlearned/target-Llama-3.2-1B-Instruct/draft-Llama-3.2-1B-Instruct_IdkNLL/forget05/a0.1_k1_s0
original-unlearned,Llama-3.2-1B-Instruct,Llama-3.2-1B-Instruct_IdkNLL,forget05,0.2,1,0,True,0.0009184479675227471,0.0009183604457876563,0.1073836526815389,0.00030716573785615007,0.6684096724535982,0.5532866104687182,6.5689645859369454e-12,0.9677665659785271,0.6745906326654554,0.1100114358915016,0.8440275859460235,0.492788680863581,0.9996999999999999,0.99985,0.999475,0.999875,-99.97647426286443,0.8547463247925043,0.5061012219642167,0.4006647655645282,0.5079375550741476,0.42464974771789715,0.5989396507172327,0.5371283748857678,0.6625,0.7934472934472935,0.5821150555994988,0.020670383007236524,0.006988820746894129,0.09830529614584521,0.04464368549502507,0.008922776468712073,0.0027217378090449683,0.04716096834163182,0.019,4943.3,/home/joaoabitante/speculative-decoding-unlearning/saves/unlearn/sud/results/original-unlearned/target-Llama-3.2-1B-Instruct/draft-Llama-3.2-1B-Instruct_IdkNLL/forget05/a0.2_k1_s0
original-unlearned,Llama-3.2-1B-Instruct,Llama-3.2-1B-Instruct_IdkNLL,forget05,0.3,1,0,True,0.0014068190077997703,0.0014065989374605883,0.1287296978665488,0.00047098974195567875,0.6606026575942432,0.5412994416653307,1.3850840057169374e-11,0.9604604533314705,0.6245743854953946,0.11468047136906534,0.8473626727215015,0.5028797246997415,0.9996499999999999,0.999775,0.99925,0.999775,-99.96471140213853,0.8407069956511259,0.5004960995062191,0.39428303470701287,0.4975196143219938,0.4193346528471206,0.5896638584851069,0.5125942013653352,0.6175,0.805128205128205,0.5190190795190243,0.023341158015246038,0.008059060189001934,0.10267104773665778,0.047408503959316194,0.010519774475487796,0.0032444009780583983,0.05092566915182396,0.019,4943.3,/home/joaoabitante/speculative-decoding-unlearning/saves/unlearn/sud/results/original-unlearned/target-Llama-3.2-1B-Instruct/draft-Llama-3.2-1B-Instruct_IdkNLL/forget05/a0.3_k1_s0
original-unlearned,Llama-3.2-1B-Instruct,Llama-3.2-1B-Instruct_IdkNLL,forget05,0.4,1,0,True,0.0028411216087000785,0.002840189241534565,0.15888076239746515,0.0009541049590166628,0.6560538452043237,0.5345023675271222,1.3850840057169374e-11,0.9493910366296768,0.5711263468112684,0.11826254832558333,0.8491623147111386,0.5125698305778922,0.99925,0.999525,0.998975,0.999525,-99.92550186638557,0.8215982952713966,0.4949414524104563,0.3879849708564291,0.4885860320891209,0.4141541030464213,0.5795581013238427,0.48995601328120586,0.6753333333333333,0.7606837606837606,0.4968359968202373,0.0262556528521236,0.009357347782730731,0.10649097465910018,0.04995984191664103,0.012348282193455209,0.0038811287045387582,0.05435142917837948,0.019,4943.3,/home/joaoabitante/speculative-decoding-unlearning/saves/unlearn/sud/results/original-unlearned/target-Llama-3.2-1B-Instruct/draft-Llama-3.2-1B-Instruct_IdkNLL/forget05/a0.4_k1_s0
original-unlearned,Llama-3.2-1B-Instruct,Llama-3.2-1B-Instruct_IdkNLL,forget05,0.5,1,0,True,0.0062182007212523305,0.006213239259624154,0.21333392488738234,0.002099861422606724,0.647129820439115,0.5179898363712626,5.951062636424447e-11,0.9280370539426803,0.44522309844602576,0.12029853652697056,0.8620465401094407,0.5222935699761834,0.998375,0.999,0.9985,0.9986499999999999,-99.8431618413044,0.7965269705653191,0.4894289690423257,0.38168760517846756,0.4808345500864921,0.40930316921992915,0.5683377959834252,0.45724021124190173,0.5978333333333333,0.760968660968661,0.45742748131383976,0.029405192140839063,0.010936598475836945,0.10958994021173567,0.05220308868844769,0.014400159828064717,0.004654386426408219,0.05720338671421633,960.365,27406.4,/home/joaoabitante/speculative-decoding-unlearning/saves/unlearn/sud/results/original-unlearned/target-Llama-3.2-1B-Instruct/draft-Llama-3.2-1B-Instruct_IdkNLL/forget05/a0.5_k1_s0
original-unlearned,Llama-3.2-1B-Instruct,Llama-3.2-1B-Instruct_IdkNLL,forget05,0.6,1,0,True,0.01507583009946239,0.015046938661412719,0.26869459264202117,0.005162365870993433,0.6399235229021335,0.5141989220961113,1.2127544312107394e-10,0.9028851664066315,0.36516937145586154,0.1202286439249292,0.8470263481186703,0.5325324906785498,0.9964500000000001,0.99745,0.997125,0.995625,-99.60006271963611,0.7645516695082187,0.48401992747782,0.37519175245976094,0.47252229717405436,0.40477200289904147,0.5558058550811946,0.44958881324138544,0.6253333333333333,0.7972934472934473,0.36972148349270184,0.03269604230998084,0.012851784416530154,0.11177045291056857,0.05402877746671311,0.01662236088241722,0.005586695676113125,0.05916504651214928,0.019,4943.3,/home/joaoabitante/speculative-decoding-unlearning/saves/unlearn/sud/results/original-unlearned/target-Llama-3.2-1B-Instruct/draft-Llama-3.2-1B-Instruct_IdkNLL/forget05/a0.6_k1_s0
original-unlearned,Llama-3.2-1B-Instruct,Llama-3.2-1B-Instruct_IdkNLL,forget05,0.7,1,0,True,0.03778702933464762,0.03757320381318117,0.32553558019416623,0.013384258519811065,0.6227327042314278,0.48599376970412506,9.594235055800515e-10,0.8736869320273399,0.2836903116296804,0.11745994152035565,0.8665426615905016,0.5430447544508794,0.991125,0.993025,0.99395,0.9853500000000001,-98.90605393680897,0.7248397977650165,0.4786287812968564,0.3682848502803962,0.46260565369074336,0.3999467976244518,0.5400439567330141,0.41020772447583054,0.4925,0.7393162393162394,0.29691710949076106,0.03580032072903123,0.015130779659751783,0.11280003631254658,0.055309427222133306,0.018846220143811175,0.006689735833343747,0.0598344756453298,959.659,27406.4,/home/joaoabitante/speculative-decoding-unlearning/saves/unlearn/sud/results/original-unlearned/target-Llama-3.2-1B-Instruct/draft-Llama-3.2-1B-Instruct_IdkNLL/forget05/a0.7_k1_s0
original-unlearned,Llama-3.2-1B-Instruct,Llama-3.2-1B-Instruct_IdkNLL,forget05,0.8,1,0,True,0.0949753508300697,0.09338190907489212,0.38875803876714327,0.03653459069283214,0.6084470800668184,0.4581855014470955,1.2940880677508261e-08,0.8351366683840752,0.22676505023558532,0.11133487801998854,0.9053587909787894,0.554018195869048,0.97775,0.980325,0.983525,0.95675,-96.91420952055924,0.6766912841796875,0.4734242024232815,0.3608018232994044,0.45417862179831003,0.3944527149578064,0.5277124725987002,0.3868654228101925,0.4041666666666666,0.628917378917379,0.2009937922142955,0.03794707130407914,0.017657099365467915,0.11238985600648448,0.05588561341135938,0.02064276939596311,0.007906296817727733,0.05872363689029589,857.681,27406.4,/home/joaoabitante/speculative-decoding-unlearning/saves/unlearn/sud/results/original-unlearned/target-Llama-3.2-1B-Instruct/draft-Llama-3.2-1B-Instruct_IdkNLL/forget05/a0.8_k1_s0
original-unlearned,Llama-3.2-1B-Instruct,Llama-3.2-1B-Instruct_IdkNLL,forget05,0.9,1,0,True,0.19543048803646462,0.18713528423534853,0.44588877614846467,0.08839535022403301,0.557040176161339,0.4039328401211897,1.4639479233432268e-07,0.7941906017065048,0.1889368901796448,0.10152661386877299,0.8970651578786782,0.566240603329062,0.94625,0.9498249999999999,0.961075,0.9005,-92.13064615869969,0.6196256897971034,0.46837363264049875,0.35285985827101085,0.44653019354018475,0.38795479976614844,0.5142245278365767,0.3294707630466408,0.264,0.47321937321937324,0.12158359925412768,0.03802089360542595,0.019864871150322216,0.11015345113351942,0.05554256560600334,0.021297642876039996,0.008985303029730132,0.055547170345205815,805.715,27406.4,/home/joaoabitante/speculative-decoding-unlearning/saves/unlearn/sud/results/original-unlearned/target-Llama-3.2-1B-Instruct/draft-Llama-3.2-1B-Instruct_IdkNLL/forget05/a0.9_k1_s0
original-unlearned,Llama-3.2-1B-Instruct,Llama-3.2-1B-Instruct_IdkNLL,forget05,0.95,1,0,True,0.2574431620236571,0.23968573684594457,0.47218937169532843,0.13127872386117528,0.5214083314599824,0.35955516651314834,8.056669472003223e-07,0.7737466949224472,0.16635069254193333,0.09540586882270873,0.9482709226722363,0.5726264132334885,0.92,0.925125,0.939975,0.863575,-88.25674402630852,0.5876386477798223,0.4657675287098027,0.34883500478330076,0.4428974858870803,0.384195550368964,0.5079108371773143,0.2742608139074976,0.2125,0.3190883190883191,0.04938360744808849,0.03708442203089362,0.020496278508554133,0.1081931533687748,0.05493962931228452,0.021040792505494513,0.009318060011579561,0.053225226731039584,705.38,27406.4,/home/joaoabitante/speculative-decoding-unlearning/saves/unlearn/sud/results/original-unlearned/target-Llama-3.2-1B-Instruct/draft-Llama-3.2-1B-Instruct_IdkNLL/forget05/a0.95_k1_s0
original-unlearned,Llama-3.2-1B-Instruct,Llama-3.2-1B-Instruct_IdkNLL,forget05,0.98,1,0,True,0.28710511512288006,0.256875735695346,0.4897936908372143,0.16348117717262503,0.4365770316887871,0.28407391630154744,1.3921047931216453e-06,0.758791778087616,0.15717123211994724,0.09143416170030833,0.9426114783622325,0.5767705137834822,0.900875,0.9064,0.923125,0.83755,-85.3199497984128,0.5673323175311089,0.46420866774935476,0.3464373463316502,0.44105071984378236,0.3817710976165673,0.5043120109038312,0.2678845877012884,0.09166666666666666,0.297008547008547,0.05510008750243406,0.036247705559653697,0.020643255012014108,0.1067078601452522,0.05441735135707131,0.020711745487278676,0.009414403133404064,0.0516307190055959,0.019,4943.3,/home/joaoabitante/speculative-decoding-unlearning/saves/unlearn/sud/results/original-unlearned/target-Llama-3.2-1B-Instruct/draft-Llama-3.2-1B-Instruct_IdkNLL/forget05/a0.98_k1_s0
original-unlearned,Llama-3.2-1B-Instruct,Llama-3.2-1B-Instruct_IdkNLL,forget05,0.99,1,0,True,0.30352501384582875,0.27435447959322495,0.49327337686705175,0.17422065297593453,0.47242388248214906,0.31569268350540536,1.3921047931216453e-06,0.7559150251746177,0.15518741415066414,0.09006856336258352,0.9382194916903973,0.5782080181030976,0.8943749999999999,0.8999250000000002,0.9177500000000001,0.8288,-84.30442282241151,0.5603806698322296,0.46368277857801204,0.3456435863380398,0.44057077497036784,0.38093757546019835,0.5030517920783452,0.2555977506064563,0.132,0.30270655270655267,0.05437778485515668,0.0359302565883263,0.02065055417921792,0.10615828431909904,0.05421474190923618,0.020576517080310927,0.009427665309164288,0.05106907884310931,0.019,4943.3,/home/joaoabitante/speculative-decoding-unlearning/saves/unlearn/sud/results/original-unlearned/target-Llama-3.2-1B-Instruct/draft-Llama-3.2-1B-Instruct_IdkNLL/forget05/a0.99_k1_s0
original-unlearned,Llama-3.2-1B-Instruct,Llama-3.2-1B-Instruct_IdkNLL,forget05,0.995,1,0,True,0.3144129392953396,0.2866776952209971,0.49563288473441863,0.18045507360375654,0.5044329134010562,0.34416941433294823,1.3921047931216453e-06,0.7538460728526115,0.15436115932440933,0.08937863254919648,0.9440173804387451,0.5789376676142617,0.8911,0.8958750000000001,0.914475,0.8237749999999999,-83.66922834321375,0.5568711943179369,0.46341763099033173,0.3452480010707412,0.44033058751675874,0.38051661761463024,0.5024099835257048,0.2551741185691472,0.18583333333333332,0.3215099715099715,0.05560766805698993,0.03576506174198585,0.020646460502086066,0.1058730614441447,0.05410795140815026,0.020504509306568556,0.00943075166132972,0.05078290569968522,0.019,4943.3,/home/joaoabitante/speculative-decoding-unlearning/saves/unlearn/sud/results/original-unlearned/target-Llama-3.2-1B-Instruct/draft-Llama-3.2-1B-Instruct_IdkNLL/forget05/a0.995_k1_s0
original-unlearned,Llama-3.2-1B-Instruct,Llama-3.2-1B-Instruct_IdkNLL,forget10,0.1,1,0,True,0.013775075223849667,0.013755910740457665,0.10053698065419857,0.00484607310461169,0.6732095920215097,0.5590230210483957,2.8138576976529647e-20,0.9701244568824768,0.6813419358638947,0.10593911202158779,0.8460180362174288,0.4860248294042952,0.9961625000000001,0.996375,0.99781875,0.9973,-99.41284847856284,0.8669552826136351,0.5118360566346289,0.40874927827837526,0.518296324335623,0.4300605274261917,0.6098973124872779,0.5520813123302226,0.6531666666666667,0.7638176638176639,0.5735011336267408,0.017191856841382105,0.0058090456997944755,0.0933025096624624,0.04155258315517762,0.007009313805254654,0.0021599541466653304,0.04514703722900595,1021.645,32402.5,/home/joaoabitante/speculative-decoding-unlearning/saves/unlearn/sud/results/original-unlearned/target-Llama-3.2-1B-Instruct/draft-Llama-3.2-1B-Instruct_IdkNLL/forget10/a0.1_k1_s0
original-unlearned,Llama-3.2-1B-Instruct,Llama-3.2-1B-Instruct_IdkNLL,forget10,0.2,1,0,True,0.015924399377758785,0.015897637962346837,0.1136085917041227,0.005614890007552501,0.6710865266333204,0.5533272232241832,1.11924339764853e-19,0.9656889130175114,0.6582198956283816,0.11092163429362699,0.8525201867090072,0.4967985234594508,0.9958187500000001,0.9959687500000001,0.9973562499999999,0.9967874999999999,-99.34704701676873,0.8595502097904683,0.5061794545855891,0.4040224133947229,0.5103930519224282,0.42472505597056137,0.6000214625372035,0.5532834592542012,0.612,0.8133903133903134,0.5451585837307882,0.018363678624737076,0.006319841603522376,0.09772350704763084,0.044211426050710434,0.0076988882930087744,0.0024174676608333875,0.048857714348720035,1012.485,32402.5,/home/joaoabitante/speculative-decoding-unlearning/saves/unlearn/sud/results/original-unlearned/target-Llama-3.2-1B-Instruct/draft-Llama-3.2-1B-Instruct_IdkNLL/forget10/a0.2_k1_s0
original-unlearned,Llama-3.2-1B-Instruct,Llama-3.2-1B-Instruct_IdkNLL,forget10,0.3,1,0,True,0.018755439653869905,0.01871706643753864,0.1350087620791308,0.006619809338442767,0.6734388127109265,0.5516181136648428,1.6558004532094654e-18,0.9583740930259228,0.6004399818149748,0.11522539006313309,0.8643166173202917,0.5072995767145667,0.995425,0.99564375,0.99655625,0.99609375,-99.29440584733342,0.8478402022272349,0.5005728007212055,0.39948828055414987,0.5024199325142088,0.4193466282615244,0.591455346845462,0.5380246735388853,0.6933333333333335,0.7883190883190884,0.524809421612962,0.01953646041743923,0.0069064966638851,0.10167051522061228,0.0467008357905056,0.008434804947319206,0.002716640530525741,0.0524051407033694,1014.409,32402.5,/home/joaoabitante/speculative-decoding-unlearning/saves/unlearn/sud/results/original-unlearned/target-Llama-3.2-1B-Instruct/draft-Llama-3.2-1B-Instruct_IdkNLL/forget10/a0.3_k1_s0
original-unlearned,Llama-3.2-1B-Instruct,Llama-3.2-1B-Instruct_IdkNLL,forget10,0.4,1,0,True,0.022523671822216075,0.022464958664525508,0.16638661703486538,0.007957456421006445,0.6601500401280936,0.5367935922596456,1.1781277220965948e-17,0.9468611787259579,0.5357148448712911,0.11861391466809437,0.857117741543334,0.5172405996384144,0.9949625000000001,0.9951375000000001,0.9955312500000001,0.9949625,-99.21240710263613,0.8312996298074722,0.4951132547957508,0.3952204607963318,0.49495998593020174,0.41398988706036793,0.5835516371803914,0.516230904425927,0.6136666666666666,0.770940170940171,0.4908847843545967,0.020696522711077706,0.0075833627770456056,0.10502203827025369,0.04895312472981402,0.009202900452640583,0.0030644813622787265,0.055656391016411365,1002.671,32402.5,/home/joaoabitante/speculative-decoding-unlearning/saves/unlearn/sud/results/original-unlearned/target-Llama-3.2-1B-Instruct/draft-Llama-3.2-1B-Instruct_IdkNLL/forget10/a0.4_k1_s0
original-unlearned,Llama-3.2-1B-Instruct,Llama-3.2-1B-Instruct_IdkNLL,forget10,0.5,1,0,True,0.026665136054827343,0.026578075695489735,0.21090482527322668,0.009414472114037484,0.647023991849491,0.5224471952987746,7.975373070421785e-17,0.9290515576303006,0.45529132984635096,0.12076451370958238,0.8496130169433309,0.5268805975692595,0.9944562499999999,0.99466875,0.9942124999999999,0.99361875,-99.13648233902751,0.809332947358489,0.48966666254363855,0.39115326239992343,0.4899829877862309,0.408831753036898,0.5742436089054165,0.47882037173378705,0.5786666666666667,0.7421652421652422,0.446946949954913,0.021825625867350026,0.008365956605297096,0.10764340142370202,0.05089274389788943,0.009983096785551121,0.0034675394078395433,0.058433738945605,1285.095,32402.5,/home/joaoabitante/speculative-decoding-unlearning/saves/unlearn/sud/results/original-unlearned/target-Llama-3.2-1B-Instruct/draft-Llama-3.2-1B-Instruct_IdkNLL/forget10/a0.5_k1_s0
original-unlearned,Llama-3.2-1B-Instruct,Llama-3.2-1B-Instruct_IdkNLL,forget10,0.6,1,0,True,0.03370759150162403,0.033556476971199484,0.25743306568256646,0.011966458956536223,0.6454496256893952,0.5127932681736163,3.1508505165833036e-15,0.9086393968760967,0.3711534310476644,0.12120855361688881,0.8706921472738032,0.5364107386737008,0.993075,0.9937125,0.99255,0.9910812499999999,-98.98159582126597,0.781303779259324,0.4842599934453471,0.3871046115171078,0.48765571484377396,0.40393037119839886,0.5626267178987729,0.46350869095687064,0.542,0.7595441595441594,0.3976229937651364,0.0228808478222345,0.009267735049818909,0.10938006755081005,0.052433302323429416,0.010749372375339586,0.00393130271566163,0.06046354062986211,990.264,32402.5,/home/joaoabitante/speculative-decoding-unlearning/saves/unlearn/sud/results/original-unlearned/target-Llama-3.2-1B-Instruct/draft-Llama-3.2-1B-Instruct_IdkNLL/forget10/a0.6_k1_s0
original-unlearned,Llama-3.2-1B-Instruct,Llama-3.2-1B-Instruct_IdkNLL,forget10,0.7,1,0,True,0.04872463089739147,0.04839241078153168,0.3163762661597012,0.017597462751933076,0.6315782991393059,0.4984984316472484,1.8397341057158477e-14,0.8788122110068798,0.297910049198812,0.11923236670903861,0.861589482491836,0.5459037285621335,0.99023125,0.991325,0.9896,0.9840000000000001,-98.59488569195281,0.7466241098940373,0.47873795152324733,0.3829697620942135,0.4852245655548311,0.3987638036678896,0.5477417192357626,0.4510241536992558,0.5103333333333333,0.6925925925925925,0.31130684908405276,0.023753838211123365,0.010289647069633706,0.11005380787188188,0.05347761836348172,0.011450025564117821,0.004457281128178761,0.06130250734993023,1224.568,32402.5,/home/joaoabitante/speculative-decoding-unlearning/saves/unlearn/sud/results/original-unlearned/target-Llama-3.2-1B-Instruct/draft-Llama-3.2-1B-Instruct_IdkNLL/forget10/a0.7_k1_s0
original-unlearned,Llama-3.2-1B-Instruct,Llama-3.2-1B-Instruct_IdkNLL,forget10,0.8,1,0,True,0.08122513433626753,0.08023036598179403,0.37628524964991344,0.030589472015978683,0.6305822303025573,0.4892890428110206,9.344235949852775e-13,0.8436207547783852,0.2350168733856014,0.1140766816213727,0.8866110649367329,0.555698001635231,0.9837750000000001,0.9855750000000001,0.98220625,0.96685,-97.66354192502061,0.7047329003363848,0.472855090151864,0.37882365674505686,0.48365996592044375,0.39307769634813766,0.5309974901607133,0.4203230665768061,0.5645,0.6349002849002849,0.1867839348166713,0.02419380648236256,0.01138687458645023,0.10946276006521657,0.053914625102436727,0.01195510409605049,0.005025018409082934,0.060428346364438765,1103.904,32402.5,/home/joaoabitante/speculative-decoding-unlearning/saves/unlearn/sud/results/original-unlearned/target-Llama-3.2-1B-Instruct/draft-Llama-3.2-1B-Instruct_IdkNLL/forget10/a0.8_k1_s0
original-unlearned,Llama-3.2-1B-Instruct,Llama-3.2-1B-Instruct_IdkNLL,forget10,0.9,1,0,True,0.13846596441312425,0.13489259250186936,0.4352264102267657,0.056476744215296346,0.6017150183227002,0.4472554464302653,2.734462451060329e-12,0.8031924892961979,0.18321974776330432,0.10563548174453899,0.919139723428525,0.5659053381795118,0.970575,0.973075,0.9683812500000001,0.9345187500000002,-95.63888156212445,0.6550263703614473,0.46647653906873343,0.37463380430773513,0.4828825159928209,0.3868904742304897,0.518117323260548,0.37055019951001655,0.332,0.6726495726495727,0.10575456750885888,0.023740499730047306,0.012388187246131596,0.10735733164241537,0.053611120104885224,0.012017256399691785,0.005559309918468335,0.05767832722104504,1004.624,32402.5,/home/joaoabitante/speculative-decoding-unlearning/saves/unlearn/sud/results/original-unlearned/target-Llama-3.2-1B-Instruct/draft-Llama-3.2-1B-Instruct_IdkNLL/forget10/a0.9_k1_s0
original-unlearned,Llama-3.2-1B-Instruct,Llama-3.2-1B-Instruct_IdkNLL,forget10,0.95,1,0,True,0.17706491689574747,0.16984783825399943,0.4647918962346081,0.07696371333773352,0.5560801442080183,0.39710404205733296,1.3150137716657251e-11,0.7802538795769215,0.16207659786171508,0.10036974679445848,0.9273236607993022,0.5713300778504509,0.9597937500000001,0.9625124999999999,0.9577375,0.91258125,-93.9280435554772,0.6271259677410126,0.46306665394328234,0.37242958320005826,0.4822614893480026,0.38356780657674167,0.5128548898904571,0.33879612641393025,0.2008333333333333,0.6011396011396012,0.0726202010654518,0.02303195346306893,0.012739083886824827,0.10563543991418556,0.053129738916449246,0.011795801277670154,0.005764915014697861,0.05567543639615177,913.823,32402.5,/home/joaoabitante/speculative-decoding-unlearning/saves/unlearn/sud/results/original-unlearned/target-Llama-3.2-1B-Instruct/draft-Llama-3.2-1B-Instruct_IdkNLL/forget10/a0.95_k1_s0
original-unlearned,Llama-3.2-1B-Instruct,Llama-3.2-1B-Instruct_IdkNLL,forget10,0.98,1,0,True,0.20346180401955818,0.1937327919154815,0.48111194954038394,0.0922374519052965,0.5480410459669012,0.3898415275871961,6.027592497096867e-11,0.7668871258199215,0.14995752966552875,0.0969413686171174,0.922324751331471,0.5745322653655239,0.95194375,0.9544812500000002,0.9496749999999999,0.8964562499999998,-92.62719927231649,0.6094062175229191,0.46098253842829523,0.37105644650532066,0.4819188529413143,0.3814841641105762,0.5095818558680462,0.32529591881040465,0.2075,0.49287749287749294,0.05686258991433075,0.022445271214237436,0.012864317294234076,0.10436070687137544,0.05272115392543492,0.011573342362583693,0.005851963970933755,0.05430073994697886,701.714,32402.5,/home/joaoabitante/speculative-decoding-unlearning/saves/unlearn/sud/results/original-unlearned/target-Llama-3.2-1B-Instruct/draft-Llama-3.2-1B-Instruct_IdkNLL/forget10/a0.98_k1_s0
original-unlearned,Llama-3.2-1B-Instruct,Llama-3.2-1B-Instruct_IdkNLL,forget10,0.99,1,0,True,0.2132444507966111,0.20241679166148194,0.4853039481957159,0.09818645046607309,0.5485185457961018,0.38825364677409274,6.027592497096867e-11,0.7635182268917561,0.14564235661289207,0.09575934970285743,0.9341001598909497,0.5756285987741383,0.9488875,0.95136875,0.9463750000000002,0.89058125,-92.12305884195531,0.6033382031694055,0.46027890398084237,0.37059019679996574,0.48187115459882696,0.38077418220875026,0.5084865017943584,0.3209946178244379,0.21583333333333332,0.4472934472934473,0.05741250706368182,0.022224871904909377,0.012888604977111117,0.10389324980555102,0.05256375354683951,0.01148488864982937,0.005873377170142416,0.05381599618954351,702.611,32402.5,/home/joaoabitante/speculative-decoding-unlearning/saves/unlearn/sud/results/original-unlearned/target-Llama-3.2-1B-Instruct/draft-Llama-3.2-1B-Instruct_IdkNLL/forget10/a0.99_k1_s0
original-unlearned,Llama-3.2-1B-Instruct,Llama-3.2-1B-Instruct_IdkNLL,forget10,0.995,1,0,True,0.21715689500040233,0.20485841803331722,0.4861786676210172,0.1013401479102369,0.5290216224625386,0.36769493422621546,9.906736183347326e-11,0.7629048098623753,0.14455902327955872,0.09516150845913217,0.9425799484923482,0.5761844137292293,0.9471,0.949925,0.9445375,0.8874812499999998,-91.88921057004083,0.6002742782235145,0.4599276668693363,0.37035545362265165,0.4818426649115177,0.38041629482169187,0.5079473778556326,0.3135608616737015,0.1795,0.3994301994301994,0.048071164163953004,0.022110340339131652,0.01289721042607369,0.10365134222665802,0.05248096727738176,0.011438110109835784,0.005882526153006433,0.05356885682034772,695.839,32402.5,/home/joaoabitante/speculative-decoding-unlearning/saves/unlearn/sud/results/original-unlearned/target-Llama-3.2-1B-Instruct/draft-Llama-3.2-1B-Instruct_IdkNLL/forget10/a0.995_k1_s0
original-unlearned,Llama-3.2-1B-Instruct,Llama-3.2-1B-Instruct_NPO,forget01,0.1,1,0,True,0.0,0.0,0.13423320083984747,0.0,0.6919340294457258,0.5619803185053176,0.006760732303569208,0.9594147205352783,0.49347646160129904,0.10605718507431447,0.9000679574906826,0.48390299161314765,0.998125,0.999375,0.9968750000000001,1.0,-99.88193622670471,0.8644600611925125,0.5125029618032931,0.4139255772500581,0.5262521279690897,0.43729317001843004,0.6186582440972821,0.5486966824345597,0.6161666666666666,0.805128205128205,0.5095206938981794,0.017688291739468696,0.006027158827475935,0.09375692020053976,0.0416221052644614,0.007052035284826464,0.0021877687449258936,0.04646931309718638,0.017,4943.3,/home/joaoabitante/speculative-decoding-unlearning/saves/unlearn/sud/results/original-unlearned/target-Llama-3.2-1B-Instruct/draft-Llama-3.2-1B-Instruct_NPO/forget01/a0.1_k1_s0
original-unlearned,Llama-3.2-1B-Instruct,Llama-3.2-1B-Instruct_NPO,forget01,0.2,1,0,True,0.0,0.0,0.20294947048256337,0.0,0.6769781489175991,0.558837447277216,0.006760732303569208,0.9333449319005013,0.36035894696724025,0.11322423741221428,0.8584604818373919,0.49611254436877295,0.995625,0.99625,0.9875,1.0,-99.29161745467925,0.8557322683185339,0.507286106223338,0.4142658529281965,0.5253392797410816,0.43936043294749605,0.6179927823931641,0.5329426628284091,0.6236666666666667,0.7851851851851851,0.4905669862233137,0.019472849918238354,0.006790299853728979,0.09890092373592779,0.0444879283817137,0.007786707856375871,0.0024758853107684675,0.051959487023996186,0.017,4943.3,/home/joaoabitante/speculative-decoding-unlearning/saves/unlearn/sud/results/original-unlearned/target-Llama-3.2-1B-Instruct/draft-Llama-3.2-1B-Instruct_NPO/forget01/a0.2_k1_s0
original-unlearned,Llama-3.2-1B-Instruct,Llama-3.2-1B-Instruct_NPO,forget01,0.3,1,0,True,0.024480795636103968,0.024417366682344427,0.2828574450336696,0.008507777230942768,0.6801920284999561,0.5591252257137964,0.006760732303569208,0.8969596967101097,0.2490907635317164,0.11873791934922337,0.8681776255369187,0.5076132938007522,0.984375,0.98875,0.97,0.99875,-97.87485240181822,0.8437594316154718,0.5019840082930709,0.41455291696467644,0.5244477777133804,0.4415313080606017,0.6166836918807765,0.5252830356690388,0.657,0.7763532763532763,0.48134964159540194,0.021389914724059055,0.007667474128375986,0.10388458108529448,0.04734967068783831,0.008579471187552675,0.002808622159674306,0.057176687242463234,0.01,4943.3,/home/joaoabitante/speculative-decoding-unlearning/saves/unlearn/sud/results/original-unlearned/target-Llama-3.2-1B-Instruct/draft-Llama-3.2-1B-Instruct_NPO/forget01/a0.3_k1_s0
original-unlearned,Llama-3.2-1B-Instruct,Llama-3.2-1B-Instruct_NPO,forget01,0.4,1,0,True,0.1222323739179257,0.12074430052243701,0.34158711326764635,0.04977779936164733,0.6550383925103868,0.5467153721282986,0.006760732303569208,0.8645053490996361,0.21121317866545328,0.12243098840117454,0.8168928063940257,0.5201838362821526,0.96875,0.974375,0.9475,0.9862500000000001,-95.15938605050117,0.8279317211359739,0.4966627126560618,0.41479022150492023,0.5244923449664073,0.4438075176992227,0.6159621336350031,0.48304412701639904,0.593,0.7752136752136752,0.4152885703802774,0.023440125387787704,0.008678000556910658,0.10862274970393627,0.050162857926488495,0.009431237073173785,0.003193760274499632,0.062034471025690444,0.01,4943.3,/home/joaoabitante/speculative-decoding-unlearning/saves/unlearn/sud/results/original-unlearned/target-Llama-3.2-1B-Instruct/draft-Llama-3.2-1B-Instruct_NPO/forget01/a0.4_k1_s0
original-unlearned,Llama-3.2-1B-Instruct,Llama-3.2-1B-Instruct_NPO,forget01,0.5,1,0,True,0.22648742005356157,0.22095981817747948,0.4111173910665442,0.10729324280696055,0.6697376003953681,0.5481006276882096,0.006760732303569208,0.8197114914655685,0.14737959627732447,0.123623086232692,0.8607617434114218,0.5350456348515278,0.945,0.9506249999999999,0.9018750000000001,0.961875,-90.67296338310781,0.80757100276649,0.4912019609515382,0.41498167611720677,0.5243461649973946,0.4461860056563747,0.6157602065287338,0.47959129920133187,0.6486666666666666,0.7477207977207976,0.39462614199044194,0.025623066833795748,0.009844456587976723,0.11300783926621079,0.05287045006502138,0.010342596304629602,0.003640396447274877,0.06617521674372255,719.975,24891.3,/home/joaoabitante/speculative-decoding-unlearning/saves/unlearn/sud/results/original-unlearned/target-Llama-3.2-1B-Instruct/draft-Llama-3.2-1B-Instruct_NPO/forget01/a0.5_k1_s0
original-unlearned,Llama-3.2-1B-Instruct,Llama-3.2-1B-Instruct_NPO,forget01,0.6,1,0,True,0.3488145432226645,0.33539089307840275,0.46173231386651065,0.2016528581559966,0.6776056745392119,0.549446793416366,0.02860307028023343,0.7816516697406769,0.12420339747612566,0.11902419738471508,0.8837383039295673,0.5536278838747449,0.9143749999999999,0.9143750000000002,0.84125,0.8981250000000001,-83.82526562761274,0.7819347387552261,0.485567786205836,0.41512940153389527,0.5240214222511046,0.4486554370307743,0.6163245933743096,0.4682978077362175,0.715,0.7467236467236468,0.35418631168694,0.027936857542954385,0.011192987494622584,0.11690140446648002,0.05540016754376796,0.01131378107150643,0.004159023332558688,0.06776603672420606,0.018,4943.3,/home/joaoabitante/speculative-decoding-unlearning/saves/unlearn/sud/results/original-unlearned/target-Llama-3.2-1B-Instruct/draft-Llama-3.2-1B-Instruct_NPO/forget01/a0.6_k1_s0
original-unlearned,Llama-3.2-1B-Instruct,Llama-3.2-1B-Instruct_NPO,forget01,0.7,1,0,True,0.47881306150919023,0.45328679750515133,0.4966370011256499,0.36471985893245296,0.6621991425920434,0.5367822086396066,0.02860307028023343,0.7534340545535088,0.12275137727410546,0.10925285816192627,0.8640902385115623,0.5760761973719621,0.85,0.839375,0.7562500000000001,0.7925000000000001,-69.6576150990021,0.7502451352030038,0.479907721197211,0.4152332257145557,0.5237168118637109,0.45119234780840667,0.6179180267872221,0.427908906047029,0.6178333333333333,0.8051282051282052,0.32757503528716014,0.0303760149833397,0.012753259778080072,0.12012860520510003,0.05766151376003222,0.012344398500948348,0.004761435555499477,0.0662557502859272,736.619,24891.3,/home/joaoabitante/speculative-decoding-unlearning/saves/unlearn/sud/results/original-unlearned/target-Llama-3.2-1B-Instruct/draft-Llama-3.2-1B-Instruct_NPO/forget01/a0.7_k1_s0
original-unlearned,Llama-3.2-1B-Instruct,Llama-3.2-1B-Instruct_NPO,forget01,0.8,1,0,True,0.628057943297173,0.5788726256565395,0.5438235725143767,0.6899435092996793,0.6718607499952047,0.5279101987084522,0.09707484379785862,0.712833596765995,0.09656523160675179,0.0978013047017157,0.9237484835088253,0.6032327082371784,0.6993750000000001,0.6843750000000001,0.570625,0.635,-40.37780400654022,0.7117924983799457,0.47414329449604764,0.41528840226606084,0.5237632692402915,0.45375556295026254,0.6186829246373009,0.3989516560150789,0.647,0.7435897435897436,0.31470475287597555,0.03292919042622088,0.01455759797853032,0.12247582961572334,0.059542835084538864,0.013432822836645453,0.005460378080632472,0.06312658102251589,740.35,24891.3,/home/joaoabitante/speculative-decoding-unlearning/saves/unlearn/sud/results/original-unlearned/target-Llama-3.2-1B-Instruct/draft-Llama-3.2-1B-Instruct_NPO/forget01/a0.8_k1_s0
original-unlearned,Llama-3.2-1B-Instruct,Llama-3.2-1B-Instruct_NPO,forget01,0.9,1,0,True,0.6895462843150849,0.6288317379954156,0.5805911415342615,0.9046344289000696,0.6566481626464417,0.5146812305489483,0.5786001416508443,0.6792428627610206,0.08711943434609888,0.08575770910829306,0.9067655461374671,0.6318433316134705,0.505625,0.475,0.40625,0.486875,-0.8264462808356213,0.6660613264143467,0.46818777045344717,0.4152961463322903,0.5241281890871956,0.4562826110572976,0.6193056396232138,0.3730984180539384,0.5986666666666666,0.7264957264957265,0.3044419408769547,0.03557985565479612,0.016639182433392175,0.12369696362642571,0.06091175689700298,0.014575168889738659,0.0062688462043083044,0.05884953708155081,736.04,24891.3,/home/joaoabitante/speculative-decoding-unlearning/saves/unlearn/sud/results/original-unlearned/target-Llama-3.2-1B-Instruct/draft-Llama-3.2-1B-Instruct_NPO/forget01/a0.9_k1_s0
original-unlearned,Llama-3.2-1B-Instruct,Llama-3.2-1B-Instruct_NPO,forget01,0.95,1,0,True,0.662993475308776,0.6089143619208794,0.6055542573841022,0.7569181111579902,0.644161865817528,0.5116988114210359,0.5786001416508443,0.65322575122118,0.08105106072560017,0.0795799946412444,0.8691608188208193,0.6463547485597928,0.406875,0.35812499999999997,0.35375,0.40437499999999993,21.25147579291588,0.6403796863555908,0.4651395754295891,0.4152905372874549,0.5242343710765313,0.45750781120245043,0.6193797727160255,0.3609731158392938,0.5794999999999999,0.7903133903133903,0.28122461622699885,0.03693532372402842,0.017793751467706898,0.12380456731421872,0.061358833515866296,0.015164007800910137,0.006717965094059151,0.056330511847045274,732.801,24891.3,/home/joaoabitante/speculative-decoding-unlearning/saves/unlearn/sud/results/original-unlearned/target-Llama-3.2-1B-Instruct/draft-Llama-3.2-1B-Instruct_NPO/forget01/a0.95_k1_s0
original-unlearned,Llama-3.2-1B-Instruct,Llama-3.2-1B-Instruct_NPO,forget01,0.98,1,0,True,0.6356539991417536,0.5861088570655323,0.6151674215181103,0.6527270883024936,0.6402290063036352,0.5099710800654279,0.5786001416508443,0.6433755546808243,0.08105106072560017,0.0758237305097282,0.859855063073337,0.6544587179690821,0.340625,0.28875,0.325625,0.35812499999999997,34.35655253188067,0.6240679173916578,0.4632552870596466,0.41528856034324074,0.524276033067668,0.45822395704975977,0.6194346912856693,0.35526300005055617,0.6061666666666666,0.7631054131054131,0.2929544003258343,0.03775642192194937,0.01852489194141946,0.12369006695924327,0.06154057776260902,0.015521964423339037,0.007002572701263363,0.05469546908978373,0.017,4943.3,/home/joaoabitante/speculative-decoding-unlearning/saves/unlearn/sud/results/original-unlearned/target-Llama-3.2-1B-Instruct/draft-Llama-3.2-1B-Instruct_NPO/forget01/a0.98_k1_s0
original-unlearned,Llama-3.2-1B-Instruct,Llama-3.2-1B-Instruct_NPO,forget01,0.99,1,0,True,0.6212598302143123,0.5747994629791734,0.6204971757425798,0.6162782993867225,0.6270996018506054,0.5037892158182309,0.5786001416508443,0.6378889873623848,0.07624336841790785,0.07456396520137787,0.8303379634395242,0.6571374954552922,0.31375000000000003,0.268125,0.315625,0.34312499999999996,38.25265642724861,0.6184817353636026,0.462616888644058,0.41528863283847756,0.5242866043237872,0.4584589447665395,0.6194400061951062,0.3478605349539976,0.5645,0.7524216524216524,0.2894628599397634,0.03803121736098546,0.018775150202479857,0.1236206062301062,0.06158588573762609,0.015641940639216045,0.0071000192280257,0.054129681398626416,0.017,4943.3,/home/joaoabitante/speculative-decoding-unlearning/saves/unlearn/sud/results/original-unlearned/target-Llama-3.2-1B-Instruct/draft-Llama-3.2-1B-Instruct_NPO/forget01/a0.99_k1_s0
original-unlearned,Llama-3.2-1B-Instruct,Llama-3.2-1B-Instruct_NPO,forget01,0.995,1,0,True,0.6172510409789854,0.5741921677673237,0.6231169266713552,0.5989465564721326,0.6305862704962504,0.5127420547619819,0.5786001416508443,0.6358590722084045,0.0692989239734634,0.07393270158208906,0.818763913307339,0.6583896323610295,0.305,0.255625,0.31124999999999997,0.33562499999999995,40.61393151535037,0.6156610489636659,0.4622956885571283,0.415288872204943,0.5242947659733822,0.4585756835711492,0.6194373657866105,0.3550870561968992,0.632,0.795868945868946,0.2949996835664527,0.038168803449661934,0.0189015230190486,0.12357988767558709,0.061605603136790255,0.015702038381532477,0.007149231374868146,0.05384290744550526,0.01,4943.3,/home/joaoabitante/speculative-decoding-unlearning/saves/unlearn/sud/results/original-unlearned/target-Llama-3.2-1B-Instruct/draft-Llama-3.2-1B-Instruct_NPO/forget01/a0.995_k1_s0
original-unlearned,Llama-3.2-1B-Instruct,Llama-3.2-1B-Instruct_NPO,forget05,0.1,1,0,True,0.0038144126537190894,0.003812961389437578,0.1273821883443817,0.0012867163584564785,0.6810918810637212,0.5657453858307863,1.3850840057169374e-11,0.9608355718851089,0.631733280298777,0.1058331671031192,0.8555185127723962,0.4915436101635104,0.99925,0.999525,0.998625,0.998675,-99.92550186638557,0.8607542292028666,0.5065737566346306,0.4085291339356867,0.5191614262102102,0.43285542838118196,0.6131256804071827,0.5714615277260474,0.6745,0.8165242165242165,0.547056103128283,0.018112827800796368,0.00626657206981699,0.09537082612863741,0.04302202542876139,0.007390264028678453,0.002331408924212643,0.04510266543342732,0.019,4943.3,/home/joaoabitante/speculative-decoding-unlearning/saves/unlearn/sud/results/original-unlearned/target-Llama-3.2-1B-Instruct/draft-Llama-3.2-1B-Instruct_NPO/forget05/a0.1_k1_s0
original-unlearned,Llama-3.2-1B-Instruct,Llama-3.2-1B-Instruct_NPO,forget05,0.2,1,0,True,0.01385663553061322,0.013835269062608372,0.19391302910062105,0.004765015276207956,0.6743520925338274,0.5502788531921446,2.8873674273022313e-11,0.9360837808251381,0.4740294409843704,0.11130092506296933,0.8706635578419082,0.5112903855876274,0.997625,0.998175,0.9953500000000001,0.993475,-99.71377037331968,0.8461581867188215,0.4955616618658671,0.4035150009801323,0.5102635227631108,0.43022997161815135,0.6059069025327987,0.535038441539325,0.6361666666666665,0.7680911680911681,0.5199289295404621,0.020311222943564643,0.0073771041868396356,0.10206166494986973,0.04737427629675345,0.008524609804438418,0.0028188675104073913,0.05084693913883529,0.019,4943.3,/home/joaoabitante/speculative-decoding-unlearning/saves/unlearn/sud/results/original-unlearned/target-Llama-3.2-1B-Instruct/draft-Llama-3.2-1B-Instruct_NPO/forget05/a0.2_k1_s0
original-unlearned,Llama-3.2-1B-Instruct,Llama-3.2-1B-Instruct_NPO,forget05,0.3,1,0,True,0.04288801203749407,0.04267918827571764,0.27940449807444145,0.01541522692056095,0.6668208848164211,0.5429154172996369,4.869254633582969e-10,0.8980619561672211,0.33269159562593553,0.11422122284770012,0.8640065447892994,0.5322619860398351,0.9920749999999999,0.993325,0.986675,0.9839249999999999,-98.9531053797125,0.8259136929363012,0.48472913239188664,0.39851555425195784,0.5028612582540818,0.42747818473073695,0.5983247721317954,0.5004706198689641,0.6745,0.760968660968661,0.45744528688527225,0.022631481894204625,0.008751673855878531,0.1084426345094107,0.05175583201712186,0.009783062690621592,0.003427926293272186,0.05618338105361909,0.019,4943.3,/home/joaoabitante/speculative-decoding-unlearning/saves/unlearn/sud/results/original-unlearned/target-Llama-3.2-1B-Instruct/draft-Llama-3.2-1B-Instruct_NPO/forget05/a0.3_k1_s0
original-unlearned,Llama-3.2-1B-Instruct,Llama-3.2-1B-Instruct_NPO,forget05,0.4,1,0,True,0.11270204908735137,0.11123277610241658,0.3561557397311457,0.04486108434391448,0.6578670418981156,0.5342815555874089,3.602472544567432e-09,0.8567997694015503,0.24251699187351256,0.11353241980075836,0.8558305102214218,0.5556857232117456,0.97665,0.9785,0.965825,0.957875,-96.62797990956274,0.7989880186319351,0.4739083036312579,0.3935345506813123,0.4956592037068495,0.4246439949920066,0.5915815901470515,0.47611909164402944,0.6683333333333333,0.7794871794871795,0.3998192199021043,0.02508954215445556,0.010466723236706658,0.11433777748607099,0.05605677685088086,0.011172339689558915,0.004196948848194744,0.06048985545663164,0.019,4943.3,/home/joaoabitante/speculative-decoding-unlearning/saves/unlearn/sud/results/original-unlearned/target-Llama-3.2-1B-Instruct/draft-Llama-3.2-1B-Instruct_NPO/forget05/a0.4_k1_s0
original-unlearned,Llama-3.2-1B-Instruct,Llama-3.2-1B-Instruct_NPO,forget05,0.5,1,0,True,0.24457314148241638,0.23755248528572007,0.42343903105501635,0.11974843483829484,0.643577542734928,0.5218299226723698,1.3921047931216453e-06,0.813898266851902,0.1861087681555319,0.10906793239526451,0.8394223317760043,0.5807302835815039,0.9363999999999999,0.9359999999999999,0.9219250000000001,0.893875,-89.96235883156173,0.7641897830367088,0.4631133123032758,0.3885648606746694,0.4885443063626838,0.42176721417383023,0.583646089391201,0.45587717592572574,0.62,0.7887464387464387,0.36386646272175127,0.027709624927083495,0.012624453661990038,0.11950209323549643,0.060131554626366324,0.012700548706161498,0.005179658833852891,0.06307506279088557,990.671,27406.4,/home/joaoabitante/speculative-decoding-unlearning/saves/unlearn/sud/results/original-unlearned/target-Llama-3.2-1B-Instruct/draft-Llama-3.2-1B-Instruct_NPO/forget05/a0.5_k1_s0
original-unlearned,Llama-3.2-1B-Instruct,Llama-3.2-1B-Instruct_NPO,forget05,0.6,1,0,True,0.42060038963717294,0.400066044594486,0.4942461539181153,0.2834465075079517,0.6323610209992929,0.5134851466223068,0.000648608042418048,0.7610189765691757,0.13539616980931377,0.10014050561934709,0.8228595079341904,0.6094525097687062,0.8451000000000001,0.8412999999999999,0.8264000000000001,0.759525,-75.10978668834538,0.7203610251843929,0.45226819501518817,0.38360495109741083,0.481452549262232,0.4188619223635789,0.5757734858361617,0.44115069923138506,0.6278333333333334,0.7934472934472935,0.3378498260495495,0.03051269484247314,0.015362583295000072,0.12361024578101933,0.0637890823501043,0.014377054514746605,0.006452070153100803,0.06302811473188921,0.019,4943.3,/home/joaoabitante/speculative-decoding-unlearning/saves/unlearn/sud/results/original-unlearned/target-Llama-3.2-1B-Instruct/draft-Llama-3.2-1B-Instruct_NPO/forget05/a0.6_k1_s0
original-unlearned,Llama-3.2-1B-Instruct,Llama-3.2-1B-Instruct_NPO,forget05,0.7,1,0,True,0.5820825892635442,0.5414250320431252,0.5577212998064621,0.5727093254278042,0.6192674774951951,0.4995412662776663,0.0297148244707607,0.705203228443861,0.103949788505163,0.08753828196786344,0.8144744547409937,0.6377842800745052,0.6655249999999999,0.6549999999999998,0.6676749999999999,0.56965,-45.890840645249206,0.666744786053896,0.4414023584647465,0.3786585819764672,0.47421583087812924,0.4159004111105386,0.5663991667477102,0.40192451817311264,0.627,0.8008547008547008,0.3050112927065274,0.033501772797317246,0.01886304119887458,0.1262648652307689,0.0667860945088987,0.01620811382153382,0.008121213863720242,0.060090246501378716,977.204,27406.4,/home/joaoabitante/speculative-decoding-unlearning/saves/unlearn/sud/results/original-unlearned/target-Llama-3.2-1B-Instruct/draft-Llama-3.2-1B-Instruct_NPO/forget05/a0.7_k1_s0
original-unlearned,Llama-3.2-1B-Instruct,Llama-3.2-1B-Instruct_NPO,forget05,0.8,1,0,True,0.6880042217908058,0.626125909557043,0.605163920036202,0.9243216947110271,0.6149611091025414,0.48613322099877815,0.1420746514551761,0.6570337073504925,0.08773845897511545,0.07277905441820622,0.8366878331615589,0.6581664553524976,0.4148,0.405225,0.453925,0.3771,-6.716593474479815,0.6031850823014975,0.43053387127937026,0.3737492665548778,0.4673127635332152,0.41281099481330724,0.556518938760616,0.3748147551603037,0.6323333333333333,0.8008547008547008,0.2732067909786643,0.03664178011706099,0.023349018931395012,0.12698598455404864,0.06881451424626539,0.01818303700090231,0.010333815228282453,0.054248496547341346,997.029,27406.4,/home/joaoabitante/speculative-decoding-unlearning/saves/unlearn/sud/results/original-unlearned/target-Llama-3.2-1B-Instruct/draft-Llama-3.2-1B-Instruct_NPO/forget05/a0.8_k1_s0
original-unlearned,Llama-3.2-1B-Instruct,Llama-3.2-1B-Instruct_NPO,forget05,0.9,1,0,True,0.6123993888639927,0.5575334712247811,0.6563146393175671,0.5766067850267725,0.6094512651666706,0.47105390667646635,0.32811544409418575,0.5952179415524006,0.07065857813619457,0.05845016897423193,0.8630054058786482,0.6729189480428471,0.19624999999999998,0.19437500000000002,0.258325,0.21047500000000002,26.352728979555735,0.5301802484691143,0.41976620526913,0.36898126348022303,0.46046505001798793,0.4094813660486884,0.5470689688879241,0.3567328233539498,0.6395000000000001,0.7582621082621083,0.2625112417503873,0.03983369456720538,0.02904236226295791,0.12517800240311772,0.06949100993800676,0.02024631792194365,0.013274774480317044,0.04710230627446435,1020.226,27406.4,/home/joaoabitante/speculative-decoding-unlearning/saves/unlearn/sud/results/original-unlearned/target-Llama-3.2-1B-Instruct/draft-Llama-3.2-1B-Instruct_NPO/forget05/a0.9_k1_s0
original-unlearned,Llama-3.2-1B-Instruct,Llama-3.2-1B-Instruct_NPO,forget05,0.95,1,0,True,0.5182432680943379,0.47867869730778057,0.6793152481208456,0.3809312504259384,0.5911664354623183,0.4608219015425552,0.17793352788293415,0.563854596465826,0.06371347654395103,0.05169379173777997,0.8243300982378423,0.6789289387143836,0.12120000000000002,0.122925,0.184425,0.147075,37.558814297748015,0.490528888143599,0.414350869387276,0.3666938448738987,0.4568666117775859,0.40768559494144146,0.5426985185255905,0.3497999849832648,0.6178333333333333,0.7196581196581197,0.2463265672603169,0.04139577100519091,0.03238184739432025,0.12311183069134131,0.06918577612220542,0.021276626958861015,0.015076470186224251,0.04325322746869643,1059.351,27406.4,/home/joaoabitante/speculative-decoding-unlearning/saves/unlearn/sud/results/original-unlearned/target-Llama-3.2-1B-Instruct/draft-Llama-3.2-1B-Instruct_NPO/forget05/a0.95_k1_s0
original-unlearned,Llama-3.2-1B-Instruct,Llama-3.2-1B-Instruct_NPO,forget05,0.98,1,0,True,0.45481993726551256,0.4215479511939991,0.6939533362729596,0.2895191731386662,0.5878911518676895,0.4501247488772904,0.11228360286766195,0.5424062426388264,0.06052213016886785,0.0478026871511247,0.8471819645166397,0.68300958213045,0.087275,0.091575,0.148625,0.11647500000000001,42.47569008116757,0.4658999065309763,0.4110398178830473,0.3653533250541558,0.4552745922477605,0.40655802677548586,0.5399846766456585,0.3417445790688393,0.5353333333333333,0.7267806267806267,0.24166354483987937,0.04230526367318817,0.034538780975211,0.12144975572358817,0.06876445071150374,0.02188421168005637,0.016271917482306258,0.04089432752295397,0.019,4943.3,/home/joaoabitante/speculative-decoding-unlearning/saves/unlearn/sud/results/original-unlearned/target-Llama-3.2-1B-Instruct/draft-Llama-3.2-1B-Instruct_NPO/forget05/a0.98_k1_s0
original-unlearned,Llama-3.2-1B-Instruct,Llama-3.2-1B-Instruct_NPO,forget05,0.99,1,0,True,0.4334971809235769,0.4037376353631555,0.6970155237294212,0.2634645171469536,0.5916479095533862,0.45448300167574357,0.06801920461119272,0.5380238743126392,0.06002213016886786,0.04653382963384502,0.8473954783054068,0.6842382056843005,0.078075,0.08242500000000003,0.13865,0.1076,43.91075908972543,0.45757005892693997,0.4099283998677955,0.3649108847082109,0.45486896949259076,0.40617339762104626,0.5389939108531102,0.3423361338533808,0.573,0.7965811965811965,0.25001220325041523,0.04260216916445643,0.03528157536776336,0.12082147347740829,0.06858176279659528,0.02208411755855195,0.016689455778614914,0.04010205580526963,0.019,4943.3,/home/joaoabitante/speculative-decoding-unlearning/saves/unlearn/sud/results/original-unlearned/target-Llama-3.2-1B-Instruct/draft-Llama-3.2-1B-Instruct_NPO/forget05/a0.99_k1_s0
original-unlearned,Llama-3.2-1B-Instruct,Llama-3.2-1B-Instruct_NPO,forget05,0.995,1,0,True,0.4205598806452319,0.39345992648387584,0.6982260075005469,0.2510333227384943,0.5822036207021809,0.45270812676162375,0.06801920461119272,0.5364946004748344,0.05937277951951721,0.04590476854296867,0.8154641364770941,0.6848854917483025,0.07365000000000001,0.07832500000000002,0.13345,0.10345,44.55379547607376,0.45338469225913286,0.40937176749449955,0.3646904358997616,0.45466285835727027,0.40597930802213816,0.5384828632282623,0.3366825517848187,0.6325,0.7047008547008546,0.23852790327454967,0.04274929348845035,0.03565719060323815,0.12049311765469611,0.06848228385159745,0.022183488387963735,0.01690174942533262,0.03970501297549345,0.019,4943.3,/home/joaoabitante/speculative-decoding-unlearning/saves/unlearn/sud/results/original-unlearned/target-Llama-3.2-1B-Instruct/draft-Llama-3.2-1B-Instruct_NPO/forget05/a0.995_k1_s0
original-unlearned,Llama-3.2-1B-Instruct,Llama-3.2-1B-Instruct_NPO,forget10,0.1,1,0,True,0.01662419460249987,0.016598140116203933,0.1328704867421519,0.0058319151162143585,0.6833006660084429,0.5724895910715949,5.627715395305929e-20,0.959042289853096,0.6054864554006106,0.10576510531594976,0.8473050081194379,0.49115088872730167,0.9956125,0.9958687500000001,0.99720625,0.9967062500000001,-99.33084973386556,0.866499912366271,0.5130169712325303,0.4129691962904973,0.5257711207644267,0.4336404896009814,0.6164013576967013,0.5674924197726466,0.7286666666666666,0.8122507122507122,0.5565374193158442,0.017923539325202,0.0060568339462171925,0.09347146151354536,0.04138743416500636,0.0071590991735592975,0.0021996308515332256,0.04594208944376442,1020.018,32402.5,/home/joaoabitante/speculative-decoding-unlearning/saves/unlearn/sud/results/original-unlearned/target-Llama-3.2-1B-Instruct/draft-Llama-3.2-1B-Instruct_NPO/forget10/a0.1_k1_s0
original-unlearned,Llama-3.2-1B-Instruct,Llama-3.2-1B-Instruct_NPO,forget10,0.2,1,0,True,0.025759074600607217,0.025692956762459408,0.19772066069439595,0.009096286708823585,0.6797165546781958,0.5646822128094813,6.159412995752159e-18,0.9344451527297497,0.4690595167410196,0.10938356486614793,0.8536098422436044,0.5076422038911528,0.9940749999999999,0.9944375,0.9954999999999999,0.993675,-99.09902612231394,0.8599268905818462,0.5088229097414125,0.4124537662385927,0.5247103909441262,0.43207650956395594,0.6126571397495194,0.5445996772636039,0.6825,0.811965811965812,0.5026830063826148,0.019987468074541537,0.006861575454513659,0.09819202566752211,0.043890262947568065,0.008017221419183138,0.002501564561114688,0.05015376854933857,1013.645,32402.5,/home/joaoabitante/speculative-decoding-unlearning/saves/unlearn/sud/results/original-unlearned/target-Llama-3.2-1B-Instruct/draft-Llama-3.2-1B-Instruct_NPO/forget10/a0.2_k1_s0
original-unlearned,Llama-3.2-1B-Instruct,Llama-3.2-1B-Instruct_NPO,forget10,0.3,1,0,True,0.04486930197230765,0.04467086093414141,0.2702742675220052,0.01621511958205741,0.6711072045933674,0.5595687842381529,2.776495661774257e-16,0.902659703195095,0.3334942574991653,0.11048966159112751,0.8381812324351631,0.5257713974622487,0.9905624999999999,0.991325,0.99155625,0.98581875,-98.59488569195281,0.8504584346711636,0.5050236507285234,0.41192188297412907,0.5238793455178454,0.4308232226088472,0.6082173474089828,0.5285065813022741,0.6858333333333334,0.7837606837606836,0.4620891312182945,0.022247723101027076,0.00779459844068485,0.1026067062607035,0.046251955833083225,0.008952435100885245,0.002850729406896962,0.053632716943728155,1017.109,32402.5,/home/joaoabitante/speculative-decoding-unlearning/saves/unlearn/sud/results/original-unlearned/target-Llama-3.2-1B-Instruct/draft-Llama-3.2-1B-Instruct_NPO/forget10/a0.3_k1_s0
original-unlearned,Llama-3.2-1B-Instruct,Llama-3.2-1B-Instruct_NPO,forget10,0.4,1,0,True,0.08899003842844148,0.08819660148786057,0.35340973456916086,0.034031418987327096,0.6678015494447995,0.5553307955579536,1.7928838057651826e-13,0.8587535329163074,0.22294047284099036,0.10760612740647048,0.8373994734964799,0.546149603167319,0.98185,0.9827937500000001,0.98143125,0.96504375,-97.21305499427622,0.8376832003891468,0.5015167596227423,0.4112708405099161,0.5232638931728044,0.4300233291685701,0.6027346321647927,0.5155293394939054,0.662,0.8055555555555556,0.41173445333445796,0.024723661592579448,0.008876785593169864,0.10662166689988226,0.048422035746667584,0.009969167500994443,0.003255601716485121,0.055526189010532113,1014.934,32402.5,/home/joaoabitante/speculative-decoding-unlearning/saves/unlearn/sud/results/original-unlearned/target-Llama-3.2-1B-Instruct/draft-Llama-3.2-1B-Instruct_NPO/forget10/a0.4_k1_s0
original-unlearned,Llama-3.2-1B-Instruct,Llama-3.2-1B-Instruct_NPO,forget10,0.5,1,0,True,0.1928711057379115,0.189079543683782,0.4268853795017618,0.08535674412701554,0.6682953807486282,0.55301990359528,9.906736183347326e-11,0.8109950092434883,0.17306454958565062,0.0990606457204558,0.8442840724182316,0.5681513684528454,0.9574562500000001,0.95814375,0.94926875,0.9067937499999998,-93.22042475864501,0.8210817491263152,0.4984408175153536,0.4103856020401869,0.5220956412156817,0.42965927931159487,0.5963321560083819,0.5003794939550587,0.7266666666666666,0.758119658119658,0.3609379192194635,0.027430413162801415,0.010131529499013152,0.11013004111940973,0.0503416395358629,0.011072761902863326,0.003726500113563205,0.05476584987489332,1273.367,32402.5,/home/joaoabitante/speculative-decoding-unlearning/saves/unlearn/sud/results/original-unlearned/target-Llama-3.2-1B-Instruct/draft-Llama-3.2-1B-Instruct_NPO/forget10/a0.5_k1_s0
original-unlearned,Llama-3.2-1B-Instruct,Llama-3.2-1B-Instruct_NPO,forget10,0.6,1,0,True,0.36535375189617253,0.35137371056694866,0.4954426038096746,0.21404054686317442,0.6575440542665836,0.5412693675374302,3.081974946564706e-07,0.7583483064174652,0.12705218015869377,0.08609957180917263,0.8374421385792084,0.5897454896777684,0.8960624999999999,0.8919249999999999,0.858975,0.7953500000000001,-82.49478648620277,0.8000588699430228,0.4957100358162056,0.4091528837523204,0.5198275929993195,0.42962080059390434,0.5905854142624234,0.48634796381201156,0.6025,0.7962962962962962,0.33652949404446225,0.030381141074758488,0.011584646905505043,0.11301265853107907,0.05194391136567493,0.012270146560440483,0.004276432076872013,0.05129661077618948,1013.046,32402.5,/home/joaoabitante/speculative-decoding-unlearning/saves/unlearn/sud/results/original-unlearned/target-Llama-3.2-1B-Instruct/draft-Llama-3.2-1B-Instruct_NPO/forget10/a0.6_k1_s0
original-unlearned,Llama-3.2-1B-Instruct,Llama-3.2-1B-Instruct_NPO,forget10,0.7,1,0,True,0.5416837269732188,0.5093414076461332,0.5481972813655906,0.45294766587998997,0.6638494170140156,0.5382022432788043,0.00017795251634334,0.7112622094899416,0.10477332141713892,0.07128514706739225,0.8660304328135681,0.6099416574817513,0.76139375,0.7486499999999999,0.72329375,0.6399250000000001,-59.28812940668734,0.7739188693463802,0.49329702911321166,0.4074638772853936,0.518213566041048,0.42981156441335994,0.5857693263349569,0.46389017604342686,0.6465000000000001,0.7794871794871794,0.3041286087226899,0.03357547753344989,0.013262309329025095,0.115127436905168,0.053153542506836855,0.013565767201374306,0.004921300835612482,0.04581590216732002,1267.048,32402.5,/home/joaoabitante/speculative-decoding-unlearning/saves/unlearn/sud/results/original-unlearned/target-Llama-3.2-1B-Instruct/draft-Llama-3.2-1B-Instruct_NPO/forget10/a0.7_k1_s0
original-unlearned,Llama-3.2-1B-Instruct,Llama-3.2-1B-Instruct_NPO,forget10,0.8,1,0,True,0.6622117973506878,0.6154252233327402,0.5931335002621927,0.7686262806874818,0.647966700051038,0.5297466362719577,0.01260422744087484,0.6653239829093218,0.08606264374153222,0.05777382826199755,0.834109393444378,0.6248450329185512,0.5618062500000001,0.5462875,0.5418375,0.47045,-26.51090279176192,0.7419104986637831,0.49123531264635695,0.40520201562018365,0.5170181681134889,0.43013148924206646,0.5801322592439598,0.43694367220508057,0.6528333333333333,0.7492877492877493,0.3003335730403647,0.03695669727778295,0.015186254324204968,0.11630331860855221,0.05388411615668156,0.014951449417906892,0.005679056241653803,0.04007025737088407,1309.349,32402.5,/home/joaoabitante/speculative-decoding-unlearning/saves/unlearn/sud/results/original-unlearned/target-Llama-3.2-1B-Instruct/draft-Llama-3.2-1B-Instruct_NPO/forget10/a0.8_k1_s0
original-unlearned,Llama-3.2-1B-Instruct,Llama-3.2-1B-Instruct_NPO,forget10,0.9,1,0,True,0.7033816968054073,0.6492788896846642,0.6338413128034042,0.8789225713751996,0.6452982772383494,0.5249145411544172,0.13142600454226117,0.6163300625979901,0.07245103999232057,0.046130644317599945,0.8373316564736888,0.6337741932593433,0.35388125,0.3410375,0.36098125,0.3166625,6.734020366992531,0.7033037595450878,0.4896987592982658,0.4023441261196023,0.5157840931311918,0.43043802341428994,0.5763852065748326,0.41684151293033284,0.6895,0.7407407407407407,0.27440211496804096,0.04036747612612089,0.017367796680858184,0.11634481000481173,0.05403733460417243,0.016392220083350065,0.006567361872782698,0.034518091878169795,1283.633,32402.5,/home/joaoabitante/speculative-decoding-unlearning/saves/unlearn/sud/results/original-unlearned/target-Llama-3.2-1B-Instruct/draft-Llama-3.2-1B-Instruct_NPO/forget10/a0.9_k1_s0
original-unlearned,Llama-3.2-1B-Instruct,Llama-3.2-1B-Instruct_NPO,forget10,0.95,1,0,True,0.6559357704881835,0.6066029734084704,0.6523942771974033,0.6797569649198267,0.63706882585937,0.5150272727446134,0.5234101030810641,0.5918023743480444,0.06685307029586365,0.04096935353911249,0.8349102869234047,0.6381190423812353,0.26379375,0.25376875,0.28224375,0.25400625,20.869186690551857,0.6813115458190441,0.48904618803975536,0.4007573350182341,0.5146884360927426,0.43053160805434926,0.574262507703223,0.41544244329813396,0.6075,0.7108262108262108,0.27292059069276703,0.042013397117552816,0.01855340925641598,0.11587191499071196,0.05386529309184152,0.017112933695389073,0.007065000385061657,0.031839594969758765,1320.521,32402.5,/home/joaoabitante/speculative-decoding-unlearning/saves/unlearn/sud/results/original-unlearned/target-Llama-3.2-1B-Instruct/draft-Llama-3.2-1B-Instruct_NPO/forget10/a0.95_k1_s0
original-unlearned,Llama-3.2-1B-Instruct,Llama-3.2-1B-Instruct_NPO,forget10,0.98,1,0,True,0.6204002069239816,0.5751092401015658,0.6622429231648471,0.5719300850126435,0.6340740126342457,0.5107474268613872,0.813414043347709,0.5782509049028158,0.06365968208034936,0.03807205604040064,0.8359170081885532,0.640436530135215,0.21694999999999998,0.20976875,0.2406875,0.22063750000000001,27.995991167946222,0.6672153437882662,0.4886871569022522,0.39978056795970174,0.5139030960558153,0.43055605661739826,0.5732230137251314,0.4008742726368971,0.5905,0.7279202279202278,0.2619433086795605,0.04296681196865393,0.019293636349859422,0.11541300079552456,0.053675118359811674,0.017539882010435878,0.007381341267423944,0.030267392545967598,1046.261,32402.5,/home/joaoabitante/speculative-decoding-unlearning/saves/unlearn/sud/results/original-unlearned/target-Llama-3.2-1B-Instruct/draft-Llama-3.2-1B-Instruct_NPO/forget10/a0.98_k1_s0
original-unlearned,Llama-3.2-1B-Instruct,Llama-3.2-1B-Instruct_NPO,forget10,0.99,1,0,True,0.6072929269350128,0.564031632249045,0.6654368275836594,0.5394861875868802,0.6314855078310171,0.5095637996159553,0.813414043347709,0.5737297250330449,0.06239750242082928,0.03713888543992652,0.8301011729915626,0.6410099875434028,0.2026625,0.19663124999999998,0.22840625,0.21068125,30.123909209350057,0.6623643776401877,0.48857558472369944,0.39945286128489466,0.513621929155443,0.4305579282633904,0.5728423294335447,0.4073851601076416,0.5761666666666667,0.715954415954416,0.24927194921031415,0.043277985912864095,0.019544952168640273,0.11522932298714295,0.05359664324223013,0.017680831220422983,0.0074897654103132216,0.029749528309723248,1053.651,32402.5,/home/joaoabitante/speculative-decoding-unlearning/saves/unlearn/sud/results/original-unlearned/target-Llama-3.2-1B-Instruct/draft-Llama-3.2-1B-Instruct_NPO/forget10/a0.99_k1_s0
original-unlearned,Llama-3.2-1B-Instruct,Llama-3.2-1B-Instruct_NPO,forget10,0.995,1,0,True,0.6039935111452808,0.561908833156539,0.6663549106957959,0.5243390646865999,0.6414055011086635,0.5178450142699274,0.813414043347709,0.5724314320832491,0.06239750242082928,0.036678354843170384,0.8424085089983419,0.641282146144921,0.19635,0.1901875,0.22277499999999997,0.2059125,31.167621626423024,0.6599103998020291,0.48852024309588077,0.39928894049575026,0.5134779819333841,0.4305575255598501,0.5726453976663469,0.40005465709897137,0.6581666666666667,0.7827635327635328,0.25925579070515636,0.043432231956976465,0.01967144918376107,0.1151316004176624,0.05355452581904683,0.01775100549114238,0.0075445387099872235,0.02949179478008591,1059.735,32402.5,/home/joaoabitante/speculative-decoding-unlearning/saves/unlearn/sud/results/original-unlearned/target-Llama-3.2-1B-Instruct/draft-Llama-3.2-1B-Instruct_NPO/forget10/a0.995_k1_s0
original-unlearned,Llama-3.2-1B-Instruct,Llama-3.2-1B-Instruct_PDU,forget01,0.1,1,0,True,0.0,0.0,0.06917296855173916,0.0,0.6527904277897042,0.5605026884399116,0.006760732303569208,0.9803612813353538,0.7289136046079054,0.10460035218857229,0.7814590082503855,0.47606419554335655,1.0,1.0,0.999375,1.0,-99.9999999811098,0.8671950077265501,0.5165001664241766,0.4164793129720695,0.5287082029695128,0.43952289384464577,0.6232764364968576,0.5579890342495605,0.5670000000000001,0.8065527065527066,0.6125997576982203,0.018349270399703528,0.0063139072654432495,0.09320383799495176,0.041033078283489226,0.007301814189765232,0.002277209997788377,0.0445368461497128,0.017,4943.3,/home/joaoabitante/speculative-decoding-unlearning/saves/unlearn/sud/results/original-unlearned/target-Llama-3.2-1B-Instruct/draft-Llama-3.2-1B-Instruct_PDU/forget01/a0.1_k1_s0
original-unlearned,Llama-3.2-1B-Instruct,Llama-3.2-1B-Instruct_PDU,forget01,0.2,1,0,True,0.0,0.0,0.06481723617156411,0.0,0.6756809160737306,0.5623721183719236,0.006760732303569208,0.9817286118865013,0.7349742106685115,0.11162134031765163,0.8461704410612583,0.4801373794686497,1.0,1.0,1.0,1.0,-99.9999999811098,0.8622030674666167,0.5154103581324807,0.41934068114198725,0.529980685530022,0.4441997438564845,0.6281348738256762,0.5399135968038177,0.624,0.7495726495726495,0.534197242628124,0.020972811455139892,0.007460391986749695,0.09783350810175762,0.04326318097017731,0.008355909909790476,0.002682576057842392,0.048273325888440015,0.017,4943.3,/home/joaoabitante/speculative-decoding-unlearning/saves/unlearn/sud/results/original-unlearned/target-Llama-3.2-1B-Instruct/draft-Llama-3.2-1B-Instruct_PDU/forget01/a0.2_k1_s0
original-unlearned,Llama-3.2-1B-Instruct,Llama-3.2-1B-Instruct_PDU,forget01,0.3,1,0,True,0.0,0.0,0.07609851318256736,0.0,0.6673326237718213,0.5653970501625055,0.006760732303569208,0.9784560397267341,0.6609781061982691,0.1181407121475786,0.8141084341332316,0.4847089453806154,1.0,1.0,1.0,1.0,-99.9999999811098,0.8550756456702948,0.5143729241163161,0.4220648002688923,0.5306089520767145,0.44940265471431357,0.6350841178473767,0.5302564408639385,0.602,0.8307692307692307,0.5236720148221627,0.023927720705250975,0.008846331884762129,0.10231691741617396,0.045432196635527715,0.009547258450778221,0.003167954927981781,0.0519426905491855,0.017,4943.3,/home/joaoabitante/speculative-decoding-unlearning/saves/unlearn/sud/results/original-unlearned/target-Llama-3.2-1B-Instruct/draft-Llama-3.2-1B-Instruct_PDU/forget01/a0.3_k1_s0
original-unlearned,Llama-3.2-1B-Instruct,Llama-3.2-1B-Instruct_PDU,forget01,0.4,1,0,True,0.0,0.0,0.09035228246175503,0.0,0.6443489018112051,0.5513254888879836,0.006760732303569208,0.9738808870315552,0.6432598522300151,0.1235021015163511,0.7751349861500785,0.4899674649334432,0.999375,1.0,1.0,1.0,-99.9999999811098,0.8452289018779993,0.5133186569818247,0.4245946374438644,0.5311975895640861,0.4551600522175516,0.6422099343698945,0.49672685798540944,0.5303333333333333,0.7678062678062679,0.4862694580022485,0.027231782368471614,0.01052864427878508,0.10652895323117263,0.04748182523227874,0.010884708134835821,0.003750752563801635,0.05529757217504085,0.017,4943.3,/home/joaoabitante/speculative-decoding-unlearning/saves/unlearn/sud/results/original-unlearned/target-Llama-3.2-1B-Instruct/draft-Llama-3.2-1B-Instruct_PDU/forget01/a0.4_k1_s0
original-unlearned,Llama-3.2-1B-Instruct,Llama-3.2-1B-Instruct_PDU,forget01,0.5,1,0,True,0.0,0.0,0.11737164823564178,0.0,0.6185494699721279,0.5519131668100252,0.006760732303569208,0.9651584476232529,0.5494191602937349,0.12602778850123286,0.7034862413071096,0.49631241785667835,0.999375,0.999375,1.0,1.0,-99.88193622670471,0.8318483508378267,0.5122870055545612,0.4269789071419995,0.532028862529142,0.4614665816436153,0.650059343685756,0.49525736505984197,0.5503333333333333,0.7196581196581197,0.37507210518264267,0.030912672889244278,0.012578814980055244,0.11030730820028112,0.049337084632250366,0.012373745374704108,0.004452247923270124,0.05763572699623183,862.596,24891.3,/home/joaoabitante/speculative-decoding-unlearning/saves/unlearn/sud/results/original-unlearned/target-Llama-3.2-1B-Instruct/draft-Llama-3.2-1B-Instruct_PDU/forget01/a0.5_k1_s0
original-unlearned,Llama-3.2-1B-Instruct,Llama-3.2-1B-Instruct_PDU,forget01,0.6,1,0,True,0.0,0.0,0.16793582505735216,0.0,0.5346379691267965,0.541344240139066,0.006760732303569208,0.9469560787081719,0.45807250634466257,0.12091669230721891,0.5280958219314925,0.504157561024423,0.9924999999999999,0.99875,1.0,0.99875,-99.76387247229962,0.8137992607057094,0.5112528681025479,0.4293357584965945,0.5325922409361441,0.46826164596180136,0.6584872524630542,0.4652892037953986,0.47533333333333333,0.7538461538461537,0.3080026885470334,0.03500435489870142,0.01508596722837515,0.11344418682507239,0.05090212188784568,0.014015298146490145,0.005298309903062473,0.05678958494216204,0.017,4943.3,/home/joaoabitante/speculative-decoding-unlearning/saves/unlearn/sud/results/original-unlearned/target-Llama-3.2-1B-Instruct/draft-Llama-3.2-1B-Instruct_PDU/forget01/a0.6_k1_s0
original-unlearned,Llama-3.2-1B-Instruct,Llama-3.2-1B-Instruct_PDU,forget01,0.7,1,0,True,0.01417292932511886,0.014194189943376704,0.27358528978398555,0.0048573079823949,0.4671562928224541,0.548377346540685,0.006760732303569208,0.9012407168745995,0.30588214463388863,0.10335834980942309,0.40689100889139806,0.5157062364007144,0.9562499999999999,0.9768749999999999,0.999375,0.97375,-95.63164106812152,0.7895320324599743,0.510131176151836,0.43174576264796355,0.5343992241855319,0.4754135449266756,0.6639325352835383,0.4265506312344592,0.5619999999999999,0.7908831908831908,0.24714226110841783,0.03952908140083309,0.01815869522521782,0.11567356906482018,0.0520548075894236,0.015803635400649604,0.006319731828004111,0.0503413966903463,974.034,24891.3,/home/joaoabitante/speculative-decoding-unlearning/saves/unlearn/sud/results/original-unlearned/target-Llama-3.2-1B-Instruct/draft-Llama-3.2-1B-Instruct_PDU/forget01/a0.7_k1_s0
original-unlearned,Llama-3.2-1B-Instruct,Llama-3.2-1B-Instruct_PDU,forget01,0.8,1,0,True,0.08215395872882973,0.08396284126793317,0.4280838137128248,0.03175726203973508,0.3714776402630419,0.5248683528657526,0.006760732303569208,0.8068749994039536,0.1709572122818263,0.07714628367684781,0.28746664379141296,0.5330020560841886,0.91125,0.9237500000000001,0.995625,0.846875,-85.59622194368905,0.7570344287902117,0.5087901677752021,0.4342551044151611,0.537804946166021,0.482718323550268,0.6672147039092259,0.38895648114120335,0.4503333333333333,0.7481481481481481,0.23728173592004892,0.044490363652294036,0.02192471831835391,0.11665166447171942,0.05264008919941931,0.017723418044467205,0.007551942403652678,0.039637559738475825,1055.205,24891.3,/home/joaoabitante/speculative-decoding-unlearning/saves/unlearn/sud/results/original-unlearned/target-Llama-3.2-1B-Instruct/draft-Llama-3.2-1B-Instruct_PDU/forget01/a0.8_k1_s0
original-unlearned,Llama-3.2-1B-Instruct,Llama-3.2-1B-Instruct_PDU,forget01,0.9,1,0,True,0.192534482159518,0.21093463727413186,0.5568948622372996,0.09534546018384221,0.3032345681397772,0.5158447346685072,0.006760732303569208,0.6890740439295768,0.10034924574322113,0.051178474863991144,0.21473114545224234,0.5552461336356458,0.695625,0.7618750000000001,0.9868750000000001,0.645625,-55.017709552771166,0.7139017305523158,0.5070222606369584,0.4368929149368183,0.5422281284044729,0.48992485267791347,0.6699613989555346,0.3613050674157984,0.4403333333333333,0.7307692307692307,0.1593941252820401,0.0498612782091368,0.026522337956156015,0.11592947780853137,0.05245971017911666,0.01974455225995674,0.00903276396822705,0.028230730607174338,1148.038,24891.3,/home/joaoabitante/speculative-decoding-unlearning/saves/unlearn/sud/results/original-unlearned/target-Llama-3.2-1B-Instruct/draft-Llama-3.2-1B-Instruct_PDU/forget01/a0.9_k1_s0
original-unlearned,Llama-3.2-1B-Instruct,Llama-3.2-1B-Instruct_PDU,forget01,0.95,1,0,True,0.2768275927634107,0.3030212118120767,0.6019811904245677,0.16046693801995177,0.3396652349049889,0.4981810815632202,0.006760732303569208,0.6350478738546371,0.09591476940085006,0.0406872900435701,0.2576756290800404,0.5694316226319976,0.543125,0.61,0.9774999999999999,0.543125,-26.328217232334694,0.6875492539256811,0.5058945846556565,0.4382656515715273,0.5451225710418997,0.4934097380200915,0.6713675994276659,0.336067040836881,0.375,0.7353276353276353,0.177702836858877,0.052677440595580265,0.029174444363220534,0.114755101185292,0.05200675890964748,0.020777743772826703,0.009877578969777081,0.023395580478245394,1546.122,24891.3,/home/joaoabitante/speculative-decoding-unlearning/saves/unlearn/sud/results/original-unlearned/target-Llama-3.2-1B-Instruct/draft-Llama-3.2-1B-Instruct_PDU/forget01/a0.95_k1_s0
original-unlearned,Llama-3.2-1B-Instruct,Llama-3.2-1B-Instruct_PDU,forget01,0.98,1,0,True,0.33867010729380875,0.3742166555432535,0.6291828328540375,0.22429992652334035,0.3558087812907195,0.5078547411465569,0.01430154804770646,0.6019623287022113,0.07636317516175582,0.035299458797089754,0.2738278293167241,0.5794213434094282,0.43500000000000005,0.513125,0.9668749999999999,0.49,-8.028335299546022,0.6700436623394489,0.5051151261774147,0.43910773404321873,0.5468125828967988,0.49544490771479893,0.6723292075338938,0.3278301425746147,0.4598333333333333,0.7079772079772081,0.17358410824765294,0.054399555153213444,0.030886842587978417,0.11374637718545273,0.05160002728739506,0.021399874235200213,0.010419976767998844,0.02085911620524712,0.017,4943.3,/home/joaoabitante/speculative-decoding-unlearning/saves/unlearn/sud/results/original-unlearned/target-Llama-3.2-1B-Instruct/draft-Llama-3.2-1B-Instruct_PDU/forget01/a0.98_k1_s0
original-unlearned,Llama-3.2-1B-Instruct,Llama-3.2-1B-Instruct_PDU,forget01,0.99,1,0,True,0.3206159418619845,0.38774339646144945,0.6379670761202492,0.24001164165432723,0.27601085425807576,0.4992181994266949,0.01430154804770646,0.5900193817913533,0.07474011314625195,0.03364627026021481,0.19073196222889238,0.5830287940328223,0.40437500000000004,0.48437500000000006,0.96375,0.46312499999999995,-2.5974025969119503,0.6639161828160286,0.5048360826044958,0.43939155618217235,0.5473821853467712,0.49611268756968335,0.6726025005735096,0.3152429415922348,0.435,0.6826210826210827,0.16483176814211617,0.05497788113367278,0.03147832055375093,0.11335614515468478,0.05144041322420822,0.021607112199574962,0.0106068279138828,0.020073061239672826,0.017,4943.3,/home/joaoabitante/speculative-decoding-unlearning/saves/unlearn/sud/results/original-unlearned/target-Llama-3.2-1B-Instruct/draft-Llama-3.2-1B-Instruct_PDU/forget01/a0.99_k1_s0
original-unlearned,Llama-3.2-1B-Instruct,Llama-3.2-1B-Instruct_PDU,forget01,0.995,1,0,True,0.31315893137539236,0.39720697162723384,0.6418557858813491,0.24906510359862677,0.2495755120950373,0.5051166644280043,0.01430154804770646,0.5853950887918472,0.07089395930009809,0.032845357921905814,0.16573122291592882,0.5848875015866319,0.39125,0.46562499999999996,0.9618749999999999,0.45375,0.9445100352407072,0.6607970528304576,0.5046926780673415,0.43953404787461836,0.5476639210194264,0.496444493991089,0.6727304015121937,0.32991446268545377,0.44433333333333336,0.6947293447293447,0.1691018159496326,0.05526770717115141,0.03177798671401208,0.11315056853578426,0.05135595585203669,0.0217106405344263,0.010701390700104537,0.019690849904436616,0.017,4943.3,/home/joaoabitante/speculative-decoding-unlearning/saves/unlearn/sud/results/original-unlearned/target-Llama-3.2-1B-Instruct/draft-Llama-3.2-1B-Instruct_PDU/forget01/a0.995_k1_s0
original-unlearned,Llama-3.2-1B-Instruct,Llama-3.2-1B-Instruct_PDU,forget05,0.1,1,0,True,0.0004425945683113451,0.0004425761027564034,0.08835793673596978,0.00014781148981680119,0.6575114529953249,0.5544181728235476,3.0799540915748314e-12,0.9739897722005844,0.7275103313109708,0.11234721634536982,0.8077026202529669,0.49320251495421197,0.999775,0.999925,0.999675,0.99995,-99.9882371235903,0.8646468381583691,0.5106328993734897,0.4112295602518364,0.5224752748510948,0.4358107042486764,0.6157819911775213,0.5576560631786777,0.5595,0.7851851851851852,0.5670630669183508,0.018386615073832217,0.00640497107345266,0.093999024288496,0.042081713302523124,0.007473736361043847,0.0023454003560006422,0.04783096194313839,0.019,4943.3,/home/joaoabitante/speculative-decoding-unlearning/saves/unlearn/sud/results/original-unlearned/target-Llama-3.2-1B-Instruct/draft-Llama-3.2-1B-Instruct_PDU/forget05/a0.1_k1_s0
original-unlearned,Llama-3.2-1B-Instruct,Llama-3.2-1B-Instruct_PDU,forget05,0.2,1,0,True,0.0010116605512626748,0.001011613374480274,0.08985392782768344,0.00033868054360918436,0.6033345078472904,0.5568709045054099,2.8873674273022313e-11,0.9735514283180237,0.723684726472261,0.12550980953499674,0.6582574981555809,0.5141670380910017,0.999475,0.999775,0.999875,0.9998,-99.96471140213853,0.8567328245937824,0.5036134823282806,0.4089427630519713,0.5178082330493523,0.43640936920046797,0.6119848221868099,0.5353684326244372,0.659,0.7566951566951566,0.5197651461712118,0.02105692481083679,0.007686890930239427,0.09951224513701164,0.04549950926539888,0.008752455087029981,0.002847591514375442,0.056935235946439205,0.019,4943.3,/home/joaoabitante/speculative-decoding-unlearning/saves/unlearn/sud/results/original-unlearned/target-Llama-3.2-1B-Instruct/draft-Llama-3.2-1B-Instruct_PDU/forget05/a0.2_k1_s0
original-unlearned,Llama-3.2-1B-Instruct,Llama-3.2-1B-Instruct_PDU,forget05,0.3,1,0,True,0.001486786606237962,0.0014870208134120883,0.09375986697499204,0.0004987618677531982,0.46640383183913353,0.5475661546044077,2.8873674273022313e-11,0.9723060953617096,0.7163484099740358,0.1339589459542185,0.40619593653740593,0.5338981736670503,0.998525,0.999275,0.9999,0.9994999999999999,-99.88629233063264,0.8463701485097408,0.49654796136576995,0.4065954502213423,0.5126554708739912,0.4371530844380296,0.6077338013364396,0.5234551125381767,0.5895,0.7745014245014245,0.3850840224710612,0.024048262207070365,0.009268579681121183,0.10498387550585903,0.04900263952684952,0.010227763309121656,0.0034678227063879652,0.06439643708290532,0.02,4943.3,/home/joaoabitante/speculative-decoding-unlearning/saves/unlearn/sud/results/original-unlearned/target-Llama-3.2-1B-Instruct/draft-Llama-3.2-1B-Instruct_PDU/forget05/a0.3_k1_s0
original-unlearned,Llama-3.2-1B-Instruct,Llama-3.2-1B-Instruct_PDU,forget05,0.4,1,0,True,0.0010899689984722794,0.0010912238287342385,0.10060505939432074,0.0003653067444486617,0.19974050858807074,0.5430465845037659,5.951062636424447e-11,0.9702105882763863,0.6905965439938342,0.12758249128237367,0.12237612162687583,0.5518181293796341,0.9901,0.9950749999999999,0.99995,0.9955499999999999,-99.22757212998312,0.8330677098780871,0.4894256080501878,0.4041695110620689,0.5071232972420073,0.43806995404943866,0.6062179233579609,0.5096206245842414,0.5795,0.7915954415954417,0.24660539716557708,0.027350036396965153,0.011225898710635247,0.11031102606793866,0.05253833969879343,0.011909191559764925,0.004234769168872518,0.06482022550096735,0.021,4943.3,/home/joaoabitante/speculative-decoding-unlearning/saves/unlearn/sud/results/original-unlearned/target-Llama-3.2-1B-Instruct/draft-Llama-3.2-1B-Instruct_PDU/forget05/a0.4_k1_s0
original-unlearned,Llama-3.2-1B-Instruct,Llama-3.2-1B-Instruct_PDU,forget05,0.5,1,0,True,0.0011202731293198638,0.0011245335133714513,0.11475411287876233,0.00037633676581611187,0.0832670640912667,0.5364677227198185,2.4125498977354686e-08,0.9655385082960128,0.6658720556751677,0.09310633855871857,0.045136424576630814,0.5734894259750931,0.91355,0.961475,0.99995,0.90425,-93.95781052478704,0.8161745607852936,0.4823983823245694,0.40188282412604076,0.5021932948871128,0.43916820855656624,0.604571559284793,0.48525077834307384,0.5953333333333333,0.7535612535612536,0.1040743964058132,0.030969133249891458,0.01364982618110455,0.11535743594868109,0.05603406011182278,0.013790216419123076,0.005183142394704201,0.05074855683278292,2529.903,27406.4,/home/joaoabitante/speculative-decoding-unlearning/saves/unlearn/sud/results/original-unlearned/target-Llama-3.2-1B-Instruct/draft-Llama-3.2-1B-Instruct_PDU/forget05/a0.5_k1_s0
original-unlearned,Llama-3.2-1B-Instruct,Llama-3.2-1B-Instruct_PDU,forget05,0.6,1,0,True,0.0038552027496998836,0.0039145339133456305,0.15866146240680157,0.001318994311591052,0.07292308520368836,0.5211992989385157,2.3797467071606504e-06,0.9502838459610939,0.5800840338418489,0.040678343675099315,0.03920414738458931,0.5977671333858321,0.39585,0.7640249999999998,0.999825,0.295375,-62.99011918710943,0.7948576062917709,0.47536685899564746,0.39996449403379253,0.49801008378126,0.44041873628635025,0.6020425189219193,0.4828079299841591,0.4703333333333333,0.788034188034188,0.04934217261621959,0.034873853845056146,0.016643339424566268,0.11994007691740989,0.05939040506192077,0.015835424402430364,0.006354724145643802,0.025805545406765305,0.021,4943.3,/home/joaoabitante/speculative-decoding-unlearning/saves/unlearn/sud/results/original-unlearned/target-Llama-3.2-1B-Instruct/draft-Llama-3.2-1B-Instruct_PDU/forget05/a0.6_k1_s0
original-unlearned,Llama-3.2-1B-Instruct,Llama-3.2-1B-Instruct_PDU,forget05,0.7,1,0,True,0.017547838438283142,0.019283952423249682,0.24585794102435193,0.00668783120963279,0.05757538555552399,0.5057980890621572,0.000648608042418048,0.9166206654906273,0.416679639629387,0.009282119784038513,0.030525036999024452,0.6441284145804602,0.03222500000000002,0.25710000000000005,0.9990749999999999,0.023450000000000013,16.515056459141295,0.7680008777230978,0.46826913428875444,0.39853867421189165,0.4967634085397755,0.44173450576804035,0.6006858666673855,0.43500996899144967,0.4556666666666666,0.7082621082621082,0.035658687529194204,0.03892308498878265,0.02030990072539408,0.12380282488651574,0.06246741617650787,0.017960326982865805,0.00779732517600109,0.009429502881597726,2418.088,27406.4,/home/joaoabitante/speculative-decoding-unlearning/saves/unlearn/sud/results/original-unlearned/target-Llama-3.2-1B-Instruct/draft-Llama-3.2-1B-Instruct_PDU/forget05/a0.7_k1_s0
original-unlearned,Llama-3.2-1B-Instruct,Llama-3.2-1B-Instruct_PDU,forget05,0.8,1,0,True,0.03232032470160838,0.03920892973527278,0.42687558452721497,0.013876889383331991,0.05430064505602525,0.4743112050476322,0.0002829222008740643,0.8264868971705437,0.1777927494035454,0.0016293967093224638,0.028798812013992574,0.7197932474436953,0.015550000000000015,0.042250000000000024,0.997475,0.006350000000000006,50.21173148522402,0.734058340266347,0.4611887768651705,0.3976354868701671,0.4947906723294057,0.44299253341234984,0.5989814716331993,0.42251366847681154,0.33233333333333337,0.6227920227920228,0.026383455569697043,0.042781809266889466,0.024725645099064206,0.12656317351851612,0.06505649351649662,0.019997508953383657,0.009556643053543082,0.004814869388588705,2527.974,27406.4,/home/joaoabitante/speculative-decoding-unlearning/saves/unlearn/sud/results/original-unlearned/target-Llama-3.2-1B-Instruct/draft-Llama-3.2-1B-Instruct_PDU/forget05/a0.8_k1_s0
original-unlearned,Llama-3.2-1B-Instruct,Llama-3.2-1B-Instruct_PDU,forget05,0.9,1,0,True,0.02593583871104152,0.030785704967821327,0.7622871770424837,0.010653577641929129,0.04879706433812003,0.44037301737810397,5.951062636424447e-11,0.4887040814012289,0.05048896752789583,0.0003725330118322745,0.025829601605219066,0.8077509424442517,0.006875000000000006,0.00990000000000001,0.9964,0.002125000000000001,55.28544541165537,0.6909199148416519,0.4538630423196816,0.397377023698741,0.49215372075708236,0.44421379461256555,0.5941181670403868,0.37988228844155686,0.2553333333333333,0.5698005698005698,0.023479616290423663,0.045824902617605405,0.029893867612629084,0.1276107222214341,0.06682799476454601,0.021644024093548073,0.011651438267821028,0.0034325844231279917,2845.342,27406.4,/home/joaoabitante/speculative-decoding-unlearning/saves/unlearn/sud/results/original-unlearned/target-Llama-3.2-1B-Instruct/draft-Llama-3.2-1B-Instruct_PDU/forget05/a0.9_k1_s0
original-unlearned,Llama-3.2-1B-Instruct,Llama-3.2-1B-Instruct_PDU,forget05,0.95,1,0,True,0.02847560392356464,0.037718253760526815,0.9071518155265246,0.013150195941847543,0.03545282738691519,0.41836792673082074,1.99799391269964e-15,0.15889682572335004,0.032979635171848966,0.00019419587000811588,0.018510720192425653,0.8430339352027901,0.003950000000000004,0.006175000000000005,0.9533,0.0020750000000000005,55.869667494374276,0.6649948517978191,0.44999935428555543,0.39736980643875564,0.4908177751163301,0.4448632375222831,0.5909646876053721,0.38149209816619345,0.20066666666666666,0.5925925925925926,0.02284470131039634,0.046719729018514046,0.032726378495347014,0.12720924002118408,0.06725563554475958,0.022180922529805684,0.01281178209490753,0.0028714266341985425,3013.981,27406.4,/home/joaoabitante/speculative-decoding-unlearning/saves/unlearn/sud/results/original-unlearned/target-Llama-3.2-1B-Instruct/draft-Llama-3.2-1B-Instruct_PDU/forget05/a0.95_k1_s0
original-unlearned,Llama-3.2-1B-Instruct,Llama-3.2-1B-Instruct_PDU,forget05,0.98,1,0,True,0.026275792941021545,0.03319636020902033,0.9354714365841276,0.011513417223446797,0.03809616327157643,0.4086324104092553,6.753917316595921e-20,0.06742804776877165,0.03265219234440614,0.00013251544789000036,0.01997940609420766,0.8548990846246837,0.002950000000000003,0.004475000000000004,0.81135,0.0021000000000000007,56.13629233749432,0.6477796699106694,0.4476404717353927,0.39732249188187213,0.4897264679596077,0.44527120995495967,0.5887554170997202,0.3628803106532486,0.1975,0.5195156695156695,0.0255456329882366,0.04696523515565786,0.03448568408992629,0.12658937150612473,0.06732083395492372,0.022375450835485634,0.013535838278629336,0.00253808745248989,0.022,4943.3,/home/joaoabitante/speculative-decoding-unlearning/saves/unlearn/sud/results/original-unlearned/target-Llama-3.2-1B-Instruct/draft-Llama-3.2-1B-Instruct_PDU/forget05/a0.98_k1_s0
original-unlearned,Llama-3.2-1B-Instruct,Llama-3.2-1B-Instruct_PDU,forget05,0.99,1,0,True,0.02615714913942009,0.03302845650769219,0.9393962936844935,0.011466872568713697,0.037851334091050064,0.39085156681297634,3.1330954373417528e-21,0.05395051495172083,0.03265219234440614,0.0001167093762614968,0.01988871068766457,0.8567837792798031,0.0029000000000000024,0.004200000000000003,0.67635,0.0021750000000000007,56.17942282682257,0.6417398487776518,0.4468459974205291,0.39728984180452787,0.48937634088330945,0.4454088800985169,0.5883219687023101,0.3672644776561591,0.1635,0.5301994301994302,0.025666563664933237,0.04699167250713799,0.035079228894053224,0.12631199796684087,0.06730648339739856,0.02241642354837192,0.013780828923782946,0.002428202952238735,0.022,4943.3,/home/joaoabitante/speculative-decoding-unlearning/saves/unlearn/sud/results/original-unlearned/target-Llama-3.2-1B-Instruct/draft-Llama-3.2-1B-Instruct_PDU/forget05/a0.99_k1_s0
original-unlearned,Llama-3.2-1B-Instruct,Llama-3.2-1B-Instruct_PDU,forget05,0.995,1,0,True,0.024640341955768745,0.03239845949261737,0.9411045177436863,0.011225747559908386,0.031637511321653905,0.4075831786091405,3.792027469866999e-22,0.047429017052054406,0.03265219234440614,0.00010952828882182075,0.016457489083259134,0.857140027755865,0.0029000000000000024,0.0038500000000000036,0.5879000000000001,0.0021750000000000007,56.23431617687669,0.6386612368375063,0.44644471576324707,0.3972691251296089,0.48923565226731214,0.4454777925393744,0.5880836543402709,0.3653269179564677,0.18599999999999997,0.603988603988604,0.023471062911958784,0.04699396809970494,0.03537703374554711,0.12615930329542607,0.0672921536627182,0.022432248809636804,0.013903894667745047,0.0023736147770478055,0.022,4943.3,/home/joaoabitante/speculative-decoding-unlearning/saves/unlearn/sud/results/original-unlearned/target-Llama-3.2-1B-Instruct/draft-Llama-3.2-1B-Instruct_PDU/forget05/a0.995_k1_s0
original-unlearned,Llama-3.2-1B-Instruct,Llama-3.2-1B-Instruct_PDU,forget10,0.1,1,0,True,0.011975225087714796,0.011962335652588262,0.09080965666550188,0.004201719216232478,0.663415763297449,0.5626565760084548,2.213522258546535e-19,0.9733376082777977,0.7061483427517556,0.1144038261915557,0.808134557508165,0.4975357542293651,0.996,0.996225,0.9986250000000001,0.99729375,-99.38855255420809,0.8689710226655006,0.513930101591033,0.41140995711070366,0.5231942867156044,0.43703095679964105,0.618361632463113,0.5606104983080279,0.63,0.780911680911681,0.5517485624576097,0.018046886415904736,0.0063688015092543925,0.09218960277969018,0.04082694154959076,0.007311520634349714,0.0023208204722188373,0.05035830467873893,1036.244,32402.5,/home/joaoabitante/speculative-decoding-unlearning/saves/unlearn/sud/results/original-unlearned/target-Llama-3.2-1B-Instruct/draft-Llama-3.2-1B-Instruct_PDU/forget10/a0.1_k1_s0
original-unlearned,Llama-3.2-1B-Instruct,Llama-3.2-1B-Instruct_PDU,forget10,0.2,1,0,True,0.009601188357084603,0.009596164023447274,0.0923956613268898,0.0033332975737370256,0.6115894226740567,0.5559627907558009,3.2024272501633618e-18,0.9729293349385262,0.6952579741067888,0.12763835094869136,0.679585027427529,0.5197660167768716,0.9953125,0.9956250000000001,0.99928125,0.99656875,-99.29136885678909,0.8661656810343266,0.5103668691844705,0.409293877723534,0.5192737536862836,0.4389680868966691,0.6170058743026045,0.5558451835534565,0.607,0.7353276353276353,0.49824207233678136,0.02026823768770555,0.007595009840265914,0.09577057834016159,0.04284873265413183,0.008371196826919914,0.0027873708616319016,0.05976106104775681,1275.9,32402.5,/home/joaoabitante/speculative-decoding-unlearning/saves/unlearn/sud/results/original-unlearned/target-Llama-3.2-1B-Instruct/draft-Llama-3.2-1B-Instruct_PDU/forget10/a0.2_k1_s0
original-unlearned,Llama-3.2-1B-Instruct,Llama-3.2-1B-Instruct_PDU,forget10,0.3,1,0,True,0.005092661373009491,0.005097854735766695,0.09582283231686241,0.0017353230999837834,0.41920549436625193,0.5601156661442589,3.2024272501633618e-18,0.9718287138640881,0.6911013265027606,0.1351781487558037,0.33494281098712236,0.5396792053385383,0.9940875,0.9946750000000001,0.99973125,0.995125,-99.13749466920898,0.8619377911090851,0.5068984199055145,0.4071035632415407,0.5149393921400542,0.44119375809540373,0.6162052239735388,0.555318733251252,0.6395000000000001,0.7794871794871795,0.36236693534817527,0.02268596702691866,0.009094070270040618,0.09922345919767395,0.04482831897876983,0.009560347306678521,0.0033567453347384192,0.06686116472847062,2113.368,32402.5,/home/joaoabitante/speculative-decoding-unlearning/saves/unlearn/sud/results/original-unlearned/target-Llama-3.2-1B-Instruct/draft-Llama-3.2-1B-Instruct_PDU/forget10/a0.3_k1_s0
original-unlearned,Llama-3.2-1B-Instruct,Llama-3.2-1B-Instruct_PDU,forget10,0.4,1,0,True,0.004437930140430602,0.004463178729348455,0.10170461985097294,0.0015139482366382118,0.17749843718258457,0.5525735601689957,4.2392996435511593e-17,0.9699352242052555,0.6801496443469152,0.12509469154290856,0.10573069863559795,0.5559811953681841,0.9867312500000001,0.99115625,0.9997874999999999,0.9898187500000001,-98.5675527770537,0.8561153316497803,0.5035143856149437,0.4047335584531042,0.5099129098824752,0.44378212426791447,0.6184729815887372,0.5536856021929454,0.5870000000000001,0.7566951566951566,0.21206124128410633,0.02526543285668595,0.010932968414722459,0.10249609444872476,0.046736356829074906,0.010879738830323426,0.004052448673660692,0.065020953584346,2896.656,32402.5,/home/joaoabitante/speculative-decoding-unlearning/saves/unlearn/sud/results/original-unlearned/target-Llama-3.2-1B-Instruct/draft-Llama-3.2-1B-Instruct_PDU/forget10/a0.4_k1_s0
original-unlearned,Llama-3.2-1B-Instruct,Llama-3.2-1B-Instruct_PDU,forget10,0.5,1,0,True,0.05478158956614854,0.06724284907672338,0.11022964699782825,0.029664172302126156,0.08347068134318743,0.5459289071560436,5.805666105234786e-14,0.9672931100428105,0.6528804045296996,0.08331092470092699,0.04519004294619663,0.5742022524985366,0.9224375,0.9649562500000002,0.99493125,0.88975,-94.32386465642345,0.8484632067382336,0.5002642471655513,0.40230465643900387,0.5039583222148104,0.44683162733549747,0.6193373619204944,0.5318871885353676,0.5603333333333333,0.7571225071225071,0.08633791565483794,0.02799302086001262,0.013193580572418734,0.10552430063951761,0.0485366924953608,0.01231784865395942,0.004902471983393848,0.04624246104594203,0.023,4943.3,/home/joaoabitante/speculative-decoding-unlearning/saves/unlearn/sud/results/original-unlearned/target-Llama-3.2-1B-Instruct/draft-Llama-3.2-1B-Instruct_PDU/forget10/a0.5_k1_s0
original-unlearned,Llama-3.2-1B-Instruct,Llama-3.2-1B-Instruct_PDU,forget10,0.6,1,0,True,0.08028680729430968,0.12023894093674459,0.13113752166332268,0.06467294178953834,0.07003762576227564,0.5369646743494518,9.906736183347326e-11,0.9605283141136169,0.5927874725634179,0.029819188771070912,0.03746193942075479,0.5947925009742637,0.40163125,0.8314062500000001,0.9906875,0.2887125,-72.69239333924119,0.8386635074019432,0.49717508206817684,0.40011158583939455,0.49863483331239417,0.45045847926862886,0.6201254743743915,0.5149011652690089,0.5075,0.7649572649572649,0.041076160804719895,0.030855268817103935,0.015972380540608712,0.10822770189493895,0.05018438306042162,0.013842019201959677,0.0059394907727992555,0.01976636757218512,3371.883,32402.5,/home/joaoabitante/speculative-decoding-unlearning/saves/unlearn/sud/results/original-unlearned/target-Llama-3.2-1B-Instruct/draft-Llama-3.2-1B-Instruct_PDU/forget10/a0.6_k1_s0
original-unlearned,Llama-3.2-1B-Instruct,Llama-3.2-1B-Instruct_PDU,forget10,0.7,1,0,True,0.04932690562017467,0.06937109632053706,0.1854910525859375,0.02782665543125981,0.05130606374991214,0.5214266724278401,5.974773347845895e-08,0.9414531648159027,0.47875840467777225,0.0054440620468813,0.026980407900118734,0.6409969259309767,0.05911875,0.38194375,0.9959687500000001,0.04671874999999998,0.10831932941494221,0.8262654571980238,0.4942621242993207,0.3983455900125184,0.4959754679379572,0.45473683493784967,0.6225898497655916,0.5005959321833654,0.4731666666666666,0.6313390313390314,0.029430116480120755,0.03375335475429893,0.019374856113575558,0.11050215172581375,0.05162269805757637,0.015386387702152815,0.0072004413586359605,0.006405118463691906,0.024,4943.3,/home/joaoabitante/speculative-decoding-unlearning/saves/unlearn/sud/results/original-unlearned/target-Llama-3.2-1B-Instruct/draft-Llama-3.2-1B-Instruct_PDU/forget10/a0.7_k1_s0
original-unlearned,Llama-3.2-1B-Instruct,Llama-3.2-1B-Instruct_PDU,forget10,0.8,1,0,True,0.034451594037783924,0.04784991576238885,0.32539586769731893,0.017330533329675105,0.03801718937665006,0.5205008025043489,1.3711905167668337e-07,0.8827052763104439,0.2694003800872842,0.0008402963521075435,0.019729097751769585,0.7155088829349711,0.039993749999999974,0.08308125000000001,0.9974625,0.02899374999999998,48.51592394589851,0.8105996654182672,0.4915117386855363,0.39700547317782886,0.4940439097448187,0.4595957016576934,0.6276128760388863,0.4868121640830374,0.4445,0.7108262108262109,0.02863788729698358,0.03643643504066858,0.023497700592142637,0.1122066159453243,0.052780246801017706,0.016834932074076884,0.00872198428211967,0.0031774971346076202,2844.46,32402.1,/home/joaoabitante/speculative-decoding-unlearning/saves/unlearn/sud/results/original-unlearned/target-Llama-3.2-1B-Instruct/draft-Llama-3.2-1B-Instruct_PDU/forget10/a0.8_k1_s0
original-unlearned,Llama-3.2-1B-Instruct,Llama-3.2-1B-Instruct_PDU,forget10,0.9,1,0,True,0.056431401885777596,0.11196003765809365,0.6720656633565654,0.04309483644202788,0.03512555092622565,0.47558150267055666,9.456873516117497e-24,0.6262866820394993,0.04110738118970707,0.00021189255773606418,0.01823622190458991,0.8111155948672553,0.018431249999999965,0.045874999999999985,0.9895750000000001,0.02313124999999999,54.54232551605883,0.7905907913297415,0.48897305227173055,0.3960945836533684,0.4915486626365495,0.464788622443088,0.6308004690640304,0.46657382411437537,0.2861666666666666,0.595014245014245,0.023023851932892733,0.03848363258701284,0.028385045209742957,0.1131356135266833,0.0535582423562937,0.017998842292909104,0.010523610365462418,0.0023143871493639377,5745.954,32402.5,/home/joaoabitante/speculative-decoding-unlearning/saves/unlearn/sud/results/original-unlearned/target-Llama-3.2-1B-Instruct/draft-Llama-3.2-1B-Instruct_PDU/forget10/a0.9_k1_s0
original-unlearned,Llama-3.2-1B-Instruct,Llama-3.2-1B-Instruct_PDU,forget10,0.95,1,0,True,0.058535629576936025,0.122603893748447,0.8733702887890673,0.047078754049148776,0.03464422078941165,0.4800653415699939,2.6675028948926804e-40,0.28073449842631815,0.03250892997513522,0.00013333919318029075,0.01797053805028554,0.8651139815392159,0.008981249999999965,0.027999999999999973,0.9626875,0.021799999999999996,57.43758983500029,0.7784478659927845,0.4877667865517861,0.3957584976409772,0.49040422494481106,0.4673917550026095,0.6324028291284763,0.43806536580796357,0.3178333333333333,0.5893162393162392,0.020087753517644122,0.039081689099548386,0.031094879426310732,0.11321507269283757,0.05375894629930917,0.01839008159397053,0.01152275906842003,0.0020284323666460297,5315.273,32402.5,/home/joaoabitante/speculative-decoding-unlearning/saves/unlearn/sud/results/original-unlearned/target-Llama-3.2-1B-Instruct/draft-Llama-3.2-1B-Instruct_PDU/forget10/a0.95_k1_s0
original-unlearned,Llama-3.2-1B-Instruct,Llama-3.2-1B-Instruct_PDU,forget10,0.98,1,0,True,0.0486025300793039,0.10135098735109317,0.9474360146401808,0.03812083971357633,0.029038255266885936,0.4324781905756355,9.065302965598115e-53,0.06458212121156975,0.03250892997513522,0.00010484242527468268,0.015023495371642638,0.893516160867098,0.005756249999999967,0.01776874999999997,0.66190625,0.021218749999999995,59.094774342030775,0.7703257314860821,0.4870628393410977,0.3955473692237225,0.4903790816081352,0.46891649011689274,0.6328592454497816,0.432111303011408,0.20116666666666666,0.528062678062678,0.020733758247140525,0.0392500627937261,0.03279021770964376,0.11311020613182336,0.05380457957624367,0.01854134484521637,0.012148423921983722,0.0018585699119505533,3637.303,32402.5,/home/joaoabitante/speculative-decoding-unlearning/saves/unlearn/sud/results/original-unlearned/target-Llama-3.2-1B-Instruct/draft-Llama-3.2-1B-Instruct_PDU/forget10/a0.98_k1_s0
original-unlearned,Llama-3.2-1B-Instruct,Llama-3.2-1B-Instruct_PDU,forget10,0.99,1,0,True,0.05354927082813216,0.09278678407373313,0.9558327401231393,0.03432548619087578,0.038693563620145685,0.4644443568387735,1.8090683286652867e-56,0.037986405612900856,0.03250892997513522,9.704220829348742e-05,0.020187716444197576,0.8995653985146417,0.005149999999999967,0.014949999999999965,0.4426125,0.02109375,59.55133525386385,0.7674646618962288,0.4868304354140598,0.3954685375715103,0.49064134476295446,0.46941447668441144,0.6329165968373802,0.43911551303126856,0.2755,0.5444444444444445,0.019274260740601623,0.03926976418006234,0.033364853325235116,0.11304685526061803,0.0538058851492824,0.01857608054638452,0.012360673135391539,0.001801136409393166,3627.009,32402.5,/home/joaoabitante/speculative-decoding-unlearning/saves/unlearn/sud/results/original-unlearned/target-Llama-3.2-1B-Instruct/draft-Llama-3.2-1B-Instruct_PDU/forget10/a0.99_k1_s0
original-unlearned,Llama-3.2-1B-Instruct,Llama-3.2-1B-Instruct_PDU,forget10,0.995,1,0,True,0.04684010052571802,0.0886414763485235,0.9579122581278673,0.03263338575862238,0.030902077938752902,0.4636498217275136,5.206161267380809e-57,0.031911587608046826,0.03250892997513522,9.338708575114652e-05,0.01598369236875442,0.901640389979071,0.0049249999999999685,0.013749999999999967,0.34130625000000003,0.021018749999999996,59.745702648701894,0.7660039485991001,0.48671469296118686,0.395426930638581,0.49082489474888225,0.4696611702463075,0.6329261995448405,0.4251435079644504,0.30266666666666664,0.4717948717948718,0.02098239118354546,0.0392724182177335,0.03365372716774816,0.11300957326078788,0.0538037868129968,0.018590352418929493,0.012467421171745716,0.0017722418740836474,3730.245,32402.5,/home/joaoabitante/speculative-decoding-unlearning/saves/unlearn/sud/results/original-unlearned/target-Llama-3.2-1B-Instruct/draft-Llama-3.2-1B-Instruct_PDU/forget10/a0.995_k1_s0
original-unlearned,Llama-3.2-1B-Instruct,Llama-3.2-1B-Instruct_RMU,forget01,0.1,1,0,True,0.0,0.0,0.07013275882894571,0.0,0.6742989387345398,0.5565414379727778,0.01430154804770646,0.980168180167675,0.7114399413202885,0.10919250487349927,0.8552621670067311,0.4944102730831338,1.0,1.0,0.999375,1.0,-99.9999999811098,0.8542776747047901,0.4985630515719875,0.4111768958640974,0.5194143457855338,0.42982628626873715,0.6094771430958454,0.5254488037612928,0.687,0.7623931623931623,0.5200638158930048,0.01891954896171228,0.006685499198359928,0.09678331766859628,0.04443019194528685,0.007737924349842917,0.0024691192050078025,0.049137236126698555,0.017,4943.3,/home/joaoabitante/speculative-decoding-unlearning/saves/unlearn/sud/results/original-unlearned/target-Llama-3.2-1B-Instruct/draft-Llama-3.2-1B-Instruct_RMU/forget01/a0.1_k1_s0
original-unlearned,Llama-3.2-1B-Instruct,Llama-3.2-1B-Instruct_RMU,forget01,0.2,1,0,True,0.0,0.0,0.09321206142030825,0.0,0.6428427907463403,0.5457542789986051,0.01430154804770646,0.9728852540254593,0.6624077443505916,0.11963232289999723,0.7819500157609582,0.5169139863135079,1.0,1.0,0.99875,1.0,-99.9999999811098,0.826198978126049,0.4793237487597432,0.40892238214730264,0.5108016480480191,0.4250821655413124,0.60041274965328,0.49859231456364683,0.6536666666666667,0.807977207977208,0.523459667620715,0.022258092984266113,0.008395954056514035,0.10408211087342352,0.04995151970240073,0.009343996976919395,0.0031504823158851215,0.057579833001364024,0.017,4943.3,/home/joaoabitante/speculative-decoding-unlearning/saves/unlearn/sud/results/original-unlearned/target-Llama-3.2-1B-Instruct/draft-Llama-3.2-1B-Instruct_RMU/forget01/a0.2_k1_s0
original-unlearned,Llama-3.2-1B-Instruct,Llama-3.2-1B-Instruct_RMU,forget01,0.3,1,0,True,0.0,0.0,0.1697268446282015,0.0,0.6320307443643428,0.5264409307573469,0.01430154804770646,0.9465487554669381,0.4631707545200749,0.12727151326835157,0.7906046574935317,0.5405347451244047,0.9975,0.998125,0.9968750000000001,1.0,-99.64580871789454,0.7815362191200257,0.4601848593104044,0.40662418134162803,0.500707387132491,0.42123864693254176,0.5948496933036459,0.46330624061310133,0.594,0.7752136752136751,0.43939708500354824,0.026080079997627764,0.010610199083754959,0.10962746082805097,0.05489166857155634,0.011199242565890017,0.004020818915693054,0.06540511713828892,0.017,4943.3,/home/joaoabitante/speculative-decoding-unlearning/saves/unlearn/sud/results/original-unlearned/target-Llama-3.2-1B-Instruct/draft-Llama-3.2-1B-Instruct_RMU/forget01/a0.3_k1_s0
original-unlearned,Llama-3.2-1B-Instruct,Llama-3.2-1B-Instruct_RMU,forget01,0.4,1,0,True,0.0,0.0,0.258125807124006,0.0,0.6178189158079683,0.5129415607565945,0.02860307028023343,0.9099638506770134,0.3222782548402098,0.1301029881462455,0.7766057265223936,0.5667082572216915,0.9862500000000001,0.99125,0.9968750000000001,1.0,-98.34710741943854,0.715784654095769,0.4414298474942566,0.40402234371984086,0.49264804212022717,0.4182564975978204,0.5897826949448534,0.41407071369249565,0.632,0.7723646723646723,0.41432977235492413,0.030365818871941883,0.01347113365165227,0.11246719953138382,0.058676687351987764,0.013276800531893972,0.005125666675871296,0.07152287645731122,0.017,4943.3,/home/joaoabitante/speculative-decoding-unlearning/saves/unlearn/sud/results/original-unlearned/target-Llama-3.2-1B-Instruct/draft-Llama-3.2-1B-Instruct_RMU/forget01/a0.4_k1_s0
original-unlearned,Llama-3.2-1B-Instruct,Llama-3.2-1B-Instruct_RMU,forget01,0.5,1,0,True,0.06727159647542698,0.06677491997718395,0.3631258289227214,0.02495402766937774,0.5656791321901093,0.47630617564203803,0.09707484379785862,0.856217747926712,0.1919993960433048,0.12604181617498397,0.6963384139642586,0.5957126307237223,0.959375,0.9675,0.99,0.994375,-93.86068475204522,0.6272807143628597,0.4219440263571297,0.40083771957470915,0.4848503265324844,0.4159620975040188,0.5838718845328014,0.37568016525544967,0.45166666666666666,0.7239316239316238,0.40511693576732244,0.03502674843766727,0.01714729358642434,0.11156461319653317,0.060664463393204644,0.015493516735089845,0.006519217526964646,0.07451619654428213,775.06,24891.3,/home/joaoabitante/speculative-decoding-unlearning/saves/unlearn/sud/results/original-unlearned/target-Llama-3.2-1B-Instruct/draft-Llama-3.2-1B-Instruct_RMU/forget01/a0.5_k1_s0
original-unlearned,Llama-3.2-1B-Instruct,Llama-3.2-1B-Instruct_RMU,forget01,0.6,1,0,True,0.20071855406151598,0.19568732767501473,0.46637228337286063,0.09114811568799303,0.5461682075834647,0.4514234076696425,0.054141077480362725,0.7892642244696617,0.10492044848433364,0.11362992338836193,0.691247268737061,0.6304597024574112,0.9268750000000001,0.938125,0.975625,0.945,-88.31168829500605,0.5201282455772162,0.4002612466926984,0.396718666773545,0.4789771079312276,0.4139885294150287,0.574683298243034,0.3319985110082612,0.41233333333333333,0.7606837606837606,0.34938584306374276,0.039788160196039826,0.021811247402906585,0.10597248377278447,0.06021657923272141,0.017663839289792427,0.008267094450435549,0.07279065531212836,0.017,4943.3,/home/joaoabitante/speculative-decoding-unlearning/saves/unlearn/sud/results/original-unlearned/target-Llama-3.2-1B-Instruct/draft-Llama-3.2-1B-Instruct_RMU/forget01/a0.6_k1_s0
original-unlearned,Llama-3.2-1B-Instruct,Llama-3.2-1B-Instruct_RMU,forget01,0.7,1,0,True,0.34742945140524834,0.33272181585813415,0.5713716366174558,0.20657111359184496,0.48930279784407954,0.4122998902218169,0.404587405685253,0.6993829786777497,0.0802416663002818,0.09309638109989464,0.6016740391525672,0.6737133558786809,0.855625,0.8768750000000001,0.94375,0.84,-76.74144036330742,0.404191704839468,0.37473816829950396,0.3909336229661793,0.47474583122789427,0.4119335951812972,0.5667275181474031,0.2908163605820431,0.3403333333333333,0.6883190883190883,0.24750912623182755,0.044041750479955226,0.027629955735905334,0.09529755867319181,0.05682944069352379,0.0194744934917253,0.01043393728316019,0.06521552581572906,724.416,24891.3,/home/joaoabitante/speculative-decoding-unlearning/saves/unlearn/sud/results/original-unlearned/target-Llama-3.2-1B-Instruct/draft-Llama-3.2-1B-Instruct_RMU/forget01/a0.7_k1_s0
original-unlearned,Llama-3.2-1B-Instruct,Llama-3.2-1B-Instruct_RMU,forget01,0.8,1,0,True,0.49898127946793575,0.45354270449998124,0.6484531383927916,0.4252250966236559,0.47204936810444476,0.36754368553002,0.404587405685253,0.6183728396892547,0.07102555744294577,0.06726833772845567,0.6595958095625974,0.7144940542538103,0.6743750000000001,0.74125,0.8887499999999999,0.6762499999999999,-51.12160565740324,0.29226541141048074,0.34695584578282,0.38278597078966053,0.4666985219638041,0.4095863219215137,0.5598979132965277,0.23431493760703348,0.29383333333333334,0.6538461538461539,0.21303039575672625,0.046927499435550996,0.034641894174043966,0.08025095666758716,0.050405785099574135,0.020592909579888023,0.013048099420786828,0.05211081730201841,687.301,24891.3,/home/joaoabitante/speculative-decoding-unlearning/saves/unlearn/sud/results/original-unlearned/target-Llama-3.2-1B-Instruct/draft-Llama-3.2-1B-Instruct_RMU/forget01/a0.8_k1_s0
original-unlearned,Llama-3.2-1B-Instruct,Llama-3.2-1B-Instruct_RMU,forget01,0.9,1,0,True,0.5945788966250632,0.5187374228526699,0.7338485548002144,0.7330653168165137,0.4312624102991937,0.3271760070963186,0.2656871402817289,0.5046982765197754,0.060003420370931836,0.0411742310738191,0.6324755208217538,0.7547349009701264,0.46187500000000004,0.541875,0.780625,0.50375,-13.459268002180073,0.19576325819827617,0.31544736917852884,0.3723634135242819,0.45734776790078935,0.40622202609362806,0.5610314528696874,0.20603841838391845,0.28,0.5921652421652421,0.18483892649654637,0.04751284709054744,0.04233802341811038,0.06243558400659822,0.04145529890553735,0.020738485042117342,0.01604569964966528,0.03570503846625798,646.941,24891.3,/home/joaoabitante/speculative-decoding-unlearning/saves/unlearn/sud/results/original-unlearned/target-Llama-3.2-1B-Instruct/draft-Llama-3.2-1B-Instruct_RMU/forget01/a0.9_k1_s0
original-unlearned,Llama-3.2-1B-Instruct,Llama-3.2-1B-Instruct_RMU,forget01,0.95,1,0,True,0.5722724220099142,0.48205711075513547,0.7746850965208016,0.7333063638334612,0.38643983354653966,0.28020659264069625,0.16497269950224194,0.4432515434920788,0.0358045324790429,0.029891150549519806,0.622411351732444,0.7696459033476168,0.37250000000000005,0.4275,0.726875,0.41250000000000003,8.146399053951086,0.15550573255866765,0.2995534274870693,0.36639980351707857,0.45214918261797576,0.4040033100450579,0.5600784664207445,0.16971231935566458,0.18899999999999997,0.5088319088319088,0.13207404453739735,0.04675102711989894,0.046105449076024416,0.05323255966533907,0.03641059004164708,0.02040267269050674,0.017623569631355248,0.027557512149796827,650.502,24891.3,/home/joaoabitante/speculative-decoding-unlearning/saves/unlearn/sud/results/original-unlearned/target-Llama-3.2-1B-Instruct/draft-Llama-3.2-1B-Instruct_RMU/forget01/a0.95_k1_s0
original-unlearned,Llama-3.2-1B-Instruct,Llama-3.2-1B-Instruct_RMU,forget01,0.98,1,0,True,0.5687768264746393,0.47108232506706377,0.7962199001786027,0.6932363228536009,0.38819385749164753,0.272489240432617,0.09707484379785862,0.4049652174115181,0.03304812222263264,0.0240442241251003,0.6746748953592032,0.7786042409448651,0.319375,0.37562500000000004,0.683125,0.359375,17.9456906695734,0.1341831848095171,0.2902329168474604,0.3626289416947464,0.44779814979862514,0.4025032711368583,0.55901933540842,0.1786511928668656,0.18933333333333333,0.5031339031339032,0.1387730281569563,0.045972604523558405,0.04823590675476179,0.04781797810050193,0.03331880115138484,0.020075800660306408,0.018569857333334914,0.023045714750769546,0.017,4943.3,/home/joaoabitante/speculative-decoding-unlearning/saves/unlearn/sud/results/original-unlearned/target-Llama-3.2-1B-Instruct/draft-Llama-3.2-1B-Instruct_RMU/forget01/a0.98_k1_s0
original-unlearned,Llama-3.2-1B-Instruct,Llama-3.2-1B-Instruct_RMU,forget01,0.99,1,0,True,0.545423866696049,0.45949431526322315,0.8029879230322701,0.6636827122971315,0.36387234664279755,0.26477275503859843,0.09707484379785862,0.39170541800558567,0.03304812222263264,0.022271085827378558,0.581527398317121,0.7809457860019238,0.30124999999999996,0.35062499999999996,0.6725000000000001,0.33125000000000004,22.668240845776953,0.1275546990870498,0.28711164802335054,0.36134693841167936,0.4459267725927685,0.4019779955810866,0.558540398318828,0.15698195588065397,0.205,0.4689458689458689,0.13509400023165496,0.04566458262226661,0.04891488160049052,0.04604727818747051,0.03228763258970867,0.019947290854834133,0.018882362229673023,0.021630990782869047,0.017,4943.3,/home/joaoabitante/speculative-decoding-unlearning/saves/unlearn/sud/results/original-unlearned/target-Llama-3.2-1B-Instruct/draft-Llama-3.2-1B-Instruct_RMU/forget01/a0.99_k1_s0
original-unlearned,Llama-3.2-1B-Instruct,Llama-3.2-1B-Instruct_RMU,forget01,0.995,1,0,True,0.5336743264872952,0.45653779795984406,0.8046442775040993,0.6560792388783117,0.3503345369054183,0.2628669366330152,0.09707484379785862,0.3887504119426012,0.03304812222263264,0.02141853291541338,0.5250382836326025,0.7818101397087813,0.29500000000000004,0.34125,0.6637500000000001,0.3237500000000001,24.43919716185326,0.12432993575464935,0.28555947191899445,0.3607020097743805,0.4449052804793002,0.4017107952143723,0.5582762192768279,0.16669439639148131,0.18133333333333332,0.5323361823361823,0.11484354796669546,0.045502030839270444,0.04924760184988753,0.04516978990926873,0.03177289902837584,0.019879514159341242,0.019037754113094347,0.02094216324971057,0.01,4943.3,/home/joaoabitante/speculative-decoding-unlearning/saves/unlearn/sud/results/original-unlearned/target-Llama-3.2-1B-Instruct/draft-Llama-3.2-1B-Instruct_RMU/forget01/a0.995_k1_s0
original-unlearned,Llama-3.2-1B-Instruct,Llama-3.2-1B-Instruct_RMU,forget05,0.1,1,0,True,0.0004511978085844059,0.0004511789041406374,0.09253381905703258,0.00015067821719488565,0.6656695337220724,0.5615329517976279,3.0799540915748314e-12,0.9727133703231812,0.7073353408835398,0.11151443669106811,0.8172241906868294,0.4909028348204898,0.999775,0.999925,0.999525,0.99995,-99.9882371235903,0.8648864745348692,0.5100713112409632,0.4122432439847214,0.5234800324462384,0.43232937843320796,0.613796783671119,0.5700904565464535,0.6086666666666666,0.8094017094017094,0.5625489072707693,0.018880608024846878,0.0065961539053530855,0.09240409424179234,0.041244480926743946,0.007627315515004133,0.0024508405548908057,0.04736494589224458,0.019,4943.3,/home/joaoabitante/speculative-decoding-unlearning/saves/unlearn/sud/results/original-unlearned/target-Llama-3.2-1B-Instruct/draft-Llama-3.2-1B-Instruct_RMU/forget05/a0.1_k1_s0
original-unlearned,Llama-3.2-1B-Instruct,Llama-3.2-1B-Instruct_RMU,forget05,0.2,1,0,True,0.0013109363634992244,0.001310818125809701,0.11539782925797079,0.0004389456188585353,0.6295688584310125,0.5571622711566095,2.8873674273022313e-11,0.9651139727234841,0.654692851790046,0.12236192214302719,0.723605780552607,0.5095460220623076,0.9995,0.999675,0.9995499999999999,0.99985,-99.94902758783735,0.8569284854829311,0.502708641941609,0.41075333703950095,0.5194144513842794,0.42978563701021805,0.6089492462082233,0.5370413367274125,0.6495000000000001,0.7894586894586894,0.5240098308077681,0.022272998469270534,0.008158494431619636,0.09601601675967686,0.04363400220580441,0.00913644544687789,0.0031160843955801466,0.05522530631488189,0.019,4943.3,/home/joaoabitante/speculative-decoding-unlearning/saves/unlearn/sud/results/original-unlearned/target-Llama-3.2-1B-Instruct/draft-Llama-3.2-1B-Instruct_RMU/forget05/a0.2_k1_s0
original-unlearned,Llama-3.2-1B-Instruct,Llama-3.2-1B-Instruct_RMU,forget05,0.3,1,0,True,0.0037276611115217594,0.003727265932908968,0.17772331585662657,0.0012540080502840597,0.5799056564312918,0.5525638203809956,2.8873674273022313e-11,0.9431483829021454,0.46770680232937667,0.12783242884092033,0.6100941973831504,0.5285375270790875,0.9978,0.99895,0.9994,0.9994999999999999,-99.83531993415382,0.8461570140719413,0.49548804037618654,0.4090422837300418,0.5156191349494111,0.42777217622022407,0.6039514532483583,0.5134469344594556,0.6586666666666667,0.8037037037037037,0.45838547209240404,0.026340159172541462,0.010159100186378537,0.09926628251210787,0.04590383486806713,0.01095896420368566,0.00398633862243931,0.06111951124481856,0.019,4943.3,/home/joaoabitante/speculative-decoding-unlearning/saves/unlearn/sud/results/original-unlearned/target-Llama-3.2-1B-Instruct/draft-Llama-3.2-1B-Instruct_RMU/forget05/a0.3_k1_s0
original-unlearned,Llama-3.2-1B-Instruct,Llama-3.2-1B-Instruct_RMU,forget05,0.4,1,0,True,0.018249259755654543,0.0182793685303629,0.2818653923267822,0.006300427456066323,0.47102109332416053,0.5398773409010833,1.2127544312107394e-10,0.8973896729946137,0.32710145829957665,0.12229082413949072,0.4177420470718062,0.5494126315804596,0.9883000000000001,0.9927,0.9986,0.99385,-98.85508154033013,0.8320198641717433,0.4884539708735592,0.4070795791162394,0.5129997517349595,0.4262933067313136,0.5974544416925621,0.49534140424389383,0.5878333333333333,0.7837606837606836,0.32745107324826145,0.031239226612087806,0.012752742280665003,0.10205741737969219,0.04799740365828143,0.013166278665169862,0.005137329355488395,0.06213117213221267,0.019,4943.3,/home/joaoabitante/speculative-decoding-unlearning/saves/unlearn/sud/results/original-unlearned/target-Llama-3.2-1B-Instruct/draft-Llama-3.2-1B-Instruct_RMU/forget05/a0.4_k1_s0
original-unlearned,Llama-3.2-1B-Instruct,Llama-3.2-1B-Instruct_RMU,forget05,0.5,1,0,True,0.06493901408499168,0.06783587262633917,0.4198331832514935,0.0250244392460335,0.25944667358616397,0.5314753260297755,3.602472544567432e-09,0.8172096884250641,0.1709096435464381,0.099622941641137,0.17161023358406965,0.5746937204945312,0.93775,0.956775,0.995725,0.935425,-93.22067125263165,0.8139277497678995,0.48169722656451014,0.4048536956820786,0.5114580677623893,0.42530232416067804,0.5900457072512054,0.4795833261551499,0.561,0.7749287749287749,0.21266259934951603,0.03715351067890879,0.01616157011120287,0.10428985317470506,0.04985531324288672,0.01584503155730393,0.006678394218810022,0.054581069196108736,1164.777,27406.4,/home/joaoabitante/speculative-decoding-unlearning/saves/unlearn/sud/results/original-unlearned/target-Llama-3.2-1B-Instruct/draft-Llama-3.2-1B-Instruct_RMU/forget05/a0.5_k1_s0
original-unlearned,Llama-3.2-1B-Instruct,Llama-3.2-1B-Instruct_RMU,forget05,0.6,1,0,True,0.16831892471894191,0.20274517352547508,0.57075069280084,0.08972832536206432,0.20298482826174916,0.5262968141049488,1.1150402145378719e-05,0.6871439610421658,0.07876646617387817,0.060567026967182754,0.12574053897784324,0.6016910226235203,0.697125,0.8103999999999999,0.9858,0.6080750000000001,-70.26348806928111,0.7912725338339806,0.4753761433239125,0.40238056681911233,0.5095869679197589,0.42474975178139435,0.5806492575021389,0.44456903405544684,0.6095,0.758119658119658,0.12904770224492648,0.044283655917388386,0.02070611055113791,0.1058554088382516,0.051412219616151555,0.019093997992361743,0.008765927155970679,0.036857656923122706,0.019,4943.3,/home/joaoabitante/speculative-decoding-unlearning/saves/unlearn/sud/results/original-unlearned/target-Llama-3.2-1B-Instruct/draft-Llama-3.2-1B-Instruct_RMU/forget05/a0.6_k1_s0
original-unlearned,Llama-3.2-1B-Instruct,Llama-3.2-1B-Instruct_RMU,forget05,0.7,1,0,True,0.241520984987648,0.36717061046927973,0.7221404977958248,0.2060518860066735,0.1617243103780568,0.5174189192826351,0.00018395764501293307,0.47414797261357305,0.042787055188579864,0.02377469352912158,0.09584001987837837,0.6376089759707431,0.203675,0.4003749999999999,0.9641249999999999,0.1643,-5.955928480872639,0.7633869213610888,0.4693764918457424,0.3997240204673854,0.5071563809510724,0.42460953822972225,0.5690840849342167,0.4206257894663591,0.6153333333333333,0.7324786324786324,0.08571836093073891,0.052822278710082174,0.02683554468959713,0.10662933262763545,0.05259285993662706,0.023014182732561794,0.011608979101662684,0.017313364171190185,979.19,27406.4,/home/joaoabitante/speculative-decoding-unlearning/saves/unlearn/sud/results/original-unlearned/target-Llama-3.2-1B-Instruct/draft-Llama-3.2-1B-Instruct_RMU/forget05/a0.7_k1_s0
original-unlearned,Llama-3.2-1B-Instruct,Llama-3.2-1B-Instruct_RMU,forget05,0.8,1,0,True,0.25123483883323683,0.4064548201749185,0.8248443495473843,0.23908975159593807,0.15276179500370837,0.503521011180705,0.03956202584899502,0.25790650833398104,0.03414131827497627,0.006540462310367729,0.09003927637182642,0.6849648199009931,0.08775000000000004,0.11822500000000002,0.897325,0.06760000000000001,38.2959535699034,0.7296143700927495,0.4637241331202728,0.3969739490394833,0.503527411675973,0.42479707954483664,0.5639261069022863,0.39881053910562164,0.557,0.7082621082621082,0.07222463034763571,0.06288597639417276,0.03515309699004218,0.10646824234398082,0.053309517782334295,0.027692358200632348,0.015445243949384195,0.007072902763320598,926.396,27406.4,/home/joaoabitante/speculative-decoding-unlearning/saves/unlearn/sud/results/original-unlearned/target-Llama-3.2-1B-Instruct/draft-Llama-3.2-1B-Instruct_RMU/forget05/a0.8_k1_s0
original-unlearned,Llama-3.2-1B-Instruct,Llama-3.2-1B-Instruct_RMU,forget05,0.9,1,0,True,0.24940515755660755,0.38168263343503106,0.8783963081102586,0.213018722471952,0.16140072093867255,0.4933224252878184,0.0002829222008740643,0.1305757322907448,0.03265219234440614,0.0016715056098837522,0.09648368553884211,0.7309203573568894,0.06282500000000002,0.06492500000000001,0.701075,0.0523,46.65542659243172,0.6893272218853235,0.45828186374005225,0.3942698923220482,0.49907704626758564,0.42490031988816257,0.5647556122529617,0.388218904282706,0.5033333333333333,0.7225071225071225,0.060399341384335475,0.07441031671129167,0.04625532365737769,0.10520428269403055,0.0534598965872865,0.033166907287474415,0.020465327962847144,0.003741876866864914,869.949,27406.4,/home/joaoabitante/speculative-decoding-unlearning/saves/unlearn/sud/results/original-unlearned/target-Llama-3.2-1B-Instruct/draft-Llama-3.2-1B-Instruct_RMU/forget05/a0.9_k1_s0
original-unlearned,Llama-3.2-1B-Instruct,Llama-3.2-1B-Instruct_RMU,forget05,0.95,1,0,True,0.2513980571879777,0.35618048325030094,0.8897823725130097,0.1912089558423023,0.1792270292182174,0.48333805228670923,1.8266119303942767e-05,0.09211962173692882,0.03265219234440614,0.0009013419264738331,0.11000996246060822,0.7356413376055709,0.052450000000000004,0.05270000000000001,0.5407,0.049475,48.57277289075084,0.6665472202003002,0.4556339517782338,0.39301403767992105,0.4972927824693732,0.42464340929332445,0.5654670110257918,0.3584417218095126,0.51,0.6683760683760683,0.0597696124903964,0.08063233121531084,0.052818404580485104,0.10410262400284409,0.05328972485224222,0.03617421184448176,0.023447490111999692,0.00306721543659296,884.847,27406.4,/home/joaoabitante/speculative-decoding-unlearning/saves/unlearn/sud/results/original-unlearned/target-Llama-3.2-1B-Instruct/draft-Llama-3.2-1B-Instruct_RMU/forget05/a0.95_k1_s0
original-unlearned,Llama-3.2-1B-Instruct,Llama-3.2-1B-Instruct_RMU,forget05,0.98,1,0,True,0.22845439807283824,0.3368923606015399,0.8912610073670457,0.1775748574732112,0.15678183551513056,0.4647946443646432,2.3797467071606504e-06,0.07511745893396438,0.03265219234440614,0.0006428398567095428,0.094294325420924,0.7286467504979203,0.04760000000000001,0.04725000000000001,0.44689999999999996,0.0478,49.42754077016507,0.6520020411163568,0.4541424059607831,0.3923097367354892,0.4960250071607287,0.42432156381617864,0.5652784149609187,0.3496108974820936,0.39616666666666667,0.6441595441595441,0.05834094425884778,0.08447982745943591,0.056977633968491655,0.10327971336664632,0.05310198503054561,0.03804466504152514,0.025388855715904126,0.0027839334983691512,0.019,4943.3,/home/joaoabitante/speculative-decoding-unlearning/saves/unlearn/sud/results/original-unlearned/target-Llama-3.2-1B-Instruct/draft-Llama-3.2-1B-Instruct_RMU/forget05/a0.98_k1_s0
original-unlearned,Llama-3.2-1B-Instruct,Llama-3.2-1B-Instruct_RMU,forget05,0.99,1,0,True,0.23548828883490508,0.33268181567492144,0.891101735025979,0.17236726306768904,0.1719479029263673,0.4775883517501573,1.3921047931216453e-06,0.07073172009550036,0.03265219234440614,0.0005774813526204525,0.10484843698970508,0.7254905930194607,0.04617500000000001,0.045325000000000004,0.41762499999999997,0.04745,49.729454195462765,0.6470069142431021,0.45366324610228015,0.39208443984152,0.4955281216087689,0.42418277425094897,0.5651173478317937,0.3617583952495469,0.45699999999999996,0.6911680911680911,0.05237752892760801,0.08577792887983378,0.05838759896819555,0.10297754427883773,0.05302458729507634,0.03867658620996129,0.02606085730015183,0.002701599177968547,0.019,4943.3,/home/joaoabitante/speculative-decoding-unlearning/saves/unlearn/sud/results/original-unlearned/target-Llama-3.2-1B-Instruct/draft-Llama-3.2-1B-Instruct_RMU/forget05/a0.99_k1_s0
original-unlearned,Llama-3.2-1B-Instruct,Llama-3.2-1B-Instruct_RMU,forget05,0.995,1,0,True,0.24185043633465447,0.3291803148510918,0.8910007056089739,0.17025704238573003,0.1848922758668777,0.4722013993917158,8.056669472003223e-07,0.06844108211807906,0.03265219234440614,0.0005478714693686015,0.11495086475668359,0.723818223466165,0.045525,0.044750000000000005,0.404575,0.047174999999999995,49.81963612769456,0.6444820324331522,0.45342421038396563,0.39197357637717006,0.4952653730685621,0.42410743288395636,0.5650188874038214,0.35165297128729006,0.4403333333333333,0.6712250712250712,0.05644580549236466,0.08642952154332306,0.05909576564229991,0.10282116976100951,0.052983067970839334,0.038993854989579024,0.026401440878220342,0.0026621806408911653,0.019,4943.3,/home/joaoabitante/speculative-decoding-unlearning/saves/unlearn/sud/results/original-unlearned/target-Llama-3.2-1B-Instruct/draft-Llama-3.2-1B-Instruct_RMU/forget05/a0.995_k1_s0
original-unlearned,Llama-3.2-1B-Instruct,Llama-3.2-1B-Instruct_RMU,forget10,0.1,1,0,True,0.012872069216285777,0.012857583988737232,0.09538244684629908,0.0045233863232348424,0.6643019934506449,0.5656410400032307,3.4004838027527454e-21,0.9718659067153931,0.6921450463683081,0.1136488423263654,0.8046520210808376,0.4960637964443075,0.9958625,0.9961125000000001,0.9985187499999999,0.9969250000000001,-99.37033061094202,0.8668981878459454,0.5140149682417907,0.4131949935376272,0.524880511798148,0.43372584783072765,0.6166454874328623,0.5612253695713266,0.6345000000000001,0.8321937321937323,0.543877737813874,0.017968534929168528,0.006377540903688189,0.09160119535401463,0.04048864945995099,0.007183614760909523,0.0023192112027833924,0.04991987411834998,1007.238,32402.5,/home/joaoabitante/speculative-decoding-unlearning/saves/unlearn/sud/results/original-unlearned/target-Llama-3.2-1B-Instruct/draft-Llama-3.2-1B-Instruct_RMU/forget10/a0.1_k1_s0
original-unlearned,Llama-3.2-1B-Instruct,Llama-3.2-1B-Instruct_RMU,forget10,0.2,1,0,True,0.013241577273777958,0.01323207394224068,0.1178015484520587,0.004620052184699496,0.6163371851271437,0.5601600015702229,2.8138576976529647e-20,0.9645689114928245,0.622536221549888,0.12479713213630021,0.6850381129054586,0.5155285588172062,0.9949937500000001,0.9953625,0.99883125,0.99576875,-99.24885098916826,0.8621833833307028,0.5105818122732321,0.4127539053835636,0.5224877363746654,0.4320314010033616,0.6129405942877179,0.5624159808303689,0.625,0.7766381766381767,0.48326823009713266,0.020133096274148558,0.007605873743233312,0.09456905556609854,0.042141139471693956,0.008096376469337276,0.0027901440730500465,0.05808774867793545,1042.131,32402.5,/home/joaoabitante/speculative-decoding-unlearning/saves/unlearn/sud/results/original-unlearned/target-Llama-3.2-1B-Instruct/draft-Llama-3.2-1B-Instruct_RMU/forget10/a0.2_k1_s0
original-unlearned,Llama-3.2-1B-Instruct,Llama-3.2-1B-Instruct_RMU,forget10,0.3,1,0,True,0.01502908458189812,0.015047755735436756,0.16975071315794682,0.005216858224787881,0.4912284640337003,0.5592734038770489,2.213522258546535e-19,0.9460774682462215,0.49848866931853336,0.1291745980642736,0.4379451325017726,0.5328974115414669,0.9933375,0.99414375,0.9988625,0.993725,-99.05144660378588,0.8561396201699972,0.507300870233657,0.41217742260503265,0.5195862330554563,0.43036787570511775,0.6076697277153853,0.552207119706016,0.6236666666666667,0.8205128205128205,0.39529083448465985,0.02256216239533387,0.009099696405957971,0.0973755371326115,0.043717695951869216,0.009127641192577965,0.0033754601237674193,0.06333669930935139,1229.478,32402.5,/home/joaoabitante/speculative-decoding-unlearning/saves/unlearn/sud/results/original-unlearned/target-Llama-3.2-1B-Instruct/draft-Llama-3.2-1B-Instruct_RMU/forget10/a0.3_k1_s0
original-unlearned,Llama-3.2-1B-Instruct,Llama-3.2-1B-Instruct_RMU,forget10,0.4,1,0,True,0.022974312281019992,0.023263615141292163,0.26141718159842486,0.008108286407788738,0.29199654907763595,0.5553035729288869,1.6558004532094654e-18,0.9076382887363433,0.34236952487783623,0.1180884494446218,0.19807552897982533,0.5495397998068823,0.9834625,0.98825,0.9985187499999999,0.9864687500000001,-98.09681924268034,0.8485104183107615,0.5041454909452472,0.41141538742969835,0.5186454315384649,0.42890906099547804,0.6027397487352572,0.5250030160904414,0.6736666666666667,0.7652421652421653,0.2476786376903518,0.025293750849814386,0.010926249752887258,0.09994730703881942,0.04518725340361374,0.01029651113498403,0.0041085060708948235,0.06100487822399009,1542.807,32402.5,/home/joaoabitante/speculative-decoding-unlearning/saves/unlearn/sud/results/original-unlearned/target-Llama-3.2-1B-Instruct/draft-Llama-3.2-1B-Instruct_RMU/forget10/a0.4_k1_s0
original-unlearned,Llama-3.2-1B-Instruct,Llama-3.2-1B-Instruct_RMU,forget10,0.5,1,0,True,0.05391675207356549,0.06078529113719313,0.4024761773151565,0.022196175063965817,0.12339726526202552,0.5504732809667098,9.456104707095184e-16,0.829679599404335,0.18186015777327427,0.08332410529721529,0.06948692787402251,0.5701234398920689,0.9236125,0.9522812500000001,0.99658125,0.89295,-92.27085904844675,0.8389894592016935,0.5010783966043202,0.41040364961623554,0.5173289474392222,0.427793071388866,0.5960135324722516,0.5170090441149173,0.6345000000000001,0.7894586894586894,0.12183750728121778,0.028370554060675204,0.013171456068611849,0.10221308456733823,0.046519689670769165,0.011626472245328236,0.005034221698120782,0.0461384154765401,1833.904,32402.5,/home/joaoabitante/speculative-decoding-unlearning/saves/unlearn/sud/results/original-unlearned/target-Llama-3.2-1B-Instruct/draft-Llama-3.2-1B-Instruct_RMU/forget10/a0.5_k1_s0
original-unlearned,Llama-3.2-1B-Instruct,Llama-3.2-1B-Instruct_RMU,forget10,0.6,1,0,True,0.09081163112005135,0.12545519149783027,0.5848738351448208,0.049131818249094905,0.09113912395648856,0.5406163091855317,6.027592497096867e-11,0.6715526570379734,0.08329645933289331,0.03690593468374573,0.04976428700290853,0.600503819799972,0.5390874999999999,0.78473125,0.99313125,0.40703125,-65.13231154418703,0.82740069296211,0.4981893554085049,0.4090967447809329,0.5154208945972782,0.42701873844328125,0.587842609375427,0.4855944249602523,0.6386666666666667,0.7250712250712251,0.06262662030672222,0.03184482380544068,0.01594773826771136,0.10419553958345204,0.04772926217375835,0.013144542570286527,0.006213037858503737,0.023183148987474853,1333.689,32402.5,/home/joaoabitante/speculative-decoding-unlearning/saves/unlearn/sud/results/original-unlearned/target-Llama-3.2-1B-Instruct/draft-Llama-3.2-1B-Instruct_RMU/forget10/a0.6_k1_s0
original-unlearned,Llama-3.2-1B-Instruct,Llama-3.2-1B-Instruct_RMU,forget10,0.7,1,0,True,0.10876393591976563,0.1694887672410841,0.764986322205281,0.06876195903469501,0.08523307521788545,0.5404966237649002,2.1316067663008397e-06,0.3781031948700547,0.038861254698059226,0.00923243946977891,0.04626434222751413,0.6364898936675958,0.0892875,0.28936249999999997,0.9891937500000001,0.07405624999999999,15.103966307205132,0.8141495404951274,0.4953056797480453,0.40744979331524583,0.5137737692302846,0.426604253255947,0.5839781131993594,0.4798162685949093,0.632,0.780911680911681,0.04537303665167412,0.0357769865647424,0.019409233086996686,0.10595756772905589,0.048853468598292975,0.014880251661537235,0.007724454559087867,0.007922277349614888,1477.903,32402.5,/home/joaoabitante/speculative-decoding-unlearning/saves/unlearn/sud/results/original-unlearned/target-Llama-3.2-1B-Instruct/draft-Llama-3.2-1B-Instruct_RMU/forget10/a0.7_k1_s0
original-unlearned,Llama-3.2-1B-Instruct,Llama-3.2-1B-Instruct_RMU,forget10,0.8,1,0,True,0.1450937572488167,0.2590859847377632,0.8572143631849228,0.11723491151533065,0.09107605671071199,0.531147619858651,0.0022938851536275073,0.1424996638484299,0.03266909013529538,0.0017598006748448824,0.04980835592461517,0.6827980991676008,0.05419375,0.06573749999999998,0.9615125,0.040756249999999994,51.32514019941687,0.7991973526636138,0.49220375354270923,0.4052922946004662,0.5114059670361427,0.4267167666831893,0.5827960754275908,0.4474499842680329,0.5961666666666666,0.7891737891737891,0.04057304455751492,0.04022270813962678,0.023770047404422002,0.1074800240364857,0.049871026825197305,0.016864820015968385,0.009667948155117985,0.0032312154346400344,1313.598,32402.5,/home/joaoabitante/speculative-decoding-unlearning/saves/unlearn/sud/results/original-unlearned/target-Llama-3.2-1B-Instruct/draft-Llama-3.2-1B-Instruct_RMU/forget10/a0.8_k1_s0
original-unlearned,Llama-3.2-1B-Instruct,Llama-3.2-1B-Instruct_RMU,forget10,0.9,1,0,True,0.14156732708271413,0.289344938407236,0.8960833442693081,0.1362608523681205,0.07851451933585407,0.5226257474382203,5.974773347845895e-08,0.05825344449840486,0.03250892997513522,0.000486405725368968,0.04244557763988269,0.7310338232812452,0.04518124999999999,0.047199999999999985,0.8393312500000001,0.032775,54.32771151759184,0.7818409321263607,0.4890264175650886,0.4025823454277612,0.5077036400092091,0.4271968678285128,0.5808883472422732,0.4362865605905364,0.5766666666666667,0.7381766381766381,0.03571013079029439,0.045237406851956624,0.029299739239824204,0.1086354211419166,0.05071839648817388,0.019121612809176444,0.012161565628459452,0.0021690006248666124,1330.2,32402.5,/home/joaoabitante/speculative-decoding-unlearning/saves/unlearn/sud/results/original-unlearned/target-Llama-3.2-1B-Instruct/draft-Llama-3.2-1B-Instruct_RMU/forget10/a0.9_k1_s0
original-unlearned,Llama-3.2-1B-Instruct,Llama-3.2-1B-Instruct_RMU,forget10,0.95,1,0,True,0.13068874242731957,0.2795642363243687,0.9042872227257784,0.13025503432627164,0.07056059719571581,0.5133742862614462,2.196072998681761e-11,0.04006625595735386,0.03250892997513522,0.0003390636176118278,0.037883760472032006,0.7420080167012992,0.040924999999999996,0.04141249999999999,0.70098125,0.0301125,55.26512926561276,0.7720610945435328,0.48796849288005034,0.40110994673608114,0.5051465058969401,0.4274795557447472,0.5792192637817077,0.4224218597714701,0.5328333333333333,0.7122507122507123,0.0358756748265718,0.04796179361466784,0.032589771344397826,0.1090374452841388,0.05105983122738895,0.020354140707204347,0.0136554884212896,0.0019526614082352577,1296.736,32402.5,/home/joaoabitante/speculative-decoding-unlearning/saves/unlearn/sud/results/original-unlearned/target-Llama-3.2-1B-Instruct/draft-Llama-3.2-1B-Instruct_RMU/forget10/a0.95_k1_s0
original-unlearned,Llama-3.2-1B-Instruct,Llama-3.2-1B-Instruct_RMU,forget10,0.98,1,0,True,0.14381056369369194,0.27090441601082815,0.9063539968718434,0.12458173416679588,0.08524716226207497,0.5144466788393727,1.02724452984523e-14,0.03227276035118848,0.03250892997513522,0.00029263594879466834,0.0464741125638102,0.7429179649802562,0.038068749999999985,0.03839999999999999,0.5933875000000001,0.028912499999999994,55.75307241307071,0.7658035982284491,0.48742854599122354,0.4002082177703608,0.503325259145742,0.4276383946082439,0.578629177463868,0.4330479251630953,0.5691666666666666,0.6584045584045584,0.034795109521827176,0.049660028723301365,0.034746926156299,0.10921533855990219,0.05123471026224593,0.021126242401781688,0.014639700726357941,0.0018522735699033034,1063.125,32402.5,/home/joaoabitante/speculative-decoding-unlearning/saves/unlearn/sud/results/original-unlearned/target-Llama-3.2-1B-Instruct/draft-Llama-3.2-1B-Instruct_RMU/forget10/a0.98_k1_s0
original-unlearned,Llama-3.2-1B-Instruct,Llama-3.2-1B-Instruct_RMU,forget10,0.99,1,0,True,0.13660144958568182,0.2670231544449389,0.9066935328274903,0.12235205681573409,0.07882919660158323,0.5104811331224013,1.730834713171486e-15,0.029615085881669074,0.03250892997513522,0.0002808500672372816,0.04271245634074148,0.7422621719935657,0.03724375,0.03730624999999999,0.5567875,0.028449999999999993,55.93023019482413,0.7636501404162209,0.48726161583076183,0.39990578740952165,0.502665766214079,0.427687749946351,0.5785351508863436,0.4181170089912812,0.5186666666666667,0.7182336182336182,0.03310435297159672,0.05023581311979797,0.03549713967081943,0.1092635406539648,0.05128772667994099,0.021388898997320206,0.01498293419134089,0.0018215375959509288,1058.494,32402.5,/home/joaoabitante/speculative-decoding-unlearning/saves/unlearn/sud/results/original-unlearned/target-Llama-3.2-1B-Instruct/draft-Llama-3.2-1B-Instruct_RMU/forget10/a0.99_k1_s0
original-unlearned,Llama-3.2-1B-Instruct,Llama-3.2-1B-Instruct_RMU,forget10,0.995,1,0,True,0.1322113169308152,0.2657981252101144,0.9067452220520638,0.12132385319150384,0.07493050621570718,0.5150621011139043,5.137999089404319e-16,0.028808869442436845,0.03250892997513522,0.00027546485050635285,0.04040422809543088,0.741926590417688,0.03674999999999999,0.03683124999999999,0.5390874999999999,0.028318749999999993,56.00716728861418,0.7625605286903192,0.48717876386679065,0.39975430367310866,0.5024082895718501,0.4277113980189782,0.5785248796447368,0.4216861338071952,0.5433333333333333,0.7467236467236468,0.03490728292067162,0.05052543318015523,0.03587808339990517,0.10928551140382751,0.05131321642628973,0.02152119486512674,0.01515743881411566,0.0018065593313562262,1066.519,32402.5,/home/joaoabitante/speculative-decoding-unlearning/saves/unlearn/sud/results/original-unlearned/target-Llama-3.2-1B-Instruct/draft-Llama-3.2-1B-Instruct_RMU/forget10/a0.995_k1_s0
original-unlearned,Llama-3.2-1B-Instruct,Llama-3.2-1B-Instruct_SatImp,forget01,0.1,1,0,True,0.0,0.0,0.07551178536261549,0.0,0.6682696245873112,0.568257937671777,0.006760732303569208,0.9783689498901367,0.7157886046079053,0.09614780442789198,0.8110038640210405,0.4723353947899739,1.0,1.0,0.999375,1.0,-99.9999999811098,0.8721894095093012,0.5180795817114419,0.41387060556526756,0.5282274321446564,0.43550281218673553,0.6200238187986107,0.5746688661876627,0.657,0.780911680911681,0.5906035523706108,0.015857480522281548,0.005258396330561042,0.08677826809347607,0.03795544369965611,0.006297727084653009,0.0018926249514266765,0.04029448141925968,0.017,4943.3,/home/joaoabitante/speculative-decoding-unlearning/saves/unlearn/sud/results/original-unlearned/target-Llama-3.2-1B-Instruct/draft-Llama-3.2-1B-Instruct_SatImp/forget01/a0.1_k1_s0
original-unlearned,Llama-3.2-1B-Instruct,Llama-3.2-1B-Instruct_SatImp,forget01,0.2,1,0,True,0.0,0.0,0.09850115715767695,0.0,0.6855532422907353,0.5677084073757371,0.006760732303569208,0.9713800117373467,0.5912312333104026,0.09474881417118013,0.8651385957375168,0.4723647597645071,0.999375,1.0,0.9987499999999999,1.0,-99.9999999811098,0.8733005417138338,0.5185806349591334,0.41420158774116855,0.5294022827568433,0.43568823015199615,0.6209788527562206,0.5899788141645457,0.612,0.805128205128205,0.5688275494331224,0.015679155497309694,0.00515717725045136,0.08499682083085645,0.037107832099290194,0.00622113083027216,0.0018486004837775904,0.039682310447678906,0.017,4943.3,/home/joaoabitante/speculative-decoding-unlearning/saves/unlearn/sud/results/original-unlearned/target-Llama-3.2-1B-Instruct/draft-Llama-3.2-1B-Instruct_SatImp/forget01/a0.2_k1_s0
original-unlearned,Llama-3.2-1B-Instruct,Llama-3.2-1B-Instruct_SatImp,forget01,0.3,1,0,True,0.0,0.0,0.13382548496548935,0.0,0.6825802980321412,0.5675829627749676,0.006760732303569208,0.9594742059707642,0.49868513017537897,0.09324345802888274,0.8560169044998475,0.47249052022597204,0.9987499999999999,0.999375,0.998125,1.0,-99.88193622670471,0.8738485416769981,0.5190850015850902,0.4145241462101928,0.5305490676363891,0.4358822444607732,0.6217859147257975,0.577759215450093,0.6181666666666666,0.807977207977208,0.5513856031491429,0.015499490097354282,0.005057928178893148,0.08318597286881413,0.036247404645220194,0.006144389495290548,0.0018055881201120773,0.039027325602946805,0.017,4943.3,/home/joaoabitante/speculative-decoding-unlearning/saves/unlearn/sud/results/original-unlearned/target-Llama-3.2-1B-Instruct/draft-Llama-3.2-1B-Instruct_SatImp/forget01/a0.3_k1_s0
original-unlearned,Llama-3.2-1B-Instruct,Llama-3.2-1B-Instruct_SatImp,forget01,0.4,1,0,True,0.0,0.0,0.17023619484935948,0.0,0.7051025108637202,0.5657799566497543,0.006760732303569208,0.9459661677479744,0.4361529749586957,0.09163146875798703,0.9354577168822289,0.4727156033043894,0.998125,0.9987499999999999,0.995625,1.0,-99.76387247229961,0.8738697459548712,0.5195932446376237,0.4148402035624691,0.531667262738742,0.43608493667420895,0.6230703064561666,0.5836405317171716,0.6095,0.7723646723646723,0.561800973086785,0.01531878701691312,0.004960605665025783,0.08135207503044511,0.03537727720748281,0.006067525577028238,0.001763579624498369,0.038331437178421766,0.017,4943.3,/home/joaoabitante/speculative-decoding-unlearning/saves/unlearn/sud/results/original-unlearned/target-Llama-3.2-1B-Instruct/draft-Llama-3.2-1B-Instruct_SatImp/forget01/a0.4_k1_s0
original-unlearned,Llama-3.2-1B-Instruct,Llama-3.2-1B-Instruct_SatImp,forget01,0.5,1,0,True,0.0,0.0,0.2318891924821365,0.0,0.688711855782328,0.5673067442254196,0.006760732303569208,0.9205245181918145,0.31241435077234103,0.0899129930883646,0.8762266203761101,0.4730456499985144,0.9924999999999999,0.995625,0.9924999999999999,1.0,-99.17355370027417,0.8733957526832818,0.5201298961553751,0.41515163588705256,0.5327561896045815,0.4362965518960312,0.6244183539421478,0.5674312135020887,0.6295000000000001,0.7894586894586896,0.49153737511403933,0.015137310444260947,0.004865169225913983,0.07950078721856699,0.034500268282589,0.00599055474532482,0.0017225671212674127,0.03759690427628811,1388.58,24891.3,/home/joaoabitante/speculative-decoding-unlearning/saves/unlearn/sud/results/original-unlearned/target-Llama-3.2-1B-Instruct/draft-Llama-3.2-1B-Instruct_SatImp/forget01/a0.5_k1_s0
original-unlearned,Llama-3.2-1B-Instruct,Llama-3.2-1B-Instruct_SatImp,forget01,0.6,1,0,True,0.013147235354698727,0.01312934482508454,0.27115600273697515,0.004483403577290885,0.6886534996834024,0.5672014033623182,0.006760732303569208,0.9015501663088799,0.27829245739210806,0.08809195565991104,0.8762890379875898,0.47348627600149235,0.9887499999999999,0.99,0.9893749999999999,0.999375,-98.11097991062839,0.8724507591873407,0.5206677097286828,0.41546099778377615,0.5338159778199675,0.4365172188672939,0.6256626110134608,0.5656887610494004,0.6086666666666667,0.8193732193732194,0.5060331548630851,0.01495531618838868,0.004771586958567504,0.07763726266799495,0.03361891692093783,0.005913490551613829,0.0016825412213258982,0.03682643038919196,0.017,4943.3,/home/joaoabitante/speculative-decoding-unlearning/saves/unlearn/sud/results/original-unlearned/target-Llama-3.2-1B-Instruct/draft-Llama-3.2-1B-Instruct_SatImp/forget01/a0.6_k1_s0
original-unlearned,Llama-3.2-1B-Instruct,Llama-3.2-1B-Instruct_SatImp,forget01,0.7,1,0,True,0.03298089338957655,0.03288795768947951,0.29763560519051674,0.011617623443011585,0.6553856138390055,0.5608960592634286,0.006760732303569208,0.8876816347241402,0.2493493491589906,0.08617859084624797,0.7881605518050492,0.4740447472423709,0.983125,0.9875,0.978125,0.998125,-97.63872489300805,0.8710498042404652,0.5212132310786834,0.41577002051958806,0.5348461859518562,0.4367474159264378,0.6268047496182638,0.5685259542168342,0.552,0.8008547008547008,0.45326635364572854,0.014773012411278614,0.004679824557201954,0.07576625985326245,0.03273553530153636,0.005836334011958873,0.0016434883007927458,0.0360230848705396,1398.865,24891.3,/home/joaoabitante/speculative-decoding-unlearning/saves/unlearn/sud/results/original-unlearned/target-Llama-3.2-1B-Instruct/draft-Llama-3.2-1B-Instruct_SatImp/forget01/a0.7_k1_s0
original-unlearned,Llama-3.2-1B-Instruct,Llama-3.2-1B-Instruct_SatImp,forget01,0.8,1,0,True,0.049965277425454424,0.04973645318887868,0.3303010495828484,0.018006490309604994,0.6763044568300486,0.5698460518208232,0.006760732303569208,0.868837670981884,0.2233727907039839,0.08418701668269932,0.8316782443493139,0.474725834593208,0.98,0.9818749999999999,0.9725,0.996875,-96.57615110336224,0.8692032058537006,0.5218612667977595,0.4160803842623334,0.5358461207588643,0.4369873952209248,0.6278457130681905,0.5781496909196039,0.6208333333333332,0.8091168091168092,0.46644765278691497,0.01459058499243838,0.004589844131667071,0.07389231511566323,0.03185231532292231,0.005759090641393338,0.001605399135872822,0.03519031782750971,1393.757,24891.3,/home/joaoabitante/speculative-decoding-unlearning/saves/unlearn/sud/results/original-unlearned/target-Llama-3.2-1B-Instruct/draft-Llama-3.2-1B-Instruct_SatImp/forget01/a0.8_k1_s0
original-unlearned,Llama-3.2-1B-Instruct,Llama-3.2-1B-Instruct_SatImp,forget01,0.9,1,0,True,0.083621631956209,0.08289519737560916,0.34563154577605115,0.03171966234435797,0.6866042037625263,0.5647056976487747,0.006760732303569208,0.8592816442251205,0.21522061679094037,0.08213128941133618,0.8756165511906147,0.47553370201664774,0.97375,0.97875,0.9643749999999999,0.993125,-95.9858323313368,0.866919087395072,0.5225481468318793,0.41639372271088304,0.5370614447322023,0.4372378622063729,0.6287865024386133,0.5904073928954023,0.5603333333333333,0.7994301994301994,0.4422598633807594,0.014408320915426884,0.004501632422827784,0.07201969081361312,0.030971294832734867,0.00568178844492877,0.0015682593090859905,0.034331849311711266,1380.026,24891.3,/home/joaoabitante/speculative-decoding-unlearning/saves/unlearn/sud/results/original-unlearned/target-Llama-3.2-1B-Instruct/draft-Llama-3.2-1B-Instruct_SatImp/forget01/a0.9_k1_s0
original-unlearned,Llama-3.2-1B-Instruct,Llama-3.2-1B-Instruct_SatImp,forget01,0.95,1,0,True,0.09235617903329907,0.09158123819173189,0.3561961913227757,0.03547134561272471,0.6739786650338346,0.5686373228822628,0.006760732303569208,0.8522401660680771,0.21438728345760705,0.08108308499213308,0.8272237181081437,0.4759869823596553,0.9700000000000001,0.9756249999999999,0.958125,0.9924999999999999,-95.39551355931133,0.8656146828830242,0.5228914300986339,0.41655191162355515,0.5377651254906732,0.4373671385230578,0.6292195699458676,0.5693069489498004,0.6275,0.7851851851851851,0.45567518866754686,0.014317256770482345,0.004458170627258109,0.0710850443970412,0.030532191718359747,0.005643111292968115,0.0015500406333710133,0.03389420151303056,1392.359,24891.3,/home/joaoabitante/speculative-decoding-unlearning/saves/unlearn/sud/results/original-unlearned/target-Llama-3.2-1B-Instruct/draft-Llama-3.2-1B-Instruct_SatImp/forget01/a0.95_k1_s0
original-unlearned,Llama-3.2-1B-Instruct,Llama-3.2-1B-Instruct_SatImp,forget01,0.98,1,0,True,0.1066086501944588,0.10567613052241734,0.36460439222926105,0.04183524571694507,0.6692019741785667,0.5738432558782147,0.006760732303569208,0.8468445464968681,0.2027852719633542,0.08044836844783276,0.8025693821720778,0.4762749631957311,0.965625,0.97375,0.954375,0.9906250000000001,-95.04132229609608,0.8647803761810064,0.5231009486255226,0.41664737281445624,0.5381815128028552,0.43744595780204404,0.6294674413402687,0.5923251819667806,0.637,0.8165242165242165,0.44428545143993964,0.014262658609695791,0.004432299933251648,0.07052505974570522,0.03026930890778184,0.00561989782033379,0.001539221687585199,0.033629215237451715,0.018,4943.3,/home/joaoabitante/speculative-decoding-unlearning/saves/unlearn/sud/results/original-unlearned/target-Llama-3.2-1B-Instruct/draft-Llama-3.2-1B-Instruct_SatImp/forget01/a0.98_k1_s0
original-unlearned,Llama-3.2-1B-Instruct,Llama-3.2-1B-Instruct_SatImp,forget01,0.99,1,0,True,0.10799385857977972,0.10695789990053046,0.3646272048412219,0.0424868998725392,0.666593937378218,0.565219143455963,0.006760732303569208,0.8468445464968681,0.2027852719633542,0.0802358924644068,0.8122803580481559,0.47637369380334266,0.965,0.9724999999999998,0.953125,0.9906250000000001,-94.80519478728587,0.8644936556369066,0.5231712907146022,0.416679307059707,0.5383193339770207,0.43747245561041564,0.6295480625224211,0.5768143618853291,0.5828333333333333,0.7851851851851852,0.45860474448635236,0.014244463942777657,0.004423708505134095,0.07033855368936201,0.030181788994696934,0.005612159766979705,0.001535634045289611,0.0335405132942833,0.017,4943.3,/home/joaoabitante/speculative-decoding-unlearning/saves/unlearn/sud/results/original-unlearned/target-Llama-3.2-1B-Instruct/draft-Llama-3.2-1B-Instruct_SatImp/forget01/a0.99_k1_s0
original-unlearned,Llama-3.2-1B-Instruct,Llama-3.2-1B-Instruct_SatImp,forget01,0.995,1,0,True,0.10938394179686253,0.10815329965999121,0.3646386965294757,0.04303869978459929,0.690137851667942,0.5678393758622421,0.006760732303569208,0.8468445464968681,0.2027852719633542,0.08012948387768119,0.8795768175274133,0.4764236142922321,0.9643749999999999,0.9718749999999999,0.950625,0.9906250000000001,-94.68713103288081,0.8643487319350243,0.5232064672653001,0.4166952898827587,0.5383880133962073,0.4374857527634525,0.6295880313321925,0.5812191416662513,0.5903333333333333,0.8094017094017094,0.43441952278607265,0.01423536550366407,0.004419420105256672,0.07024534171359846,0.030138053820999867,0.0056082896173018084,0.001533843823855022,0.03349609785364009,0.017,4943.3,/home/joaoabitante/speculative-decoding-unlearning/saves/unlearn/sud/results/original-unlearned/target-Llama-3.2-1B-Instruct/draft-Llama-3.2-1B-Instruct_SatImp/forget01/a0.995_k1_s0
original-unlearned,Llama-3.2-1B-Instruct,Llama-3.2-1B-Instruct_SatImp,forget05,0.1,1,0,True,0.0008082643186139664,0.0008081999906226032,0.09897332224583845,0.00027026479192993047,0.67642014534147,0.5637622739776708,6.540866008411473e-13,0.9703940635919571,0.7087695690888904,0.10163415221031755,0.8453478997154161,0.4782213021146836,0.9997499999999999,0.9999,0.9995499999999999,0.99985,-99.984316170015,0.8742871615290642,0.516612896542657,0.4124576242615804,0.5251362555969659,0.43437055497142446,0.6184675845794496,0.5684966984564227,0.6253333333333333,0.782051282051282,0.5833746753331335,0.016289229696121767,0.005525210374712923,0.0895340089139063,0.039351359887212806,0.00654854299633295,0.002009877048765049,0.041560408756602565,0.019,4943.3,/home/joaoabitante/speculative-decoding-unlearning/saves/unlearn/sud/results/original-unlearned/target-Llama-3.2-1B-Instruct/draft-Llama-3.2-1B-Instruct_SatImp/forget05/a0.1_k1_s0
original-unlearned,Llama-3.2-1B-Instruct,Llama-3.2-1B-Instruct_SatImp,forget05,0.2,1,0,True,0.0018312362586150566,0.0018309285169680748,0.13264469474253646,0.000613785836449226,0.682202897416405,0.5743186074598373,3.0799540915748314e-12,0.9591954931616783,0.5954824670577328,0.1034036877937615,0.839993549673818,0.485144538959479,0.9994000000000001,0.999675,0.9995999999999999,0.999675,-99.94902758783735,0.875864775031805,0.5156179022914231,0.4113736948036636,0.5233485811333243,0.4334488327973204,0.6179053749898218,0.5969902549989458,0.7266666666666667,0.7866096866096866,0.5478509399057385,0.016539347384677966,0.005695168879029332,0.09030339744640514,0.03981307041596556,0.00672303270496741,0.002085174460985308,0.04357115576579235,0.019,4943.3,/home/joaoabitante/speculative-decoding-unlearning/saves/unlearn/sud/results/original-unlearned/target-Llama-3.2-1B-Instruct/draft-Llama-3.2-1B-Instruct_SatImp/forget05/a0.2_k1_s0
original-unlearned,Llama-3.2-1B-Instruct,Llama-3.2-1B-Instruct_SatImp,forget05,0.3,1,0,True,0.0031181348023516246,0.0031171712486867944,0.19329838804368682,0.0010465984876808717,0.6830453954527299,0.5677199065303932,3.0799540915748314e-12,0.9361228042840958,0.4717834985255284,0.10378913081716747,0.8571689945086837,0.4927602598696652,0.9986999999999999,0.999275,0.9995999999999999,0.999375,-99.88629233063264,0.8754029463976621,0.5145879362978252,0.4102789352336522,0.5216517420962699,0.4325635326051173,0.6173617951236996,0.583900144615408,0.6561666666666666,0.8034188034188035,0.4915271069539574,0.01678480719056097,0.0058718427300832,0.09082187961204909,0.040165414706759835,0.006897474401197693,0.0021636861155288766,0.045226065154653036,0.019,4943.3,/home/joaoabitante/speculative-decoding-unlearning/saves/unlearn/sud/results/original-unlearned/target-Llama-3.2-1B-Instruct/draft-Llama-3.2-1B-Instruct_SatImp/forget05/a0.3_k1_s0
original-unlearned,Llama-3.2-1B-Instruct,Llama-3.2-1B-Instruct_SatImp,forget05,0.4,1,0,True,0.010503995997995001,0.010493420715391081,0.2768723210933984,0.003564986871227862,0.672098343762972,0.5631546485114092,1.4275699621532978e-12,0.8984348413348198,0.3307797544656303,0.10251916715875269,0.8333029043674469,0.5018342090573065,0.99625,0.9978,0.99815,0.9981249999999999,-99.65495606969024,0.8729825475811959,0.5135484894779823,0.4091740021365043,0.5202053600802963,0.4317174116810972,0.6172002622003252,0.575071525908599,0.6545000000000001,0.7581196581196581,0.4663094323282462,0.017025887163908918,0.0060555752302627365,0.09108220039866864,0.04040206509629806,0.007071755249507987,0.0022455287255379965,0.04641869353037327,0.019,4943.3,/home/joaoabitante/speculative-decoding-unlearning/saves/unlearn/sud/results/original-unlearned/target-Llama-3.2-1B-Instruct/draft-Llama-3.2-1B-Instruct_SatImp/forget05/a0.4_k1_s0
original-unlearned,Llama-3.2-1B-Instruct,Llama-3.2-1B-Instruct_SatImp,forget05,0.5,1,0,True,0.03326043901279075,0.033157340864044746,0.3693182099617247,0.011628219539000773,0.670301687768353,0.5642317561255388,6.5689645859369454e-12,0.8458879911899566,0.2174263129464174,0.09922227662056685,0.8254845301667229,0.5117721217168597,0.98965,0.9931500000000001,0.99425,0.99275,-98.92565870468545,0.8686052362620831,0.5124704858407391,0.40805868840186127,0.5190586594568393,0.4309134827168071,0.6168867695074827,0.575529790404364,0.6445000000000001,0.8062678062678063,0.4268594041836784,0.017262821556214475,0.006246725340147068,0.09107970265788026,0.040517424339842484,0.007245808779455275,0.00233081922219562,0.0470339487795718,1619.845,27406.4,/home/joaoabitante/speculative-decoding-unlearning/saves/unlearn/sud/results/original-unlearned/target-Llama-3.2-1B-Instruct/draft-Llama-3.2-1B-Instruct_SatImp/forget05/a0.5_k1_s0
original-unlearned,Llama-3.2-1B-Instruct,Llama-3.2-1B-Instruct_SatImp,forget05,0.6,1,0,True,0.09615652744017437,0.09536918761285919,0.45314845179798824,0.0363920056051707,0.6605957142607155,0.5645392654512018,5.951062636424447e-11,0.7849554651975632,0.14242422535996888,0.09389160353224725,0.7960424716584384,0.5243202366980746,0.9751500000000001,0.9810999999999999,0.977925,0.97345,-97.03575908139337,0.8622705961018801,0.5113958496764783,0.40693332406302957,0.518319040503145,0.43015499841829063,0.6164167846326932,0.573484714573796,0.6633333333333333,0.805128205128205,0.3895559615903618,0.017495924699614987,0.006445673157660385,0.09081294151837938,0.04050939910809648,0.007419656678097603,0.002419675300965111,0.04693757960852235,0.019,4943.3,/home/joaoabitante/speculative-decoding-unlearning/saves/unlearn/sud/results/original-unlearned/target-Llama-3.2-1B-Instruct/draft-Llama-3.2-1B-Instruct_SatImp/forget05/a0.6_k1_s0
original-unlearned,Llama-3.2-1B-Instruct,Llama-3.2-1B-Instruct_SatImp,forget05,0.7,1,0,True,0.20206882317154212,0.1983426705793693,0.5246137633381182,0.08747395072925689,0.6630034415627487,0.5595346874043663,1.8694649189611297e-09,0.7191368135809898,0.10438995845981829,0.08686069389805198,0.8134205964091233,0.539804049216687,0.94465,0.9578,0.9436,0.9274749999999999,-93.38143034921872,0.8540133652091026,0.510321987816802,0.4058001060297006,0.5175245638596887,0.42944620517968707,0.6157847930744521,0.5563788523537102,0.65,0.7877492877492878,0.3660785876229313,0.017725518545194063,0.006652775263906824,0.0902855822269339,0.04037879596925191,0.007593317768973975,0.0025121876703168133,0.045994533127173776,1324.096,27406.4,/home/joaoabitante/speculative-decoding-unlearning/saves/unlearn/sud/results/original-unlearned/target-Llama-3.2-1B-Instruct/draft-Llama-3.2-1B-Instruct_SatImp/forget05/a0.7_k1_s0
original-unlearned,Llama-3.2-1B-Instruct,Llama-3.2-1B-Instruct_SatImp,forget05,0.8,1,0,True,0.3426791927087161,0.33242259950273034,0.5794042468767967,0.1816156338402007,0.6568148095541342,0.5578450278596613,8.114129962716335e-08,0.6600121532380581,0.08476328697746363,0.07887612851336598,0.798476010193117,0.5605012194784557,0.886025,0.9119749999999999,0.88525,0.8459749999999999,-86.19432244570349,0.843839087933302,0.5092364445711168,0.40466076548053137,0.5169424423050341,0.4287910131192873,0.6149850842010229,0.535021434387784,0.6970000000000001,0.7592592592592593,0.360131595558308,0.017951943083753575,0.006868414243619057,0.08950357754249126,0.04012672508059682,0.007766854209162375,0.0026084462942174637,0.04427278512739576,1012.914,27406.4,/home/joaoabitante/speculative-decoding-unlearning/saves/unlearn/sud/results/original-unlearned/target-Llama-3.2-1B-Instruct/draft-Llama-3.2-1B-Instruct_SatImp/forget05/a0.8_k1_s0
original-unlearned,Llama-3.2-1B-Instruct,Llama-3.2-1B-Instruct_SatImp,forget05,0.9,1,0,True,0.4891968101015183,0.466384267712611,0.6272585767906416,0.33085321005125046,0.6597290202523804,0.5507406505207583,1.1150402145378719e-05,0.6003851254284381,0.06959804840560606,0.07056146893184632,0.8224962395941838,0.5801058158283713,0.7917000000000001,0.8362,0.7941499999999999,0.7253250000000001,-74.30991215898528,0.8316825020313263,0.5081520990536356,0.4035177914942438,0.5162977838745124,0.4281924300335104,0.6141533022681543,0.5267886161560124,0.612,0.7934472934472935,0.33166889577164554,0.018175658190157266,0.007092973141950027,0.088470771338325,0.03975390020904626,0.007940398366573995,0.0027085361445858963,0.04189701587427407,1012.131,27406.4,/home/joaoabitante/speculative-decoding-unlearning/saves/unlearn/sud/results/original-unlearned/target-Llama-3.2-1B-Instruct/draft-Llama-3.2-1B-Instruct_SatImp/forget05/a0.9_k1_s0
original-unlearned,Llama-3.2-1B-Instruct,Llama-3.2-1B-Instruct_SatImp,forget05,0.95,1,0,True,0.5523887706592853,0.5243730777718585,0.6467056734881805,0.42248087547066404,0.6588969158363325,0.5531438517632984,0.00018395764501293307,0.5741484455764294,0.06292462111121265,0.06643704779446125,0.814645245205611,0.5887053054840489,0.7333749999999999,0.785775,0.7389249999999998,0.660075,-66.40134879761584,0.8248393263667821,0.5076116017289555,0.40294568113009743,0.5159484276594535,0.4279149046981836,0.6138797044139793,0.522797672690382,0.6503333333333333,0.7987179487179487,0.3214703388007035,0.01828660925166332,0.0072087169832872125,0.08786112647503615,0.039522492184949666,0.008027195620337959,0.0027600362455653623,0.040528664705576374,1467.372,27406.4,/home/joaoabitante/speculative-decoding-unlearning/saves/unlearn/sud/results/original-unlearned/target-Llama-3.2-1B-Instruct/draft-Llama-3.2-1B-Instruct_SatImp/forget05/a0.95_k1_s0
original-unlearned,Llama-3.2-1B-Instruct,Llama-3.2-1B-Instruct_SatImp,forget05,0.98,1,0,True,0.5871575838390213,0.5536265756363593,0.6582209930527283,0.4816281166718775,0.6605789627521087,0.548462810180223,0.0004306111484986726,0.5579588556289673,0.060762232227672325,0.06400405554333702,0.8303100022417493,0.5946435644345255,0.6953750000000001,0.75185,0.7038000000000001,0.6203000000000001,-61.08061479594093,0.8204835157841444,0.50728126063629,0.4026022581961904,0.5157305109740136,0.4277554331054234,0.6136971738530161,0.5243841837269044,0.6086666666666667,0.7816239316239316,0.3234542690203287,0.018352910426765446,0.007279298834979684,0.08746568706817925,0.03936936343430073,0.008079285121549066,0.0027914053709560014,0.03966809895448387,0.019,4943.3,/home/joaoabitante/speculative-decoding-unlearning/saves/unlearn/sud/results/original-unlearned/target-Llama-3.2-1B-Instruct/draft-Llama-3.2-1B-Instruct_SatImp/forget05/a0.98_k1_s0
original-unlearned,Llama-3.2-1B-Instruct,Llama-3.2-1B-Instruct_SatImp,forget05,0.99,1,0,True,0.597913950521666,0.5621589106739533,0.6608938769001019,0.5015001775315536,0.6621091822103441,0.5466124129190144,0.0004306111484986726,0.5542812639474869,0.06058981843456888,0.0632016284414567,0.8394895964767783,0.5963461992361622,0.68295,0.74025,0.6923999999999999,0.606275,-59.26129233700418,0.8189893917739391,0.5071700549352971,0.40248776669556663,0.515656544716398,0.42770345631425283,0.6136332900843483,0.5329364186149599,0.5770000000000001,0.7866096866096866,0.3161936885133201,0.018374959935899823,0.007303018042166105,0.08732896585366688,0.03931595523122854,0.008096649478642727,0.0028019406726698865,0.03937575358781032,0.019,4943.3,/home/joaoabitante/speculative-decoding-unlearning/saves/unlearn/sud/results/original-unlearned/target-Llama-3.2-1B-Instruct/draft-Llama-3.2-1B-Instruct_SatImp/forget05/a0.99_k1_s0
original-unlearned,Llama-3.2-1B-Instruct,Llama-3.2-1B-Instruct_SatImp,forget05,0.995,1,0,True,0.6000366658328502,0.5658107831472929,0.6612902827872338,0.5115621017336922,0.6524423883114181,0.5449193967611116,0.0004306111484986726,0.5541423751413822,0.06058981843456888,0.06280214244965464,0.8128290686081163,0.5972273851842449,0.6760999999999999,0.7346,0.6867249999999999,0.59935,-58.375156828987585,0.8182343633472919,0.5071142504246944,0.40243052683221203,0.515619351138776,0.42767767360649434,0.6136007733453556,0.5277497791066652,0.5770000000000001,0.7680911680911681,0.33420537635321884,0.018385985825152603,0.007314912590997556,0.08725968782207928,0.039288809885216554,0.00810533480237685,0.0028072227512366513,0.0392286317278631,0.02,4943.3,/home/joaoabitante/speculative-decoding-unlearning/saves/unlearn/sud/results/original-unlearned/target-Llama-3.2-1B-Instruct/draft-Llama-3.2-1B-Instruct_SatImp/forget05/a0.995_k1_s0
original-unlearned,Llama-3.2-1B-Instruct,Llama-3.2-1B-Instruct_SatImp,forget10,0.1,1,0,True,0.012746585575818885,0.01273047105696945,0.09876254999694845,0.004469054534042463,0.6798672802884734,0.5653564092522549,1.3990395281788573e-20,0.9706598795950413,0.6907918877695473,0.10580056904349476,0.8525476948777214,0.4840804657979726,0.9961562500000001,0.996375,0.9981875,0.99750625,-99.41284847856284,0.8790500021725893,0.5160367428322787,0.41255445422776466,0.5258220839541293,0.4358469614051713,0.6198192678210886,0.5843468515140582,0.6261666666666666,0.7680911680911682,0.5737228357364192,0.015806763913351462,0.005435596894143256,0.09051742146490142,0.03975755839297804,0.006323493496004934,0.0019647831557685147,0.04482431353752327,1006.496,32402.5,/home/joaoabitante/speculative-decoding-unlearning/saves/unlearn/sud/results/original-unlearned/target-Llama-3.2-1B-Instruct/draft-Llama-3.2-1B-Instruct_SatImp/forget10/a0.1_k1_s0
original-unlearned,Llama-3.2-1B-Instruct,Llama-3.2-1B-Instruct_SatImp,forget10,0.2,1,0,True,0.013853484794203742,0.013834451614271477,0.12162493197220299,0.004834204737071394,0.679922342836924,0.5653919916687836,1.3990395281788573e-20,0.9629563853144646,0.6351001488924597,0.11037056734552607,0.8526399521809072,0.4930367209275751,0.99561875,0.99595625,0.9982875,0.99699375,-99.34502235640582,0.8845022162795066,0.5144038768981677,0.4115947009400749,0.5246077616944346,0.4363912991144767,0.6208342146378444,0.5947858060625526,0.6191666666666666,0.7638176638176639,0.5217005076538672,0.015573762445274041,0.005510928730623586,0.09226118100457825,0.0406275669008909,0.0062669880410248895,0.001992243404879475,0.04813510134334502,1024.484,32402.5,/home/joaoabitante/speculative-decoding-unlearning/saves/unlearn/sud/results/original-unlearned/target-Llama-3.2-1B-Instruct/draft-Llama-3.2-1B-Instruct_SatImp/forget10/a0.2_k1_s0
original-unlearned,Llama-3.2-1B-Instruct,Llama-3.2-1B-Instruct_SatImp,forget10,0.3,1,0,True,0.01612287776979308,0.016099299748260326,0.16507557282851934,0.0056006685142819534,0.6835010772625778,0.5761817860808034,1.3990395281788573e-20,0.9473323808610439,0.5294983472846475,0.11362309742951765,0.8399496137350798,0.5023236999805942,0.9949187500000001,0.995375,0.9981500000000001,0.9961125000000001,-99.25087564953114,0.8872846941649913,0.5127647212804538,0.4106538697121047,0.5233376788132305,0.43696162931122784,0.6217067821739097,0.60870653639678,0.6775,0.8467236467236466,0.4854348507753699,0.015336053471983177,0.0055876113903529576,0.09373910506954417,0.0413837808032768,0.006204602187278093,0.0020200496716992924,0.05111447276700346,1022.851,32402.5,/home/joaoabitante/speculative-decoding-unlearning/saves/unlearn/sud/results/original-unlearned/target-Llama-3.2-1B-Instruct/draft-Llama-3.2-1B-Instruct_SatImp/forget10/a0.3_k1_s0
original-unlearned,Llama-3.2-1B-Instruct,Llama-3.2-1B-Instruct_SatImp,forget10,0.4,1,0,True,0.02115677079211741,0.021119885773483248,0.23398175613851124,0.007351804249229941,0.6650227196458033,0.5709869690346656,4.353260441808186e-19,0.919051765203476,0.39740195045711457,0.11483773454325273,0.7961386665177997,0.5121484944707121,0.99378125,0.99444375,0.9975437500000001,0.9943249999999999,-99.10003845249537,0.8876958423852921,0.5111465738465066,0.40973533824716357,0.5225934837618309,0.4375617735470047,0.6227720803638805,0.6115839582477044,0.6516666666666666,0.7908831908831908,0.4298516447307972,0.01509437958993658,0.005665633425916426,0.09493085094029084,0.042009434336563185,0.006136343508427067,0.0020481978180564198,0.05347950949383085,1045.779,32402.5,/home/joaoabitante/speculative-decoding-unlearning/saves/unlearn/sud/results/original-unlearned/target-Llama-3.2-1B-Instruct/draft-Llama-3.2-1B-Instruct_SatImp/forget10/a0.4_k1_s0
original-unlearned,Llama-3.2-1B-Instruct,Llama-3.2-1B-Instruct_SatImp,forget10,0.5,1,0,True,0.032979973930739,0.03289330090574548,0.32321174629871574,0.011579710326195468,0.6612009152427024,0.570747511188176,1.1781277220965948e-17,0.8749478207528592,0.2538548824356483,0.11306174451950937,0.7857243534014561,0.5231685572013381,0.99019375,0.99253125,0.99605,0.98984375,-98.79026541697228,0.8859110097587108,0.5095393064068722,0.40884258272643204,0.5220177542366377,0.4381962754857517,0.6238149319305144,0.6233081651178667,0.657,0.7666666666666667,0.39839250461965775,0.01484940292488318,0.0057449676152651185,0.09580950754112565,0.04248926640173453,0.006062291127794502,0.002076680498630867,0.054816873955554915,0.02,4943.3,/home/joaoabitante/speculative-decoding-unlearning/saves/unlearn/sud/results/original-unlearned/target-Llama-3.2-1B-Instruct/draft-Llama-3.2-1B-Instruct_SatImp/forget10/a0.5_k1_s0
original-unlearned,Llama-3.2-1B-Instruct,Llama-3.2-1B-Instruct_SatImp,forget10,0.6,1,0,True,0.06621174444056535,0.06587565675762866,0.42035461492241055,0.02415520750881394,0.6530407716927971,0.5673892191595262,1.4921665744660114e-16,0.8127873434126377,0.16054616165578459,0.1073159862565808,0.7691495168418624,0.5368297404161236,0.9796625000000001,0.985675,0.9923562499999999,0.97124375,-97.67973920792375,0.8820631036907435,0.5079598952380645,0.4079800057363193,0.5212760550658628,0.4388706441755168,0.62470495642905,0.595093038054616,0.6366666666666666,0.7937321937321937,0.36055097335487474,0.01460171382102999,0.005825599387123764,0.09635833402629941,0.04281404466483119,0.005982549775289955,0.0021054864362383156,0.05459441603349115,1105.777,32402.5,/home/joaoabitante/speculative-decoding-unlearning/saves/unlearn/sud/results/original-unlearned/target-Llama-3.2-1B-Instruct/draft-Llama-3.2-1B-Instruct_SatImp/forget10/a0.6_k1_s0
original-unlearned,Llama-3.2-1B-Instruct,Llama-3.2-1B-Instruct_SatImp,forget10,0.7,1,0,True,0.15698712553993963,0.15529722200106344,0.5144771583971155,0.06402411975689373,0.6464070531840477,0.569813181375033,5.805666105234786e-14,0.7324752169847488,0.11140783725975359,0.09774985731579364,0.7467900228037615,0.5545707740935676,0.947275,0.9667250000000001,0.97876875,0.91023125,-94.61035409777323,0.8761949902027846,0.5064078550812129,0.40715371162440933,0.5203779681608761,0.439591304349651,0.6254467112155268,0.5990388153423736,0.6488333333333333,0.8219373219373218,0.3271753222138659,0.014351952161887312,0.005907513494146004,0.09656748040462844,0.04297776880442075,0.005897266469061529,0.002134596009216418,0.052631312416182484,0.019,4943.3,/home/joaoabitante/speculative-decoding-unlearning/saves/unlearn/sud/results/original-unlearned/target-Llama-3.2-1B-Instruct/draft-Llama-3.2-1B-Instruct_SatImp/forget10/a0.7_k1_s0
original-unlearned,Llama-3.2-1B-Instruct,Llama-3.2-1B-Instruct_SatImp,forget10,0.8,1,0,True,0.303010395177805,0.29733436457307927,0.5981682594073883,0.15035115139609495,0.6338004668680142,0.5660000486523304,9.906736183347326e-11,0.6396409164741635,0.07696333113223328,0.08632840526523068,0.7200549200904789,0.5766327326024592,0.87528125,0.9173749999999998,0.9500624999999999,0.8161687500000001,-86.61699498505926,0.8682591690868139,0.5048843173807744,0.4063713994923696,0.5194726085544207,0.440364882560117,0.6262259056896587,0.6083662481945405,0.6431666666666667,0.7595441595441594,0.30928463408572227,0.014100803514375003,0.005990714475698843,0.09641411270364188,0.04296894988329905,0.005806619888169278,0.002163982938227918,0.04949230569250358,0.019,4943.3,/home/joaoabitante/speculative-decoding-unlearning/saves/unlearn/sud/results/original-unlearned/target-Llama-3.2-1B-Instruct/draft-Llama-3.2-1B-Instruct_SatImp/forget10/a0.8_k1_s0
original-unlearned,Llama-3.2-1B-Instruct,Llama-3.2-1B-Instruct_SatImp,forget10,0.9,1,0,True,0.45858159027681733,0.449162533562364,0.6660539320937343,0.2931308598862224,0.6138413134802262,0.5661644943880414,1.652551353350331e-08,0.5445461403392255,0.05622823088765938,0.074666106820805,0.6702862448614906,0.5989320805302789,0.7766687499999999,0.841025,0.8904375,0.69300625,-74.25036948848974,0.8582015912979841,0.5033923706427992,0.40564302423126825,0.5185266353293589,0.44119626013784574,0.6269586572353594,0.6029729671364369,0.6186666666666666,0.8233618233618233,0.28493341454964155,0.013849020245907014,0.006075210733753365,0.095872750520939,0.04277445868923579,0.005710797416826003,0.0021936166900144655,0.04568287454152596,0.021,4943.3,/home/joaoabitante/speculative-decoding-unlearning/saves/unlearn/sud/results/original-unlearned/target-Llama-3.2-1B-Instruct/draft-Llama-3.2-1B-Instruct_SatImp/forget10/a0.9_k1_s0
original-unlearned,Llama-3.2-1B-Instruct,Llama-3.2-1B-Instruct_SatImp,forget10,0.95,1,0,True,0.5337210964436967,0.518798560545163,0.6952183564665299,0.38962786588945153,0.618825384385097,0.5625427511447297,2.1316067663008397e-06,0.4982716511702165,0.049137254995576266,0.06894900733619579,0.6876222753852198,0.6117158015626347,0.7052,0.79293125,0.84719375,0.6134625,-66.46048874224688,0.8523654726147651,0.5026535978605907,0.40530251017439317,0.5181479296934468,0.4416347231566671,0.6272774141166839,0.5763125852601635,0.6291666666666667,0.7962962962962962,0.2767118157913707,0.013723094479282737,0.006117948758292497,0.09544978386722505,0.04260400162245414,0.005660993857554027,0.0022085165691117345,0.043564177864362126,0.02,4943.3,/home/joaoabitante/speculative-decoding-unlearning/saves/unlearn/sud/results/original-unlearned/target-Llama-3.2-1B-Instruct/draft-Llama-3.2-1B-Instruct_SatImp/forget10/a0.95_k1_s0
original-unlearned,Llama-3.2-1B-Instruct,Llama-3.2-1B-Instruct_SatImp,forget10,0.98,1,0,True,0.5696085235586454,0.5564202878744896,0.7096864848609623,0.4567510099990848,0.5994033950528026,0.5576752492698607,1.830133064154361e-05,0.4737082076119259,0.04766236672228451,0.0655782079389246,0.6478812178422231,0.6188207950978117,0.6548624999999999,0.75893125,0.81586875,0.5638124999999999,-60.95341255516941,0.8486014859378338,0.5022257691752907,0.4051065737873074,0.5179019495139028,0.4419053260869355,0.6274533724756065,0.5937361097805539,0.5728333333333333,0.7794871794871794,0.27740093342168126,0.013647588445601287,0.006143751832432846,0.09514571839245037,0.0424774507570188,0.005630517046511917,0.0022174802613769288,0.0422290336317019,0.022,4943.3,/home/joaoabitante/speculative-decoding-unlearning/saves/unlearn/sud/results/original-unlearned/target-Llama-3.2-1B-Instruct/draft-Llama-3.2-1B-Instruct_SatImp/forget10/a0.98_k1_s0
original-unlearned,Llama-3.2-1B-Instruct,Llama-3.2-1B-Instruct_SatImp,forget10,0.99,1,0,True,0.5869823796806602,0.5695465810637814,0.7131709318462429,0.4803058381463064,0.6147449742987068,0.5608044432178283,2.5720789009736948e-05,0.4678606650000438,0.04717613889782139,0.06446624697542575,0.680166223669512,0.6206839013985703,0.6372125,0.746775,0.8047187499999999,0.54718125,-58.98443035225293,0.8473026597499848,0.5020834569532892,0.4050427199267139,0.5178168295875163,0.4419967682724077,0.6275094907798261,0.5990228534298417,0.5995,0.7794871794871794,0.2761626819546484,0.013622429453316726,0.006152381378134457,0.09503585524158552,0.042431147424783544,0.005620258120259981,0.002220472245287445,0.04177412270235073,0.022,4943.3,/home/joaoabitante/speculative-decoding-unlearning/saves/unlearn/sud/results/original-unlearned/target-Llama-3.2-1B-Instruct/draft-Llama-3.2-1B-Instruct_SatImp/forget10/a0.99_k1_s0
original-unlearned,Llama-3.2-1B-Instruct,Llama-3.2-1B-Instruct_SatImp,forget10,0.995,1,0,True,0.5879646277285144,0.5765585020523405,0.7143512848409594,0.4923178620834047,0.5983480005100571,0.5642676669614396,3.596289960343452e-05,0.4661107795452699,0.04717613889782139,0.06391262728902802,0.6368096878239885,0.621639277541429,0.6282125000000001,0.7404000000000001,0.7990312500000001,0.5391062499999999,-57.95185356717592,0.8466449201107025,0.5020123471156736,0.40501104375741603,0.5177736573541165,0.4420427027128443,0.6275370651154732,0.5844550380228464,0.6611666666666666,0.7709401709401709,0.26589428071814625,0.013609854151509353,0.0061567000626478845,0.09497931742458604,0.04240722467958176,0.005615112947154254,0.002221969192406601,0.04154492982804367,0.022,4943.3,/home/joaoabitante/speculative-decoding-unlearning/saves/unlearn/sud/results/original-unlearned/target-Llama-3.2-1B-Instruct/draft-Llama-3.2-1B-Instruct_SatImp/forget10/a0.995_k1_s0
original-unlearned,Llama-3.2-1B-Instruct,Llama-3.2-1B-Instruct_SimNPO,forget01,0.1,1,0,True,0.0,0.0,0.11125910128948008,0.0,0.6739394025830749,0.5627395341431107,0.006760732303569208,0.9669996604323388,0.5944728610977736,0.10251108896918595,0.8399092577164993,0.4832667982920008,0.999375,1.0,0.9968750000000001,1.0,-99.9999999811098,0.865155861377716,0.5120495047615422,0.41390655108060526,0.5268889178989046,0.43689206119919377,0.6184100470160893,0.5536658649524615,0.6445000000000001,0.7652421652421653,0.5479430544858327,0.018233983168247505,0.006067442765992126,0.09165007530944422,0.04081699091813221,0.007298632833984204,0.0021830849826549557,0.045076070890063415,0.017,4943.3,/home/joaoabitante/speculative-decoding-unlearning/saves/unlearn/sud/results/original-unlearned/target-Llama-3.2-1B-Instruct/draft-Llama-3.2-1B-Instruct_SimNPO/forget01/a0.1_k1_s0
original-unlearned,Llama-3.2-1B-Instruct,Llama-3.2-1B-Instruct_SimNPO,forget01,0.2,1,0,True,0.0,0.0,0.16742060069626233,0.0,0.687541373892986,0.5597771500061827,0.006760732303569208,0.9474500402808189,0.41543692164564067,0.10594368590973317,0.8908760074526072,0.49182707695058203,0.99625,0.998125,0.993125,1.0,-99.64580871789454,0.8561521709710359,0.5064958219908351,0.41425610430451537,0.52738791393814,0.43865914336701956,0.6176878199770042,0.5391779273937714,0.6283333333333334,0.780911680911681,0.502456278350949,0.020711414872566822,0.006884325123581854,0.0942902180517558,0.04266239285238292,0.00833919411522705,0.0024629980513472677,0.04884750166558661,0.017,4943.3,/home/joaoabitante/speculative-decoding-unlearning/saves/unlearn/sud/results/original-unlearned/target-Llama-3.2-1B-Instruct/draft-Llama-3.2-1B-Instruct_SimNPO/forget01/a0.2_k1_s0
original-unlearned,Llama-3.2-1B-Instruct,Llama-3.2-1B-Instruct_SimNPO,forget01,0.3,1,0,True,0.0,0.0,0.219166999547445,0.0,0.6756165709482284,0.5607718990048939,0.006760732303569208,0.9269349128007889,0.30871499347253584,0.107667290372774,0.849615732114762,0.5006869380312031,0.9918749999999998,0.9950000000000001,0.979375,1.0,-99.05548994586911,0.84310232155025,0.5010956951220948,0.414633360225762,0.5280885014663511,0.4406165798173698,0.6164664478612845,0.5355044160057474,0.654,0.7849002849002849,0.5154566994788168,0.023502362072031248,0.007831296607539435,0.09639480514568277,0.04428343139348149,0.009507972131538433,0.0027826709248002595,0.05209243777790107,0.017,4943.3,/home/joaoabitante/speculative-decoding-unlearning/saves/unlearn/sud/results/original-unlearned/target-Llama-3.2-1B-Instruct/draft-Llama-3.2-1B-Instruct_SimNPO/forget01/a0.3_k1_s0
original-unlearned,Llama-3.2-1B-Instruct,Llama-3.2-1B-Instruct_SimNPO,forget01,0.4,1,0,True,0.033557295140518834,0.033449793699978615,0.2903576475585977,0.011841637169895334,0.6633376248298726,0.5571524629416104,0.003018184077228396,0.8938111051917076,0.21926565418668212,0.10767128546722234,0.8195276920800098,0.5108753724115271,0.984375,0.9875,0.963125,0.998125,-97.63872489300805,0.8255509797483682,0.4958168970978187,0.41509161903995284,0.5287381099746729,0.44275406084108704,0.6147070436112388,0.5097012207992605,0.6835,0.7606837606837606,0.47636105355261976,0.02664735220343573,0.008930102670502846,0.09792073585325851,0.04564251287474533,0.0108177620980526,0.003148316237499064,0.054828456947579984,0.017,4943.3,/home/joaoabitante/speculative-decoding-unlearning/saves/unlearn/sud/results/original-unlearned/target-Llama-3.2-1B-Instruct/draft-Llama-3.2-1B-Instruct_SimNPO/forget01/a0.4_k1_s0
original-unlearned,Llama-3.2-1B-Instruct,Llama-3.2-1B-Instruct_SimNPO,forget01,0.5,1,0,True,0.09437259426139498,0.09332996224054146,0.3420732109927248,0.03650921230915658,0.6778779425453231,0.5463525012127701,0.003018184077228396,0.8657129809260369,0.17713677608351985,0.10604225746355951,0.8928065337240696,0.5228000418154395,0.97625,0.980625,0.9318749999999999,0.99125,-96.34002359455206,0.8030004225671291,0.4904649090314726,0.41566623903368294,0.5297145022454375,0.445062153677137,0.6152451654205937,0.4877380030493714,0.5870000000000001,0.7880341880341879,0.4168764079736995,0.03018943929258967,0.010205089658905922,0.09881275342428125,0.04670059125430845,0.012281050440493952,0.0035673292371729616,0.05699806739925406,721.388,24891.3,/home/joaoabitante/speculative-decoding-unlearning/saves/unlearn/sud/results/original-unlearned/target-Llama-3.2-1B-Instruct/draft-Llama-3.2-1B-Instruct_SimNPO/forget01/a0.5_k1_s0
original-unlearned,Llama-3.2-1B-Instruct,Llama-3.2-1B-Instruct_SimNPO,forget01,0.6,1,0,True,0.18234361818557637,0.1789182374727854,0.37767485716009425,0.08147553284277254,0.6531462966872694,0.5417024291892958,0.006760732303569208,0.8443603917956353,0.15770050734018587,0.10311223678290844,0.8223216619808227,0.536530158683908,0.9624999999999999,0.9674999999999999,0.881875,0.96875,-93.86068475204519,0.7748411772400141,0.48499456494474347,0.416374030850067,0.5305990280975265,0.44752834426312926,0.6158896254392991,0.4658068257457546,0.637,0.7139601139601139,0.40275057266951403,0.034168239870341496,0.011683614608758143,0.09900828772806562,0.047417473533325524,0.013907813089426783,0.004048467433591359,0.058507518933620314,0.017,4943.3,/home/joaoabitante/speculative-decoding-unlearning/saves/unlearn/sud/results/original-unlearned/target-Llama-3.2-1B-Instruct/draft-Llama-3.2-1B-Instruct_SimNPO/forget01/a0.6_k1_s0
original-unlearned,Llama-3.2-1B-Instruct,Llama-3.2-1B-Instruct_SimNPO,forget01,0.7,1,0,True,0.2573644887095848,0.2506119715480621,0.4181903420592627,0.12977935200513754,0.6410345871569252,0.5336021250633401,0.01430154804770646,0.8188013434410095,0.11040829351074574,0.09913947451859713,0.8026320211589336,0.5518590918797075,0.94875,0.9525,0.8281249999999999,0.93125,-91.0271546463231,0.7404718227684498,0.47956600982762476,0.41721958059685377,0.5310403940811999,0.4501268429431005,0.6164139132902479,0.4465190558157485,0.5895,0.7293447293447294,0.40554792098089704,0.038610756458365356,0.01339547306321022,0.09846164484973997,0.04775998412887351,0.015702571102434983,0.004601727044052611,0.05930365547537804,742.038,24891.3,/home/joaoabitante/speculative-decoding-unlearning/saves/unlearn/sud/results/original-unlearned/target-Llama-3.2-1B-Instruct/draft-Llama-3.2-1B-Instruct_SimNPO/forget01/a0.7_k1_s0
original-unlearned,Llama-3.2-1B-Instruct,Llama-3.2-1B-Instruct_SimNPO,forget01,0.8,1,0,True,0.34909093013288883,0.3346023613232478,0.4570112195182057,0.20432099507908333,0.6616558353915459,0.5309331007082225,0.054141077480362725,0.7910130754113197,0.0963626951109101,0.09430382614955306,0.8777758251875639,0.5692263850267933,0.926875,0.920625,0.7581249999999999,0.87875,-85.00590317166359,0.6996280833333731,0.4741568903924322,0.41820148631868936,0.5328126531650644,0.45280800427062934,0.6182741022068523,0.42746682954127835,0.5895,0.7792022792022791,0.3732661446420545,0.04351880673406413,0.015372507125153072,0.09711567397229373,0.04769131390668969,0.017660254600887132,0.005238099490938817,0.059381455969996756,733.061,24891.3,/home/joaoabitante/speculative-decoding-unlearning/saves/unlearn/sud/results/original-unlearned/target-Llama-3.2-1B-Instruct/draft-Llama-3.2-1B-Instruct_SimNPO/forget01/a0.8_k1_s0
original-unlearned,Llama-3.2-1B-Instruct,Llama-3.2-1B-Instruct_SimNPO,forget01,0.9,1,0,True,0.4619621167542725,0.4362907825433606,0.4879550380145038,0.34366648789574233,0.6515201185815391,0.521653567287857,0.09707484379785862,0.7682029291987419,0.08101902617312398,0.08871009917929769,0.8674810040742159,0.588979912880645,0.8656249999999999,0.859375,0.68,0.8150000000000001,-73.43565523996493,0.652568064853549,0.46871043595879847,0.41931861945543625,0.5350654810635949,0.4554910795197867,0.6208372126322264,0.4008664649635572,0.5845,0.7566951566951566,0.3810068935705289,0.04885216744471108,0.01764536397496337,0.0948471727827564,0.04714630817669928,0.01975958650945055,0.0059688934023073474,0.05872557491529733,728.183,24891.3,/home/joaoabitante/speculative-decoding-unlearning/saves/unlearn/sud/results/original-unlearned/target-Llama-3.2-1B-Instruct/draft-Llama-3.2-1B-Instruct_SimNPO/forget01/a0.9_k1_s0
original-unlearned,Llama-3.2-1B-Instruct,Llama-3.2-1B-Instruct_SimNPO,forget01,0.95,1,0,True,0.5107191137526651,0.47936354283224636,0.5053317750812397,0.42473880200300707,0.6490201226924687,0.5194772438412664,0.09707484379785862,0.7529603153467178,0.08032458172867954,0.08565701232291759,0.8646357305347919,0.5928956521318595,0.828125,0.823125,0.64125,0.775,-66.58795748446981,0.626959107555449,0.4658907289375911,0.4199346144612792,0.5360931646951719,0.45679816614667706,0.6223839763079096,0.39589852448127244,0.5870000000000001,0.7623931623931623,0.36665262535132814,0.051650502344709824,0.01890022886690974,0.09333126769168303,0.046675251425496125,0.020849469001659595,0.006373204207774243,0.058119597404729585,727.258,24891.3,/home/joaoabitante/speculative-decoding-unlearning/saves/unlearn/sud/results/original-unlearned/target-Llama-3.2-1B-Instruct/draft-Llama-3.2-1B-Instruct_SimNPO/forget01/a0.95_k1_s0
original-unlearned,Llama-3.2-1B-Instruct,Llama-3.2-1B-Instruct_SimNPO,forget01,0.98,1,0,True,0.5342150891285187,0.4996639377210163,0.510821820218913,0.4719336941881244,0.6497117527807652,0.518816444926992,0.09707484379785862,0.7479955270886421,0.07911993320260244,0.08374968175776303,0.8689424462616444,0.5934672375583169,0.808125,0.80125,0.610625,0.7518750000000001,-62.45572608029172,0.6110022167116403,0.46414955655732343,0.4203254681330742,0.5369859198267823,0.45756165099447005,0.6235926909434241,0.3911657587725881,0.6033333333333333,0.7623931623931623,0.3673983074915695,0.05336168025212828,0.019691944160283914,0.0923036935646087,0.0463303987040581,0.021512062189879843,0.006629016906687423,0.05766749886563048,0.017,4943.3,/home/joaoabitante/speculative-decoding-unlearning/saves/unlearn/sud/results/original-unlearned/target-Llama-3.2-1B-Instruct/draft-Llama-3.2-1B-Instruct_SimNPO/forget01/a0.98_k1_s0
original-unlearned,Llama-3.2-1B-Instruct,Llama-3.2-1B-Instruct_SimNPO,forget01,0.99,1,0,True,0.54219871918382,0.5071652072485257,0.5129073435224727,0.4907288514337636,0.6470098109767877,0.5187321524043985,0.09707484379785862,0.7461612805724144,0.077691361774031,0.08310180190019309,0.8595746679231524,0.5937181621174025,0.7999999999999999,0.7893749999999999,0.603125,0.7462500000000001,-60.212514746595026,0.605591650493443,0.4635676295602142,0.4204596884067411,0.5374940127566536,0.4578117731443429,0.6239695336254877,0.39461851839546497,0.5953333333333333,0.7680911680911682,0.37405465758520356,0.05393639965564944,0.019962329539016808,0.0919425535807386,0.046205576010736084,0.021733953120565273,0.006716556072176205,0.057502080672420554,0.017,4943.3,/home/joaoabitante/speculative-decoding-unlearning/saves/unlearn/sud/results/original-unlearned/target-Llama-3.2-1B-Instruct/draft-Llama-3.2-1B-Instruct_SimNPO/forget01/a0.99_k1_s0
original-unlearned,Llama-3.2-1B-Instruct,Llama-3.2-1B-Instruct_SimNPO,forget01,0.995,1,0,True,0.5479362728424184,0.5096458583648561,0.5129583615299841,0.49964435846344646,0.6560863102955843,0.51665144132228,0.09707484379785862,0.7461612805724144,0.077691361774031,0.08277561664581298,0.8986029848456383,0.5938548902782482,0.79375,0.78625,0.5975,0.744375,-59.6221959745696,0.6028699012845755,0.4632748389665879,0.4205275463037976,0.5377455468178467,0.4579359682012247,0.6241530766535758,0.3914098806741941,0.5903333333333333,0.7517094017094016,0.3638922647123225,0.05422444321389776,0.020098729325764775,0.09175859838025645,0.046141365979589864,0.02184505126383253,0.006760757433145344,0.057416592820081866,0.017,4943.3,/home/joaoabitante/speculative-decoding-unlearning/saves/unlearn/sud/results/original-unlearned/target-Llama-3.2-1B-Instruct/draft-Llama-3.2-1B-Instruct_SimNPO/forget01/a0.995_k1_s0
original-unlearned,Llama-3.2-1B-Instruct,Llama-3.2-1B-Instruct_SimNPO,forget05,0.1,1,0,True,0.0013941050579613556,0.0013938965284293994,0.11588452692964951,0.00046689289602345856,0.6802495906552813,0.5580420513590431,3.0799540915748314e-12,0.9648090824484825,0.6593997423479384,0.10481672418769448,0.8709908612072468,0.48837349914891787,0.9996250000000001,0.999825,0.9992000000000001,0.999725,-99.97255330928911,0.8650007891654968,0.5086864114869866,0.4097206671472558,0.5199046738904637,0.4321047174793763,0.6117156959861182,0.5546133576422959,0.617,0.7880341880341879,0.5712363250581075,0.0168891398703272,0.005737054191516295,0.09462918660603464,0.042436431671159,0.0068129756305021745,0.0021048073287232676,0.04432545281271451,0.02,4943.3,/home/joaoabitante/speculative-decoding-unlearning/saves/unlearn/sud/results/original-unlearned/target-Llama-3.2-1B-Instruct/draft-Llama-3.2-1B-Instruct_SimNPO/forget05/a0.1_k1_s0
original-unlearned,Llama-3.2-1B-Instruct,Llama-3.2-1B-Instruct_SimNPO,forget05,0.2,1,0,True,0.004033755309929571,0.00403199584623148,0.16645353210379732,0.0013582728529261134,0.6724677435177008,0.5519973362521916,6.5689645859369454e-12,0.9469835740327835,0.5167667019639569,0.10930451289750635,0.8602021755836904,0.5059346191692246,0.998975,0.999375,0.9984,0.999275,-99.90197614493383,0.8546375639736652,0.4997197972545917,0.4061109373885666,0.512591585530567,0.428785916577448,0.6035982238936315,0.5315393594003343,0.6265,0.7977207977207976,0.5373845942532973,0.01773105599844712,0.0061549446129226405,0.10040927729918621,0.04605620393074617,0.007269533663402399,0.0022893286874271714,0.049198962312657385,0.019,4943.3,/home/joaoabitante/speculative-decoding-unlearning/saves/unlearn/sud/results/original-unlearned/target-Llama-3.2-1B-Instruct/draft-Llama-3.2-1B-Instruct_SimNPO/forget05/a0.2_k1_s0
original-unlearned,Llama-3.2-1B-Instruct,Llama-3.2-1B-Instruct_SimNPO,forget05,0.3,1,0,True,0.011667785256271131,0.011652258747056792,0.2521738340848818,0.003973711775229449,0.6671991217088324,0.5430620600261503,1.2127544312107394e-10,0.9116823083162308,0.3371271513447167,0.11134340253192931,0.8649054864607751,0.524814483470444,0.9972750000000001,0.9982,0.996125,0.9974999999999999,-99.71769132689496,0.8385670997202397,0.49083097563307193,0.4028108187296546,0.5069345666982616,0.42541171774976616,0.5955982831870891,0.5248208127313563,0.6103333333333333,0.760968660968661,0.4839215848292646,0.018559926261077636,0.00662091946300664,0.10569655671715736,0.04955266457931362,0.007738294158340675,0.002493646945196896,0.05362719985819421,0.019,4943.3,/home/joaoabitante/speculative-decoding-unlearning/saves/unlearn/sud/results/original-unlearned/target-Llama-3.2-1B-Instruct/draft-Llama-3.2-1B-Instruct_SimNPO/forget05/a0.3_k1_s0
original-unlearned,Llama-3.2-1B-Instruct,Llama-3.2-1B-Instruct_SimNPO,forget05,0.4,1,0,True,0.03924396175285107,0.0390680669430478,0.3333900262468098,0.013901475700104636,0.6619963039241438,0.5391540102133193,1.8694649189611297e-09,0.8709373500943184,0.22730773425893688,0.11013351642526686,0.8573334543779493,0.5458980089822509,0.99175,0.99345,0.98915,0.98905,-98.97271014758898,0.8157627466320991,0.48199192834926946,0.3999291212419185,0.501785853604396,0.4220345632155789,0.5880311325962803,0.5102493384985364,0.6361666666666667,0.770940170940171,0.4351946752784162,0.019373932830931154,0.007140704720785073,0.11028913543093949,0.052814323857676586,0.00821238292486214,0.002721506905127656,0.05723715043300762,0.019,4943.3,/home/joaoabitante/speculative-decoding-unlearning/saves/unlearn/sud/results/original-unlearned/target-Llama-3.2-1B-Instruct/draft-Llama-3.2-1B-Instruct_SimNPO/forget05/a0.4_k1_s0
original-unlearned,Llama-3.2-1B-Instruct,Llama-3.2-1B-Instruct_SimNPO,forget05,0.5,1,0,True,0.1166829800246064,0.11512609590180585,0.40962314337209565,0.04602176173276787,0.6491098118587795,0.5295867883020696,4.6128382074998843e-07,0.8243599531054496,0.16765729081307013,0.10552009577862918,0.8383085999591277,0.570706360721748,0.9748,0.9776250000000001,0.967975,0.95755,-96.49074653442743,0.7851495941728354,0.47311003934159257,0.39754722461831826,0.4968038157343948,0.4187070643431702,0.5810921344041101,0.48019953383655467,0.622,0.7816239316239315,0.4020509235102876,0.02016697993472917,0.007719707540578717,0.11394135457929223,0.05571254737366564,0.00868357065651253,0.0029769593480292187,0.05954333574511111,986.67,27406.4,/home/joaoabitante/speculative-decoding-unlearning/saves/unlearn/sud/results/original-unlearned/target-Llama-3.2-1B-Instruct/draft-Llama-3.2-1B-Instruct_SimNPO/forget05/a0.5_k1_s0
original-unlearned,Llama-3.2-1B-Instruct,Llama-3.2-1B-Instruct_SimNPO,forget05,0.6,1,0,True,0.2693555570720337,0.26051968438467055,0.4821669047060131,0.13336645052973242,0.6387382232899882,0.5145789542539204,1.8266119303942767e-05,0.7715585407614708,0.12348009320307102,0.09733394265174866,0.8418664822168648,0.5989140682118396,0.93145,0.9340749999999999,0.906775,0.8682000000000001,-89.66044540626402,0.7459027949720621,0.46405743734043453,0.39567432694081994,0.4954188051117747,0.41547179055698097,0.5734778692600473,0.45183954355546907,0.5920000000000001,0.7165242165242166,0.37886870236836684,0.02092787388683064,0.008362248643095913,0.11637183892540634,0.05810313762395538,0.009142063661477852,0.003262994123931906,0.05979697032738476,0.019,4943.3,/home/joaoabitante/speculative-decoding-unlearning/saves/unlearn/sud/results/original-unlearned/target-Llama-3.2-1B-Instruct/draft-Llama-3.2-1B-Instruct_SimNPO/forget05/a0.6_k1_s0
original-unlearned,Llama-3.2-1B-Instruct,Llama-3.2-1B-Instruct_SimNPO,forget05,0.7,1,0,True,0.45588021353877506,0.4310409151497747,0.5385979091808415,0.3192217798480833,0.6283834230318593,0.5074583264938223,0.006094418258803505,0.7256853893399239,0.08947374783627955,0.08602522535715253,0.8249702109303325,0.6293847693327238,0.829925,0.829075,0.7911499999999999,0.720175,-73.19244039002628,0.6976302012056113,0.45479376976205715,0.39424366187563786,0.49258196563256496,0.41236267163205037,0.5662045412664134,0.42960586328311573,0.5720000000000001,0.7877492877492878,0.34939838574303417,0.021641131723299623,0.009070148072516966,0.1172963342955336,0.05982964189951895,0.009575103448987647,0.0035811941505959335,0.05743975644093007,995.757,27406.4,/home/joaoabitante/speculative-decoding-unlearning/saves/unlearn/sud/results/original-unlearned/target-Llama-3.2-1B-Instruct/draft-Llama-3.2-1B-Instruct_SimNPO/forget05/a0.7_k1_s0
original-unlearned,Llama-3.2-1B-Instruct,Llama-3.2-1B-Instruct_SimNPO,forget05,0.8,1,0,True,0.6152593090151649,0.5666897947542103,0.58850003673977,0.6392339523559918,0.6201992120249196,0.49253953626439895,0.220541217580421,0.678649665415287,0.07519618348773756,0.07359853813890367,0.837186880800873,0.6560317942448151,0.63415,0.628875,0.600725,0.5210750000000001,-41.79344415906626,0.6403470634669065,0.4451131873183614,0.3931941964318473,0.4892145772293423,0.4094106005420267,0.55922629777865,0.40440278936114527,0.551,0.736039886039886,0.3247383678498304,0.02228866898047272,0.00984004011073198,0.11644668303430081,0.06072306660818139,0.009964420982159937,0.0039326747927734265,0.053245069860015065,978.235,27406.4,/home/joaoabitante/speculative-decoding-unlearning/saves/unlearn/sud/results/original-unlearned/target-Llama-3.2-1B-Instruct/draft-Llama-3.2-1B-Instruct_SimNPO/forget05/a0.8_k1_s0
original-unlearned,Llama-3.2-1B-Instruct,Llama-3.2-1B-Instruct_SimNPO,forget05,0.9,1,0,True,0.6905793006414609,0.6292562888002141,0.629539504735955,0.9295216273521874,0.5952756550898243,0.47545511875219626,0.7125821300149116,0.6325316172838211,0.0643742639313677,0.06152462157420814,0.7958361511398107,0.6674825024547392,0.37207500000000004,0.360825,0.37787500000000007,0.32265,0.24702007524358283,0.5747538470849395,0.4350941062033685,0.3925418676673413,0.4858960934905523,0.40664517552740376,0.5534758015531992,0.3886475316643825,0.517,0.6612535612535612,0.3252248833558991,0.022848456107021776,0.010659498806712379,0.11359223388135434,0.06060810329067863,0.010287919567660233,0.0043187754848686664,0.04814280150318519,1002.488,27406.4,/home/joaoabitante/speculative-decoding-unlearning/saves/unlearn/sud/results/original-unlearned/target-Llama-3.2-1B-Instruct/draft-Llama-3.2-1B-Instruct_SimNPO/forget05/a0.9_k1_s0
original-unlearned,Llama-3.2-1B-Instruct,Llama-3.2-1B-Instruct_SimNPO,forget05,0.95,1,0,True,0.6414703889968852,0.5842209858360009,0.6470334752619603,0.6878906072238894,0.5961178552892464,0.46820674992888306,0.5452713464323318,0.6091494834423066,0.061282349087620425,0.055748536298051474,0.8201879984489642,0.6670159692592661,0.257775,0.246575,0.274775,0.24085,18.165777914340385,0.5393655770272017,0.4299003447559774,0.3923562546576448,0.4845710446537613,0.40533870100740615,0.5500755731073087,0.3868163095747639,0.47200000000000003,0.694017094017094,0.301262558758503,0.0230861892880057,0.011080549423427444,0.11135296652093529,0.06011929970934535,0.010418976220495701,0.004524948715298613,0.04534000314213335,1001.17,27406.4,/home/joaoabitante/speculative-decoding-unlearning/saves/unlearn/sud/results/original-unlearned/target-Llama-3.2-1B-Instruct/draft-Llama-3.2-1B-Instruct_SimNPO/forget05/a0.95_k1_s0
original-unlearned,Llama-3.2-1B-Instruct,Llama-3.2-1B-Instruct_SimNPO,forget05,0.98,1,0,True,0.5910844627615952,0.5383220587526891,0.6574277113673789,0.5448003656334095,0.5818004943952805,0.45121108531386755,0.39352743357720954,0.5944664013385773,0.05859971712639804,0.05238940066657961,0.8187681993213483,0.6662673445988918,0.20130000000000003,0.18894999999999998,0.22147500000000003,0.1971,27.20357590539469,0.5174790186434984,0.4266653685056291,0.3922702369818348,0.48392049434181783,0.40458034833923934,0.5479278281176172,0.3662411108524735,0.3945,0.6700854700854701,0.3071052178720331,0.023212519290682396,0.011334470584503063,0.10973837779834866,0.05967679058464819,0.010486999365839435,0.004652700261146139,0.04360122374794446,0.019,4943.3,/home/joaoabitante/speculative-decoding-unlearning/saves/unlearn/sud/results/original-unlearned/target-Llama-3.2-1B-Instruct/draft-Llama-3.2-1B-Instruct_SimNPO/forget05/a0.98_k1_s0
original-unlearned,Llama-3.2-1B-Instruct,Llama-3.2-1B-Instruct_SimNPO,forget05,0.99,1,0,True,0.5753626385978694,0.5253860363628384,0.6616227217928711,0.5024102545905109,0.5840226810798838,0.45284801207675784,0.2704743832803917,0.5884314568340778,0.05731831698573016,0.05128877114970237,0.8221803759294563,0.6661569892539325,0.18425,0.17172500000000002,0.20630000000000004,0.18430000000000002,29.90511291877273,0.5100911543518305,0.4255636613235542,0.3922431292985521,0.48375345533001024,0.4043319097275676,0.5472368938563547,0.3677757789581007,0.40116666666666667,0.6968660968660968,0.2995365134681122,0.023251643052208237,0.011419086897868145,0.10915436409413815,0.059503582720317354,0.010507874015438574,0.0046959299022958645,0.043013874451397,0.019,4943.3,/home/joaoabitante/speculative-decoding-unlearning/saves/unlearn/sud/results/original-unlearned/target-Llama-3.2-1B-Instruct/draft-Llama-3.2-1B-Instruct_SimNPO/forget05/a0.99_k1_s0
original-unlearned,Llama-3.2-1B-Instruct,Llama-3.2-1B-Instruct_SimNPO,forget05,0.995,1,0,True,0.5681713813453706,0.5211854600372585,0.662625913685196,0.48230783989555487,0.5890720341330187,0.46006695682317206,0.2704743832803917,0.5869967286288739,0.05720720587461905,0.05074215999804437,0.8186160801467486,0.6661483111781155,0.176175,0.163275,0.19922499999999999,0.178575,31.230395227222335,0.5063815402984619,0.42500688709786033,0.39222959808940727,0.48366763346920627,0.40420850925778495,0.5468840760083145,0.37226360902921635,0.45049999999999996,0.7096866096866097,0.2895510125892094,0.023270620731054806,0.011461365086789656,0.1088537228712812,0.059412091937354035,0.010517966767247344,0.004717661944149679,0.04271891533443705,0.019,4943.3,/home/joaoabitante/speculative-decoding-unlearning/saves/unlearn/sud/results/original-unlearned/target-Llama-3.2-1B-Instruct/draft-Llama-3.2-1B-Instruct_SimNPO/forget05/a0.995_k1_s0
original-unlearned,Llama-3.2-1B-Instruct,Llama-3.2-1B-Instruct_SimNPO,forget10,0.1,1,0,True,0.01565944621443749,0.015634994100222024,0.11687368304023169,0.005508190110582446,0.6786226776621844,0.5639560198034825,1.3990395281788573e-20,0.9646895863115788,0.6360699739657463,0.10585199825000018,0.8518192876549437,0.4905415601620804,0.9957937499999999,0.9960937500000001,0.997525,0.9967312500000001,-99.36729362039769,0.8707685046643019,0.5110434748335294,0.407604983559306,0.5177558949936999,0.4318277192745803,0.612561609162428,0.5694952910951139,0.7208333333333334,0.726068376068376,0.5630215574523583,0.0170193405867758,0.005692718537035461,0.09439828955801204,0.04203136449909735,0.006981259732360741,0.0020954697993413574,0.04610204481388792,1012.839,32402.5,/home/joaoabitante/speculative-decoding-unlearning/saves/unlearn/sud/results/original-unlearned/target-Llama-3.2-1B-Instruct/draft-Llama-3.2-1B-Instruct_SimNPO/forget10/a0.1_k1_s0
original-unlearned,Llama-3.2-1B-Instruct,Llama-3.2-1B-Instruct_SimNPO,forget10,0.2,1,0,True,0.021862121214005253,0.021815187397654926,0.17409210283935345,0.007692505865993877,0.6743497943423745,0.56238642983248,8.513756583610105e-19,0.9439958901703358,0.5057997603237532,0.1094611214636825,0.8419754726078827,0.5065536808976515,0.9948499999999998,0.9951500000000001,0.9963937500000001,0.9946375000000001,-99.21443176299903,0.8661553965508938,0.5045059224786347,0.4018394627504447,0.5085163109366442,0.4282359557950814,0.6049698648488947,0.5767325836293238,0.6995,0.7937321937321938,0.5141287635212956,0.01794029295720975,0.0060502481646340246,0.09985909256269224,0.0451571663451027,0.007600870232987897,0.002266480592405878,0.0504735533145431,1014.158,32402.5,/home/joaoabitante/speculative-decoding-unlearning/saves/unlearn/sud/results/original-unlearned/target-Llama-3.2-1B-Instruct/draft-Llama-3.2-1B-Instruct_SimNPO/forget10/a0.2_k1_s0
original-unlearned,Llama-3.2-1B-Instruct,Llama-3.2-1B-Instruct_SimNPO,forget10,0.3,1,0,True,0.035491906604035624,0.03536392487949511,0.2531026558206856,0.012645568870110745,0.6683317056122625,0.5548887771755218,7.975373070421785e-17,0.9113798007369042,0.326652031315742,0.11059054715093225,0.8400798510946333,0.5234787334060127,0.9931374999999999,0.99359375,0.9907062500000001,0.99071875,-98.96236154781846,0.8562124860286713,0.4979970624622172,0.39632492582819284,0.5003569298875129,0.42451118650802405,0.595914123825735,0.5564802351075986,0.682,0.8165242165242165,0.4574584017949747,0.01879659964804887,0.006433128232639518,0.1047549974708818,0.04807878152209363,0.008223530177407764,0.0024522772870107733,0.054168698594105086,1006.399,32402.5,/home/joaoabitante/speculative-decoding-unlearning/saves/unlearn/sud/results/original-unlearned/target-Llama-3.2-1B-Instruct/draft-Llama-3.2-1B-Instruct_SimNPO/forget10/a0.3_k1_s0
original-unlearned,Llama-3.2-1B-Instruct,Llama-3.2-1B-Instruct_SimNPO,forget10,0.4,1,0,True,0.06436779402909489,0.06390951092722297,0.3350944814909388,0.0237515625815765,0.6577074853162224,0.5391870547913944,5.7046977773929285e-15,0.8702201516926289,0.20874577700576802,0.10889775635907427,0.843012831218075,0.541842906760283,0.9884062500000002,0.9895125000000001,0.9761875000000001,0.98011875,-98.30130993933288,0.8404722043126821,0.4914151417319427,0.39111466301663095,0.4930725467482048,0.4206499202968319,0.5861445427408122,0.5247330414596721,0.6378333333333334,0.7545584045584045,0.428376681067842,0.019585602274164556,0.006840811886056055,0.10893157815793529,0.05069617209636329,0.0088387565844702,0.0026548922723562533,0.05696959515336493,1008.714,32402.5,/home/joaoabitante/speculative-decoding-unlearning/saves/unlearn/sud/results/original-unlearned/target-Llama-3.2-1B-Instruct/draft-Llama-3.2-1B-Instruct_SimNPO/forget10/a0.4_k1_s0
original-unlearned,Llama-3.2-1B-Instruct,Llama-3.2-1B-Instruct_SimNPO,forget10,0.5,1,0,True,0.12962305503332938,0.1276764684949197,0.41489948110267905,0.052085142264348426,0.6516884989215544,0.5298476480437548,4.640299916950861e-12,0.8209137302637101,0.14104500725340494,0.10402363331057131,0.8462986911227927,0.5628468736850637,0.97598125,0.9779875,0.945025,0.9497062500000001,-96.43457308474264,0.8185269441455603,0.4849935978606631,0.3862467339392369,0.4852936159168243,0.4166743822953685,0.5786575675186454,0.5198677615817541,0.5945,0.758119658119658,0.3960868125994919,0.020291939609160183,0.007273327774079458,0.11222420037258417,0.052896047126275846,0.009432903567612812,0.002876615915838218,0.05848330916598206,1278.982,32402.5,/home/joaoabitante/speculative-decoding-unlearning/saves/unlearn/sud/results/original-unlearned/target-Llama-3.2-1B-Instruct/draft-Llama-3.2-1B-Instruct_SimNPO/forget10/a0.5_k1_s0
original-unlearned,Llama-3.2-1B-Instruct,Llama-3.2-1B-Instruct_SimNPO,forget10,0.6,1,0,True,0.25095151647225045,0.2431753585065472,0.48181017027161976,0.11994613470197209,0.6485427016304256,0.5196980005897299,6.834081702543897e-09,0.7711620712280274,0.11023536954299601,0.09581812768010423,0.8623346552869771,0.5874560641113655,0.9449687499999999,0.9475124999999999,0.8911375000000001,0.87778125,-91.49845112000185,0.7899869744479656,0.47890203219810684,0.38177883396603823,0.4766495145440212,0.412569123591806,0.5724259153355309,0.5105270202024915,0.5828333333333333,0.7136752136752137,0.3673850009072764,0.02088046877499437,0.007727111580027893,0.11444712836761027,0.054566242153897854,0.00998400199567186,0.0031194026676899236,0.05814392208735807,998.591,32402.5,/home/joaoabitante/speculative-decoding-unlearning/saves/unlearn/sud/results/original-unlearned/target-Llama-3.2-1B-Instruct/draft-Llama-3.2-1B-Instruct_SimNPO/forget10/a0.6_k1_s0
original-unlearned,Llama-3.2-1B-Instruct,Llama-3.2-1B-Instruct_SimNPO,forget10,0.7,1,0,True,0.42289373256866536,0.3998337696224168,0.5390661136480039,0.2724652589712655,0.6374591215507932,0.5055955770172097,2.1316067663008397e-06,0.722512734234333,0.08789471691794638,0.08509794873651116,0.8623732631199528,0.6145929083791671,0.8719125,0.8709375000000001,0.784,0.74363125,-79.09538173690021,0.7548069382458925,0.4730327070144209,0.37773862107176975,0.47015774554826295,0.408283422082182,0.5673665575457703,0.5000054981540399,0.532,0.6683760683760683,0.3566650760726461,0.02130852421047166,0.00819553801704502,0.11541849659755826,0.055599357260738086,0.010463579847849663,0.0033849657012325193,0.05578291447267111,1279.456,32402.5,/home/joaoabitante/speculative-decoding-unlearning/saves/unlearn/sud/results/original-unlearned/target-Llama-3.2-1B-Instruct/draft-Llama-3.2-1B-Instruct_SimNPO/forget10/a0.7_k1_s0
original-unlearned,Llama-3.2-1B-Instruct,Llama-3.2-1B-Instruct_SimNPO,forget10,0.8,1,0,True,0.5846163175737881,0.5402996771948749,0.5867757522833384,0.5476307232023698,0.6244948748958867,0.494511521718101,0.0022938851536275073,0.6774891658127308,0.07508456404516989,0.07369433612329886,0.8471770840825047,0.64287759642178,0.72170625,0.7121499999999998,0.6194937500000001,0.564,-53.37612114703063,0.7132749843597412,0.46748829082491183,0.3741225429725731,0.4629301923470113,0.4037607694232295,0.5620455471422321,0.4832844651547403,0.49200000000000005,0.6811965811965811,0.3373984513081449,0.021550356106308753,0.008679880039277808,0.11495966537157074,0.0558848860645703,0.01083921995515387,0.003675775307243945,0.052187580653902846,1263.891,32402.5,/home/joaoabitante/speculative-decoding-unlearning/saves/unlearn/sud/results/original-unlearned/target-Llama-3.2-1B-Instruct/draft-Llama-3.2-1B-Instruct_SimNPO/forget10/a0.8_k1_s0
original-unlearned,Llama-3.2-1B-Instruct,Llama-3.2-1B-Instruct_SimNPO,forget10,0.9,1,0,True,0.6784906592055793,0.6119462188247591,0.6291999676478749,0.8699621659308628,0.5942534040076377,0.4621933965251913,0.054052912731737235,0.6312600393593312,0.06474357677338359,0.06248304082313552,0.8319667392363772,0.6624849214975267,0.49529375000000003,0.47816875,0.43725,0.3765875,-15.47751614415946,0.6659125434607267,0.462440822009475,0.37113424078295587,0.45881293185050753,0.39899452321570006,0.5547437447094365,0.460966642850585,0.344,0.6455840455840456,0.3116933161628295,0.02156896460757707,0.009198257269663645,0.11288436659844592,0.05530767113499588,0.011052591232207,0.003995033676998868,0.047744544220375246,1273.911,32402.5,/home/joaoabitante/speculative-decoding-unlearning/saves/unlearn/sud/results/original-unlearned/target-Llama-3.2-1B-Instruct/draft-Llama-3.2-1B-Instruct_SimNPO/forget10/a0.9_k1_s0
original-unlearned,Llama-3.2-1B-Instruct,Llama-3.2-1B-Instruct_SimNPO,forget10,0.95,1,0,True,0.6891124637480062,0.6190304245378405,0.6472370854569929,0.8836613821190853,0.5963947702250657,0.4609135287383889,0.28118158736530297,0.6085735896229744,0.05962787557096557,0.05706501870416105,0.8446808409423102,0.6660318762622937,0.37576875000000004,0.3593375,0.34536875,0.294725,3.7699175957125997,0.6402600004896521,0.459994579373954,0.3698644681980493,0.456654117125967,0.39652727102939184,0.5504112429912185,0.4355492031972615,0.36200000000000004,0.6666666666666666,0.3225334846248383,0.02146362333194702,0.009477096836871885,0.11117916458752006,0.05466003371678517,0.011077057609569842,0.00416656881955651,0.0452660060153139,1269.547,32402.5,/home/joaoabitante/speculative-decoding-unlearning/saves/unlearn/sud/results/original-unlearned/target-Llama-3.2-1B-Instruct/draft-Llama-3.2-1B-Instruct_SimNPO/forget10/a0.95_k1_s0
original-unlearned,Llama-3.2-1B-Instruct,Llama-3.2-1B-Instruct_SimNPO,forget10,0.98,1,0,True,0.6559388996528595,0.5937197401385436,0.6572367501407934,0.7410997098213349,0.587292554876116,0.4582906759192121,0.3670864569817871,0.5950255381315946,0.057717108700959564,0.05389074064209126,0.817369750867365,0.6672972047463019,0.30926875,0.29423750000000004,0.29493125000000003,0.2521375,14.31434876567563,0.6242870433628559,0.45852158539575444,0.369122605249557,0.45538855495605945,0.39502032468837844,0.5475268121818732,0.4442201365189835,0.35533333333333333,0.6548433048433048,0.30886275669878954,0.021356940987898268,0.009651625412177178,0.1099279041029513,0.054149497225517734,0.011064799938976647,0.004273627805715498,0.0437100241660446,996.137,32402.5,/home/joaoabitante/speculative-decoding-unlearning/saves/unlearn/sud/results/original-unlearned/target-Llama-3.2-1B-Instruct/draft-Llama-3.2-1B-Instruct_SimNPO/forget10/a0.98_k1_s0
original-unlearned,Llama-3.2-1B-Instruct,Llama-3.2-1B-Instruct_SimNPO,forget10,0.99,1,0,True,0.6450291456005847,0.5866951819727267,0.6598502087410093,0.6963877947387862,0.5884167870114041,0.4625537649275055,0.3670864569817871,0.5915353622287511,0.05678456406644512,0.05284640943980776,0.8083810023404658,0.6676497268300983,0.28868125,0.27381875,0.27905,0.2388625,17.621631468466465,0.6188693119958043,0.45804923363769845,0.36887296913539364,0.45492634822790845,0.3945134986460883,0.5465120423223467,0.4344933680694153,0.389,0.6612535612535612,0.3035808141028386,0.021314067653001985,0.009711019171127619,0.10947158152470365,0.053958507210384594,0.011056557295135765,0.00431003534943921,0.04318102191032086,1009.343,32402.5,/home/joaoabitante/speculative-decoding-unlearning/saves/unlearn/sud/results/original-unlearned/target-Llama-3.2-1B-Instruct/draft-Llama-3.2-1B-Instruct_SimNPO/forget10/a0.99_k1_s0
original-unlearned,Llama-3.2-1B-Instruct,Llama-3.2-1B-Instruct_SimNPO,forget10,0.995,1,0,True,0.6362794235806528,0.5736376124179724,0.6608501941991768,0.6742181473633508,0.5819001342315172,0.44775166315218373,0.28118158736530297,0.5901967949420214,0.0565671727620973,0.05232691887300461,0.8308166481612715,0.6678071694934311,0.27841875000000005,0.26366875,0.27109374999999997,0.2325,19.26565568313812,0.6161432826891542,0.4578178122513337,0.36874745044349405,0.45468541797778117,0.3942592497475109,0.5460473883599751,0.44046758192609237,0.317,0.6292022792022792,0.3039145235208919,0.02129129094828386,0.009740941511053178,0.10923596051521599,0.05385907165477238,0.01105169708024429,0.004328375154052016,0.042914694032151604,1001.938,32402.5,/home/joaoabitante/speculative-decoding-unlearning/saves/unlearn/sud/results/original-unlearned/target-Llama-3.2-1B-Instruct/draft-Llama-3.2-1B-Instruct_SimNPO/forget10/a0.995_k1_s0
original-unlearned,Llama-3.2-1B-Instruct,Llama-3.2-1B-Instruct_UNDIAL,forget01,0.1,1,0,True,0.0,0.0,0.07505180767564906,0.0,0.6684024631048403,0.567040268111346,0.006760732303569208,0.9786652743816375,0.6938651549955023,0.10768188876099885,0.8138908266555518,0.49082987246187004,1.0,1.0,0.999375,1.0,-99.9999999811098,0.8592720280587673,0.5043169256685159,0.4123481713958851,0.5210763220952088,0.4369141243295781,0.6158802063506683,0.554424923843005,0.7028333333333333,0.805128205128205,0.565017752134972,0.021092764569693827,0.0072154973977381215,0.09661857006023639,0.043894850591126834,0.008618191463797302,0.00264600330549038,0.04805597183760255,0.017,4943.3,/home/joaoabitante/speculative-decoding-unlearning/saves/unlearn/sud/results/original-unlearned/target-Llama-3.2-1B-Instruct/draft-Llama-3.2-1B-Instruct_UNDIAL/forget01/a0.1_k1_s0
original-unlearned,Llama-3.2-1B-Instruct,Llama-3.2-1B-Instruct_UNDIAL,forget01,0.2,1,0,True,0.0,0.0,0.14708733590714773,0.0,0.655187469846744,0.5552534476318146,0.006760732303569208,0.9545308142900467,0.5266601262803846,0.11559454537928104,0.798988756397739,0.5106050111915076,0.998125,1.0,0.999375,1.0,-99.9999999811098,0.8432099597156048,0.490841562302078,0.41103494558525244,0.5142795286648375,0.4388265314152637,0.6128923843298674,0.5284043988890288,0.662,0.7723646723646723,0.5054799239660914,0.027773382852319627,0.00979777279257893,0.10483346741762943,0.0493496753291411,0.011671979996172015,0.00363766730411457,0.05517716143513098,0.017,4943.3,/home/joaoabitante/speculative-decoding-unlearning/saves/unlearn/sud/results/original-unlearned/target-Llama-3.2-1B-Instruct/draft-Llama-3.2-1B-Instruct_UNDIAL/forget01/a0.2_k1_s0
original-unlearned,Llama-3.2-1B-Instruct,Llama-3.2-1B-Instruct_UNDIAL,forget01,0.3,1,0,True,0.025836921850635325,0.025784376034928225,0.22002685848545214,0.009094170517819973,0.6221024019269388,0.5422763680604251,0.003018184077228396,0.9261187136173248,0.386816072217926,0.12010172307491303,0.7294868359575049,0.5327524350635804,0.989375,0.994375,0.995625,0.9975,-98.93742619146401,0.8208675871789456,0.477213847096367,0.40953633034141196,0.507362561712423,0.4411367762075556,0.6098003993978843,0.49820745326866356,0.574,0.8236467236467238,0.43690277568799185,0.03657148825674085,0.013404429162880047,0.1129299929481931,0.05504979341804631,0.01581002581124873,0.005036592391151935,0.06168015261879191,0.017,4943.3,/home/joaoabitante/speculative-decoding-unlearning/saves/unlearn/sud/results/original-unlearned/target-Llama-3.2-1B-Instruct/draft-Llama-3.2-1B-Instruct_UNDIAL/forget01/a0.3_k1_s0
original-unlearned,Llama-3.2-1B-Instruct,Llama-3.2-1B-Instruct_UNDIAL,forget01,0.4,1,0,True,0.12775963853730887,0.12619451588550892,0.3485597974292518,0.05255163434793768,0.6314158936301825,0.5333413605213984,0.006760732303569208,0.8616554230451584,0.24549864267795424,0.12156921066343784,0.773686829674989,0.56063480252489,0.960625,0.9737499999999999,0.9768749999999999,0.97875,-95.04132229609607,0.7904481579363346,0.46329397233256825,0.4078486367010444,0.5009994158027061,0.44382584786525564,0.6057482028961958,0.4640654655479026,0.5928333333333333,0.7951566951566952,0.3826800680548493,0.0480854859482497,0.01845246522836346,0.12058500118087977,0.0608350752315705,0.02136598122138821,0.007055085913639542,0.06768488178029657,0.01,4943.3,/home/joaoabitante/speculative-decoding-unlearning/saves/unlearn/sud/results/original-unlearned/target-Llama-3.2-1B-Instruct/draft-Llama-3.2-1B-Instruct_UNDIAL/forget01/a0.4_k1_s0
original-unlearned,Llama-3.2-1B-Instruct,Llama-3.2-1B-Instruct_UNDIAL,forget01,0.5,1,0,True,0.27373344436646924,0.2667918283328868,0.4776420020054855,0.13875505877818478,0.6027712123350892,0.5143610767870067,0.02860307028023343,0.7716254010796547,0.15578766907730102,0.11984533360227942,0.7278820629697293,0.5970141632287068,0.9262499999999999,0.934375,0.9437499999999999,0.9099999999999999,-87.60330576857551,0.7499903077632188,0.4493710172423418,0.4060069566139917,0.4948905419382815,0.4469780369579951,0.6025768909976043,0.4269912502438797,0.53,0.7521367521367521,0.32807341487333674,0.06295567525201477,0.025751028864760883,0.12736419029766693,0.0664653786887684,0.02869279972971223,0.010014316016919949,0.07266538337338715,790.489,24891.3,/home/joaoabitante/speculative-decoding-unlearning/saves/unlearn/sud/results/original-unlearned/target-Llama-3.2-1B-Instruct/draft-Llama-3.2-1B-Instruct_UNDIAL/forget01/a0.5_k1_s0
original-unlearned,Llama-3.2-1B-Instruct,Llama-3.2-1B-Instruct_UNDIAL,forget01,0.6,1,0,True,0.44483754413022464,0.4227507417390305,0.5712234828111081,0.2971229791935198,0.6143272162675301,0.5050142505706368,0.16497269950224194,0.6860516659915448,0.11046529018582205,0.11460959389805794,0.7840358638903127,0.6395304233236745,0.82375,0.8581249999999999,0.8981250000000001,0.774375,-73.19952773115473,0.6975806433707475,0.4351674565307427,0.4039551956064453,0.48842288011724866,0.45052953646319394,0.601254614922326,0.3973935549646221,0.55,0.7410256410256411,0.2972137926055108,0.08158369479002431,0.036513067630125094,0.13267326270230115,0.07158652154398806,0.0380547312759154,0.014385711449785,0.07569084172137082,0.017,4943.3,/home/joaoabitante/speculative-decoding-unlearning/saves/unlearn/sud/results/original-unlearned/target-Llama-3.2-1B-Instruct/draft-Llama-3.2-1B-Instruct_UNDIAL/forget01/a0.6_k1_s0
original-unlearned,Llama-3.2-1B-Instruct,Llama-3.2-1B-Instruct_UNDIAL,forget01,0.7,1,0,True,0.6492261453631635,0.596305613004225,0.657284826312468,0.6838647470488871,0.6107996361756364,0.4884507295131274,0.5786001416508443,0.5811655081808567,0.08267684103576578,0.10478595308959485,0.8149249996989966,0.6707429190274488,0.58,0.6575000000000001,0.7575000000000001,0.57,-35.30106256712143,0.6316395489126444,0.420463379283424,0.40150561734441853,0.4860224118536467,0.45394267711517056,0.5991901921447216,0.37227235550276944,0.4935,0.750997150997151,0.2729352550881506,0.10384072577115148,0.05229051632670592,0.13568047017324716,0.07568148660066801,0.04950764366512885,0.02084388365840582,0.07538205967284739,901.284,24891.3,/home/joaoabitante/speculative-decoding-unlearning/saves/unlearn/sud/results/original-unlearned/target-Llama-3.2-1B-Instruct/draft-Llama-3.2-1B-Instruct_UNDIAL/forget01/a0.7_k1_s0
original-unlearned,Llama-3.2-1B-Instruct,Llama-3.2-1B-Instruct_UNDIAL,forget01,0.8,1,0,True,0.6430137629658313,0.6096003139890602,0.7151345352365802,0.7159389547534961,0.5346379695352123,0.4703332834910376,0.7659314523482239,0.49251126423478125,0.0651286547852067,0.09018362336792052,0.6193111354019493,0.6877213609783517,0.2975,0.375,0.48250000000000004,0.32625,18.063754423978505,0.5513893259316682,0.4049952541056699,0.3988712168020129,0.48432521705768466,0.45631799281286717,0.5956827374329413,0.34368535989465093,0.4796666666666667,0.7061253561253561,0.2042644849663308,0.128493441962637,0.07476291082673567,0.13521704110316932,0.07800066240262823,0.06241664548113476,0.030211024012261466,0.07091643910389393,892.824,24891.3,/home/joaoabitante/speculative-decoding-unlearning/saves/unlearn/sud/results/original-unlearned/target-Llama-3.2-1B-Instruct/draft-Llama-3.2-1B-Instruct_UNDIAL/forget01/a0.8_k1_s0
original-unlearned,Llama-3.2-1B-Instruct,Llama-3.2-1B-Instruct_UNDIAL,forget01,0.9,1,0,True,0.44801017099569707,0.41681515383492995,0.7632828086812486,0.2849501723008609,0.5328329902959784,0.42053573897983065,0.404587405685253,0.4123478543013334,0.05064880542676413,0.07232623682357371,0.7269543690839783,0.710470267322199,0.11437500000000002,0.16999999999999998,0.24500000000000005,0.108125,56.788665868847474,0.4571777257323265,0.3884339903667602,0.3961225528723498,0.48077189834067335,0.45691370228347417,0.5874946932451862,0.295877448570183,0.3253333333333333,0.5914529914529915,0.19992581318545039,0.15147962279617785,0.10472431620428713,0.12967696863226594,0.07747512436291436,0.07462199573637918,0.043045141650384956,0.06255781760904937,1010.897,24891.3,/home/joaoabitante/speculative-decoding-unlearning/saves/unlearn/sud/results/original-unlearned/target-Llama-3.2-1B-Instruct/draft-Llama-3.2-1B-Instruct_UNDIAL/forget01/a0.9_k1_s0
original-unlearned,Llama-3.2-1B-Instruct,Llama-3.2-1B-Instruct_UNDIAL,forget01,0.95,1,0,True,0.31496441842899486,0.30538653824230766,0.7848373652297878,0.16610664279587933,0.4483285090745017,0.395376065816778,0.2656871402817289,0.3733443360775709,0.03521077123872994,0.06275540709029884,0.5176581007661298,0.7156293358879249,0.06625000000000002,0.10375000000000001,0.17375000000000002,0.05750000000000001,69.30342383578683,0.4055130038410425,0.37928683095979415,0.39460058799393904,0.4797246541671038,0.4564825968486963,0.5830104478115613,0.2710471926282983,0.2816666666666666,0.5273504273504274,0.1658875480626511,0.16029588221572338,0.12186410770633131,0.12440272650215775,0.07572647483512993,0.07934130195896918,0.05057748852912616,0.05710701195523142,988.163,24891.3,/home/joaoabitante/speculative-decoding-unlearning/saves/unlearn/sud/results/original-unlearned/target-Llama-3.2-1B-Instruct/draft-Llama-3.2-1B-Instruct_UNDIAL/forget01/a0.95_k1_s0
original-unlearned,Llama-3.2-1B-Instruct,Llama-3.2-1B-Instruct_UNDIAL,forget01,0.98,1,0,True,0.24319299212082812,0.23644211464631035,0.7946567214260464,0.11347163015451668,0.4415593376704165,0.38212941889462865,0.16497269950224194,0.35212042182683945,0.0343774379053966,0.05693430623505265,0.5228790656612545,0.7172826791765581,0.04437500000000001,0.07375000000000001,0.14687500000000003,0.036875000000000005,74.97048404723107,0.3734207120165229,0.37331209182797465,0.39358165428785474,0.47895804732352426,0.45600079967975343,0.5794206187859292,0.2538505925913971,0.257,0.5501424501424502,0.1598210754971686,0.1642003671359271,0.13234153915391678,0.1203168080560863,0.07410601553879678,0.08144812731052903,0.05526280469679052,0.05348073508124799,0.017,4943.3,/home/joaoabitante/speculative-decoding-unlearning/saves/unlearn/sud/results/original-unlearned/target-Llama-3.2-1B-Instruct/draft-Llama-3.2-1B-Instruct_UNDIAL/forget01/a0.98_k1_s0
original-unlearned,Llama-3.2-1B-Instruct,Llama-3.2-1B-Instruct_UNDIAL,forget01,0.99,1,0,True,0.21616175632815768,0.2110819235704084,0.7980461558655103,0.09668915029499459,0.4380176033413489,0.3821156307126771,0.16497269950224194,0.3449807494878769,0.03373641226437096,0.05499291070736945,0.5130789855553303,0.7181528030506735,0.038125000000000006,0.06312500000000001,0.135,0.030625000000000006,76.97756787211758,0.3625897778943181,0.371230821108675,0.393218877609774,0.4785051345170164,0.45580267800215146,0.5782303139589152,0.2632131223387042,0.26516666666666666,0.5064102564102564,0.18458694492580024,0.16523151188157498,0.13579749836463034,0.11879582365974783,0.07346441437792964,0.08200876889847375,0.05682418272493531,0.05221889132633806,0.017,4943.3,/home/joaoabitante/speculative-decoding-unlearning/saves/unlearn/sud/results/original-unlearned/target-Llama-3.2-1B-Instruct/draft-Llama-3.2-1B-Instruct_UNDIAL/forget01/a0.99_k1_s0
original-unlearned,Llama-3.2-1B-Instruct,Llama-3.2-1B-Instruct_UNDIAL,forget01,0.995,1,0,True,0.2032430267710852,0.1991674192525454,0.7988055298868797,0.08924518278842898,0.4340846216036027,0.38376683793945726,0.09707484379785862,0.343812271207571,0.03373641226437096,0.05402338490821421,0.4995884093688801,0.7186491511247606,0.03375000000000001,0.061875000000000006,0.13125000000000003,0.028125000000000008,77.21369538092773,0.3571548721194267,0.3701701741127485,0.39303219729184086,0.4782380132935827,0.45569668734588226,0.5777582940502599,0.23994241055635565,0.29333333333333333,0.5515669515669516,0.17213342286542138,0.16569311273284257,0.13751073500726563,0.11800534516572952,0.07312417981598993,0.08226100301273012,0.05760152301428904,0.05157873632851988,0.017,4943.3,/home/joaoabitante/speculative-decoding-unlearning/saves/unlearn/sud/results/original-unlearned/target-Llama-3.2-1B-Instruct/draft-Llama-3.2-1B-Instruct_UNDIAL/forget01/a0.995_k1_s0
original-unlearned,Llama-3.2-1B-Instruct,Llama-3.2-1B-Instruct_UNDIAL,forget05,0.1,1,0,True,0.0009337432252797514,0.0009336548008950232,0.11006308817573297,0.0003122763645827248,0.6678458891160458,0.5550511667246586,1.3261055712130201e-13,0.9667947626113892,0.6690329659718621,0.10740326000377536,0.8381757794506848,0.47955054305402045,0.9996999999999999,0.9999,0.9995499999999999,0.999775,-99.984316170015,0.8644232609122992,0.5082415887416073,0.411422003878026,0.5214028575343899,0.4336939716536574,0.6121545782262444,0.554907906243242,0.5795,0.7844729344729344,0.5467469779012134,0.017388069071021164,0.0059823675813504935,0.09482927430886776,0.04260641894560512,0.007020553536050706,0.0021809341129257168,0.04425030502933078,0.019,4943.3,/home/joaoabitante/speculative-decoding-unlearning/saves/unlearn/sud/results/original-unlearned/target-Llama-3.2-1B-Instruct/draft-Llama-3.2-1B-Instruct_UNDIAL/forget05/a0.1_k1_s0
original-unlearned,Llama-3.2-1B-Instruct,Llama-3.2-1B-Instruct_UNDIAL,forget05,0.2,1,0,True,0.002014510333043922,0.002014109790538285,0.14259011127763513,0.0006753720500771801,0.6591227377487684,0.5514740790436495,5.86730162802883e-14,0.9554908034205437,0.5839096463515608,0.11578773345332592,0.8189911801344715,0.4875920102894841,0.999275,0.999725,0.99945,0.9995999999999999,-99.95686949498794,0.8535881369560957,0.4990206100519383,0.40946844880593547,0.5155737556730039,0.43208554574094443,0.6054573653282165,0.5431617938869039,0.597,0.780911680911681,0.5347340697999701,0.01881379779370036,0.006695640199915523,0.10085402211057953,0.04643445913879475,0.007722759009164596,0.002462075384218329,0.04945341809885576,0.019,4943.3,/home/joaoabitante/speculative-decoding-unlearning/saves/unlearn/sud/results/original-unlearned/target-Llama-3.2-1B-Instruct/draft-Llama-3.2-1B-Instruct_UNDIAL/forget05/a0.2_k1_s0
original-unlearned,Llama-3.2-1B-Instruct,Llama-3.2-1B-Instruct_UNDIAL,forget05,0.3,1,0,True,0.004564938900230151,0.004562814068708684,0.21435436044036135,0.0015361020512651578,0.6581716942740593,0.5478250560238489,2.9623487356936016e-13,0.9272397416830063,0.43205279468923563,0.1232949149608612,0.8241845326311886,0.4961398365107014,0.9980500000000001,0.999175,0.99915,0.9992,-99.87060851633146,0.8370661192387342,0.4899979504755262,0.40771909229700115,0.5097514972022489,0.43053221816363596,0.600028258540692,0.5346128065397958,0.632,0.7481481481481481,0.46895543857911504,0.020301115700713124,0.007518882181525694,0.10642311688163318,0.050178579157460025,0.00847616311785714,0.0027877974542590413,0.05474640897894278,0.019,4943.3,/home/joaoabitante/speculative-decoding-unlearning/saves/unlearn/sud/results/original-unlearned/target-Llama-3.2-1B-Instruct/draft-Llama-3.2-1B-Instruct_UNDIAL/forget05/a0.3_k1_s0
original-unlearned,Llama-3.2-1B-Instruct,Llama-3.2-1B-Instruct_UNDIAL,forget05,0.4,1,0,True,0.0159616582152392,0.01593616428092299,0.3121917972623192,0.005458419261881933,0.647662007777999,0.5420966431957841,1.4275699621532978e-12,0.8785587903857232,0.3114318895826694,0.12933855650015175,0.8042846355866641,0.5057252804568315,0.9929250000000001,0.997225,0.997275,0.996775,-99.56477413745847,0.8138084466010332,0.4812184291393472,0.40626195441964663,0.5041202754841646,0.4290900202628948,0.5936749454769836,0.48602249858019875,0.6745,0.7720797720797721,0.44454789009126366,0.021831289413385094,0.008472904741392801,0.11132781409425661,0.05372729231426266,0.009270022861107159,0.0031659735572892394,0.059887710384093226,0.019,4943.3,/home/joaoabitante/speculative-decoding-unlearning/saves/unlearn/sud/results/original-unlearned/target-Llama-3.2-1B-Instruct/draft-Llama-3.2-1B-Instruct_UNDIAL/forget05/a0.4_k1_s0
original-unlearned,Llama-3.2-1B-Instruct,Llama-3.2-1B-Instruct_UNDIAL,forget05,0.5,1,0,True,0.06041934868794277,0.06001532367988049,0.4245121680737755,0.02187834965610474,0.628916401042863,0.5196690151283885,3.0799540915748314e-12,0.8039834955334664,0.18722522768306768,0.13336185517720878,0.7963234475580976,0.5163337496344996,0.9776750000000001,0.989175,0.9892749999999999,0.984675,-98.30222708621358,0.7828373768180609,0.4724022301878687,0.4052160692818754,0.498495980362122,0.4278298789987926,0.5865904397537737,0.4703528586789292,0.5061666666666667,0.7652421652421653,0.4115956232792128,0.023372904492425732,0.009582220288441341,0.11532552009215578,0.05694997614904127,0.010084488546460001,0.0036063086907990025,0.06456097069196404,1019.408,27406.4,/home/joaoabitante/speculative-decoding-unlearning/saves/unlearn/sud/results/original-unlearned/target-Llama-3.2-1B-Instruct/draft-Llama-3.2-1B-Instruct_UNDIAL/forget05/a0.5_k1_s0
original-unlearned,Llama-3.2-1B-Instruct,Llama-3.2-1B-Instruct_UNDIAL,forget05,0.6,1,0,True,0.16973893003257406,0.16703324884919377,0.5175121205242836,0.07093068318463264,0.608417499471843,0.5181607485261659,1.3850840057169374e-11,0.7164223152399063,0.13612904202429316,0.13472137219272554,0.7367495249526109,0.5292014386698641,0.9366,0.9689,0.9628000000000001,0.93925,-95.12233373664957,0.7434235814213753,0.46360288601242955,0.40471129389289734,0.49512885188281147,0.4267854658537353,0.5797458022010207,0.47019269391302493,0.532,0.7680911680911682,0.3565310459650198,0.024877457247057463,0.010874715974980187,0.11816769958706573,0.059694947358631456,0.010887734521553888,0.0041225071421831724,0.06836618779413402,0.02,4943.3,/home/joaoabitante/speculative-decoding-unlearning/saves/unlearn/sud/results/original-unlearned/target-Llama-3.2-1B-Instruct/draft-Llama-3.2-1B-Instruct_UNDIAL/forget05/a0.6_k1_s0
original-unlearned,Llama-3.2-1B-Instruct,Llama-3.2-1B-Instruct_UNDIAL,forget05,0.7,1,0,True,0.33791960218026224,0.3260745898758828,0.5969011946547008,0.18063586750535454,0.6000480829064011,0.5027574560609868,2.44374577116149e-10,0.6179389429092407,0.0879040230591464,0.13256026905961335,0.7440279350592754,0.5450481779694626,0.84975,0.925025,0.904,0.8184250000000001,-88.24106021200735,0.6952567052841186,0.45481916337587885,0.4048502133282993,0.4947345982055024,0.4259272164508228,0.5743631045864388,0.4377788502039435,0.4865,0.7438746438746439,0.3464015229164801,0.026271564824564848,0.012377678644577469,0.11959078846033662,0.061786387439826625,0.011634943740706756,0.004731137680906799,0.07073490329692139,1035.701,27406.4,/home/joaoabitante/speculative-decoding-unlearning/saves/unlearn/sud/results/original-unlearned/target-Llama-3.2-1B-Instruct/draft-Llama-3.2-1B-Instruct_UNDIAL/forget05/a0.7_k1_s0
original-unlearned,Llama-3.2-1B-Instruct,Llama-3.2-1B-Instruct_UNDIAL,forget05,0.8,1,0,True,0.5032322072018245,0.4774046860139291,0.6611957058386014,0.3678111601869277,0.5779462647588259,0.48714452629205873,9.594235055800515e-10,0.5117683367431164,0.058792776836332036,0.12594654655084014,0.71035317915841,0.557140934066052,0.6953,0.8458499999999999,0.8116749999999999,0.61595,-75.82340023904901,0.6383997594565153,0.44578567149590925,0.405644570469311,0.49496350153971347,0.42516490762710435,0.5680826882059901,0.406514888888198,0.4465,0.7310541310541311,0.30632862410573475,0.027440533995395526,0.014105948117033137,0.11929023720091209,0.06302610124951002,0.012265964787632888,0.0054433227064073254,0.0709361273618415,1043.607,27406.4,/home/joaoabitante/speculative-decoding-unlearning/saves/unlearn/sud/results/original-unlearned/target-Llama-3.2-1B-Instruct/draft-Llama-3.2-1B-Instruct_UNDIAL/forget05/a0.8_k1_s0
original-unlearned,Llama-3.2-1B-Instruct,Llama-3.2-1B-Instruct_UNDIAL,forget05,0.9,1,0,True,0.6225498325893204,0.5860237933967648,0.721776698479118,0.6203249943543218,0.5490393482895778,0.47131621239027577,1.2940880677508261e-08,0.3837636130303144,0.04120977579605441,0.11435935375280679,0.6574585823412054,0.5724035677715907,0.482275,0.7338749999999999,0.687025,0.37585,-58.26144917530402,0.5735752273350954,0.43654577153454605,0.40693201282283864,0.49691604756657043,0.42440323236561717,0.5604073666562597,0.39462132177631026,0.41533333333333333,0.6626780626780626,0.26633102774879175,0.028199142721132376,0.016043431376788365,0.11691921762656421,0.06317792715184031,0.012698927912303285,0.006252184069752498,0.06829801832139491,1085.036,27406.4,/home/joaoabitante/speculative-decoding-unlearning/saves/unlearn/sud/results/original-unlearned/target-Llama-3.2-1B-Instruct/draft-Llama-3.2-1B-Instruct_UNDIAL/forget05/a0.9_k1_s0
original-unlearned,Llama-3.2-1B-Instruct,Llama-3.2-1B-Instruct_UNDIAL,forget05,0.95,1,0,True,0.6411475237053631,0.6110254690105277,0.7459472021215592,0.7413922412808513,0.5025834821868286,0.45037176985374006,8.114129962716335e-08,0.326941644474864,0.03865463005656099,0.1067902363743633,0.5684884962625801,0.5824831694761811,0.36619999999999997,0.6660999999999999,0.61545,0.26739999999999997,-47.631744032680075,0.5385956269130111,0.43162730304620267,0.40764621737976675,0.4983197934739482,0.42397185118154634,0.5563569074224107,0.3781038862389376,0.3391666666666666,0.6246438746438746,0.24923100724766667,0.02834267824306153,0.017065955083864506,0.11483308739494533,0.06275494389150253,0.0128090135636982,0.006686964153715684,0.06579872161522507,1135.732,27406.4,/home/joaoabitante/speculative-decoding-unlearning/saves/unlearn/sud/results/original-unlearned/target-Llama-3.2-1B-Instruct/draft-Llama-3.2-1B-Instruct_UNDIAL/forget05/a0.95_k1_s0
original-unlearned,Llama-3.2-1B-Instruct,Llama-3.2-1B-Instruct_UNDIAL,forget05,0.98,1,0,True,0.642627813759313,0.6038708626698033,0.758569118303612,0.725458741853977,0.5071964986205401,0.44028812341717716,1.4639479233432268e-07,0.2980085485428572,0.03754422023171151,0.10175284516066313,0.5980843783030286,0.5895257127531989,0.30085,0.6207499999999999,0.5729,0.21309999999999996,-40.51913424709547,0.516907089240849,0.42850399531725786,0.408056485108905,0.4992172872306167,0.423677145838447,0.5537454678360275,0.37386687113137484,0.3133333333333333,0.5928774928774929,0.2376648085414579,0.02833161650924012,0.017682821333833906,0.11326366872992366,0.062319526285166835,0.012833088422412405,0.006954496703835607,0.06391956439474597,0.019,4943.3,/home/joaoabitante/speculative-decoding-unlearning/saves/unlearn/sud/results/original-unlearned/target-Llama-3.2-1B-Instruct/draft-Llama-3.2-1B-Instruct_UNDIAL/forget05/a0.98_k1_s0
original-unlearned,Llama-3.2-1B-Instruct,Llama-3.2-1B-Instruct_UNDIAL,forget05,0.99,1,0,True,0.6291891319038152,0.5985099057881795,0.763702957162545,0.7122483831671307,0.48670623755811115,0.43496526486522985,2.6127403909667314e-07,0.2854065859504044,0.03668866467615595,0.09999938376247883,0.5524188102246262,0.5920505450131104,0.28002499999999997,0.6057999999999999,0.558825,0.19665,-38.174404009069235,0.509571876078844,0.4274508187223216,0.40818618491700337,0.49950783522893216,0.423571530943232,0.552833843466084,0.383036269168238,0.292,0.5772079772079772,0.23177500608643886,0.02830998682999052,0.017887123709714747,0.1126853527710773,0.06214254188589166,0.012833499768372955,0.007044262861069761,0.06323114747507498,0.019,4943.3,/home/joaoabitante/speculative-decoding-unlearning/saves/unlearn/sud/results/original-unlearned/target-Llama-3.2-1B-Instruct/draft-Llama-3.2-1B-Instruct_UNDIAL/forget05/a0.99_k1_s0
original-unlearned,Llama-3.2-1B-Instruct,Llama-3.2-1B-Instruct_UNDIAL,forget05,0.995,1,0,True,0.6366461575826762,0.5968679653991217,0.7646297300374465,0.704962564197527,0.5035611608480219,0.43480157689685395,2.6127403909667314e-07,0.28479715825989843,0.03634775558524686,0.09910964909940959,0.5981531928584445,0.5933472596202796,0.26992499999999997,0.598225,0.55225,0.18937500000000002,-36.98635507575496,0.5058854391798377,0.42692619958756545,0.4082493319381846,0.49965085283330396,0.42351731113966506,0.5523851956535809,0.37563411383922485,0.2985,0.572934472934473,0.2518966616908777,0.028295684774639084,0.017988826402155315,0.11238569695502519,0.06204795289342655,0.012832232710885969,0.007089193578836076,0.0628755094455555,0.019,4943.3,/home/joaoabitante/speculative-decoding-unlearning/saves/unlearn/sud/results/original-unlearned/target-Llama-3.2-1B-Instruct/draft-Llama-3.2-1B-Instruct_UNDIAL/forget05/a0.995_k1_s0
original-unlearned,Llama-3.2-1B-Instruct,Llama-3.2-1B-Instruct_UNDIAL,forget10,0.1,1,0,True,0.015021838043730687,0.014999849135010575,0.11232909439029076,0.005281795328372985,0.67692269914371,0.5649603479713969,1.6623182901932567e-21,0.9661926467716694,0.6482690943240147,0.10903295593103395,0.8442299664905295,0.48430136207078933,0.9956812500000001,0.995975,0.9979125,0.9967374999999999,-99.34805934695017,0.8702504446357489,0.5100438384782144,0.4075724998520909,0.5191759117083854,0.433395664018201,0.6132433480609814,0.5794645530726354,0.6266666666666666,0.8464387464387464,0.572734059663222,0.016911097153279115,0.0058678000918958246,0.0948562016012147,0.04237527629793867,0.006969311503991473,0.002159702970446829,0.04641115261963568,1020.747,32402.5,/home/joaoabitante/speculative-decoding-unlearning/saves/unlearn/sud/results/original-unlearned/target-Llama-3.2-1B-Instruct/draft-Llama-3.2-1B-Instruct_UNDIAL/forget10/a0.1_k1_s0
original-unlearned,Llama-3.2-1B-Instruct,Llama-3.2-1B-Instruct_UNDIAL,forget10,0.2,1,0,True,0.01776594454391397,0.01773380683956746,0.15040533566702444,0.006222092297041438,0.6684241056305329,0.5549163677747347,3.4004838027527454e-21,0.9527591848373413,0.5590247068876731,0.11738645735895262,0.8403086203767453,0.4935917610710481,0.9948875,0.9953624999999999,0.99775,0.9956187499999999,-99.24885098916823,0.8651300022006034,0.5025491596623265,0.40165491590831465,0.5113962109433783,0.4315255863921078,0.6065411809878994,0.5651051023164321,0.6178333333333333,0.7851851851851852,0.5115311794845653,0.01773910829942906,0.00643993977654243,0.10088879102957435,0.04591801888909486,0.007580906068977431,0.002413285712678875,0.05165191555008642,1008.657,32402.5,/home/joaoabitante/speculative-decoding-unlearning/saves/unlearn/sud/results/original-unlearned/target-Llama-3.2-1B-Instruct/draft-Llama-3.2-1B-Instruct_UNDIAL/forget10/a0.2_k1_s0
original-unlearned,Llama-3.2-1B-Instruct,Llama-3.2-1B-Instruct_UNDIAL,forget10,0.3,1,0,True,0.02196330763233888,0.02191522551881858,0.20697823080452096,0.00767932629253482,0.6492385663960959,0.5434935681310613,8.080285566431044e-22,0.9305015878379345,0.4459264438648184,0.1249849460599944,0.8060722736956086,0.5027060812302466,0.9939000000000001,0.9945937499999999,0.9972624999999999,0.9940125,-99.12433437685013,0.8546920718997717,0.4953673791948897,0.3958334355897881,0.5033724338845751,0.4297528083406579,0.601289939964155,0.5581665717373153,0.5715,0.7538461538461538,0.4813648608877581,0.018497521844838046,0.0070882069481724925,0.1064715949294623,0.049317589313124535,0.008195958894903014,0.002703125551784576,0.05694398235397239,1015.079,32402.5,/home/joaoabitante/speculative-decoding-unlearning/saves/unlearn/sud/results/original-unlearned/target-Llama-3.2-1B-Instruct/draft-Llama-3.2-1B-Instruct_UNDIAL/forget10/a0.3_k1_s0
original-unlearned,Llama-3.2-1B-Instruct,Llama-3.2-1B-Instruct_UNDIAL,forget10,0.4,1,0,True,0.030660832365252303,0.03056230727144358,0.2955283233398762,0.010760936329695305,0.6526499131198755,0.5412305609109719,1.3990395281788573e-20,0.8885596033930778,0.315217459048726,0.1311390869272873,0.8218354277522303,0.5127087138904207,0.991175,0.9933,0.99609375,0.9909562500000001,-98.91478202929038,0.8383904145658017,0.4885057089306478,0.390140602566427,0.49506716707485865,0.42809290940090805,0.596684108865134,0.5515781457614182,0.5766666666666667,0.801994301994302,0.4229588044972157,0.01915609786141431,0.007824077326398391,0.11142390785971656,0.052461455694179454,0.008796519373763658,0.0030345813741039307,0.0620382018336095,1026.919,32402.5,/home/joaoabitante/speculative-decoding-unlearning/saves/unlearn/sud/results/original-unlearned/target-Llama-3.2-1B-Instruct/draft-Llama-3.2-1B-Instruct_UNDIAL/forget10/a0.4_k1_s0
original-unlearned,Llama-3.2-1B-Instruct,Llama-3.2-1B-Instruct_UNDIAL,forget10,0.5,1,0,True,0.05197045516298528,0.05168278942315595,0.4093335093651812,0.018618226925240646,0.6364147762017404,0.5283738082496882,2.8138576976529647e-20,0.8168740819394589,0.19772705591169934,0.13505887281615286,0.7999967328034109,0.5239297988818805,0.9830500000000001,0.9900062499999999,0.993325,0.982125,-98.38128402366723,0.8156589802354575,0.4818453540931533,0.3846093178427108,0.4866916424746857,0.4265100753636261,0.5919988025455457,0.5318765477688199,0.5358333333333333,0.7709401709401709,0.3977873581152956,0.01968396809665137,0.008660011596047158,0.11553221187321469,0.05522192717484364,0.009357554139034316,0.0034134596965200784,0.06656705717963632,1316.223,32402.5,/home/joaoabitante/speculative-decoding-unlearning/saves/unlearn/sud/results/original-unlearned/target-Llama-3.2-1B-Instruct/draft-Llama-3.2-1B-Instruct_UNDIAL/forget10/a0.5_k1_s0
original-unlearned,Llama-3.2-1B-Instruct,Llama-3.2-1B-Instruct_UNDIAL,forget10,0.6,1,0,True,0.10279333497157027,0.10170082274762936,0.5175847623461125,0.038987078337181506,0.6237536962664748,0.5217268510906641,1.11924339764853e-19,0.7193341590464115,0.12654456080997203,0.13585403532721102,0.7753849111817545,0.5367234423280938,0.96318125,0.98120625,0.98630625,0.9538062500000001,-96.95592312818839,0.7860736282914877,0.4756017335799207,0.37937861182419214,0.4779286896903078,0.42489816178263673,0.5873678237228438,0.5321295981654675,0.5503333333333333,0.7168091168091167,0.35820613018518116,0.02005906381018576,0.009608008091641423,0.11855328571051359,0.05745357085914475,0.00984517918834778,0.0038455839274875157,0.07000985185292666,1065.238,32402.5,/home/joaoabitante/speculative-decoding-unlearning/saves/unlearn/sud/results/original-unlearned/target-Llama-3.2-1B-Instruct/draft-Llama-3.2-1B-Instruct_UNDIAL/forget10/a0.6_k1_s0
original-unlearned,Llama-3.2-1B-Instruct,Llama-3.2-1B-Instruct_UNDIAL,forget10,0.7,1,0,True,0.20466772435254363,0.20076851687236513,0.6041331221817613,0.08833226098460654,0.594619323507018,0.508536962279689,6.159412995752159e-18,0.6108787079155445,0.07918353312439516,0.13256492938380687,0.7157831959595206,0.551770499694383,0.91414375,0.963225,0.9673625,0.870925,-94.0434491961623,0.7496974434703588,0.46948345028921834,0.3747269186221237,0.47201585441684557,0.4230801296901138,0.5810514877625053,0.510970036505677,0.5095000000000001,0.6933048433048433,0.32582596669166997,0.020257391028644635,0.010675184770242105,0.12021762072341517,0.0589983992024911,0.010214749088972897,0.004336063297953353,0.07168365021221688,1380.695,32402.5,/home/joaoabitante/speculative-decoding-unlearning/saves/unlearn/sud/results/original-unlearned/target-Llama-3.2-1B-Instruct/draft-Llama-3.2-1B-Instruct_UNDIAL/forget10/a0.7_k1_s0
original-unlearned,Llama-3.2-1B-Instruct,Llama-3.2-1B-Instruct_UNDIAL,forget10,0.8,1,0,True,0.35702795144028804,0.34576084818616626,0.6793875672412355,0.19560620096559822,0.5499106640229926,0.4779449678147633,5.137999089404319e-16,0.48371503338217736,0.05059825127856517,0.1243956945836544,0.6473902807338163,0.5696780339554658,0.7999624999999999,0.92623125,0.9227437500000001,0.6936312499999999,-88.0514668521712,0.7070334525033831,0.4635051187422304,0.37099177015497903,0.4655769070956682,0.4208024856106084,0.5763575721941125,0.48340043609180794,0.35533333333333333,0.7037037037037036,0.28883963703868754,0.020229150667437353,0.011855846847064306,0.12025018867105246,0.05969321507678137,0.010400034053224469,0.004888111324468353,0.07083476443940889,1433.951,32402.5,/home/joaoabitante/speculative-decoding-unlearning/saves/unlearn/sud/results/original-unlearned/target-Llama-3.2-1B-Instruct/draft-Llama-3.2-1B-Instruct_UNDIAL/forget10/a0.8_k1_s0
original-unlearned,Llama-3.2-1B-Instruct,Llama-3.2-1B-Instruct_UNDIAL,forget10,0.9,1,0,True,0.504995277269218,0.493868908584059,0.7365402199581191,0.38565139183011793,0.5025289512001567,0.47086034824182776,1.0229984068189572e-13,0.3623883338645101,0.039269778635681,0.11114053945988417,0.5387645817681914,0.5894379121028894,0.5814250000000001,0.85814375,0.84201875,0.4469625,-77.02314185547598,0.6586066456139088,0.45776779742119844,0.3683274811113341,0.4597689761730316,0.4179401013271196,0.5690255561528321,0.4664330277985168,0.3911666666666666,0.5985754985754985,0.25248166760365676,0.01985984938033653,0.013132418412408534,0.1183752875495702,0.059365335141981175,0.010306736324582743,0.00550005647364196,0.06687148452003021,1679.321,32402.5,/home/joaoabitante/speculative-decoding-unlearning/saves/unlearn/sud/results/original-unlearned/target-Llama-3.2-1B-Instruct/draft-Llama-3.2-1B-Instruct_UNDIAL/forget10/a0.9_k1_s0
original-unlearned,Llama-3.2-1B-Instruct,Llama-3.2-1B-Instruct_UNDIAL,forget10,0.95,1,0,True,0.5525775226464712,0.5405469538454849,0.7602629074988863,0.5084896587266686,0.4657315449022172,0.4409187871700701,3.1252666340221845e-13,0.3077857923693955,0.03674272532967889,0.10279103508684784,0.49350351448287255,0.6009664087232164,0.45165625,0.8095125,0.78898125,0.33070625,-69.14620071362859,0.6323659853637218,0.4548304999751437,0.3672330247200466,0.45695386563031365,0.4163199366304979,0.5649429789428073,0.44703135634838814,0.26866666666666666,0.6292022792022791,0.23211175419548163,0.019493227160128298,0.013795274218565228,0.11663470753468573,0.058763057969517724,0.010140462576728168,0.005825060192251659,0.06365155997333932,1807.501,32402.5,/home/joaoabitante/speculative-decoding-unlearning/saves/unlearn/sud/results/original-unlearned/target-Llama-3.2-1B-Instruct/draft-Llama-3.2-1B-Instruct_UNDIAL/forget10/a0.95_k1_s0
original-unlearned,Llama-3.2-1B-Instruct,Llama-3.2-1B-Instruct_UNDIAL,forget10,0.98,1,0,True,0.5660800503519171,0.5644845956687115,0.7729616107575573,0.5674853555888268,0.4456887074902708,0.4427330821028888,4.640299916950861e-12,0.2785837254114449,0.03543442675539033,0.09732296720612794,0.44868406079593115,0.6082033557172865,0.37215624999999997,0.7739625,0.7542562500000001,0.268425,-63.38806664155201,0.6159952394664288,0.4530210527907198,0.3665684503960031,0.455099321166098,0.41528374974364235,0.5632113208199289,0.4464869360828044,0.289,0.5921652421652421,0.2259473907172339,0.01920447812353814,0.014195111653593929,0.11531328488141299,0.05825002722743215,0.010003362933687945,0.006024759464696017,0.06133730877039488,1540.377,32402.5,/home/joaoabitante/speculative-decoding-unlearning/saves/unlearn/sud/results/original-unlearned/target-Llama-3.2-1B-Instruct/draft-Llama-3.2-1B-Instruct_UNDIAL/forget10/a0.98_k1_s0
original-unlearned,Llama-3.2-1B-Instruct,Llama-3.2-1B-Instruct_UNDIAL,forget10,0.99,1,0,True,0.5662269422210423,0.5657375943010424,0.7773782732741602,0.573735801490915,0.4407438734131777,0.43985543020056045,7.832452544383501e-12,0.2679655005782843,0.03513530088126446,0.09543426184915006,0.44163591293880017,0.6106770678415002,0.3476875,0.7615000000000001,0.7428375,0.24954374999999998,-61.36948025974458,0.6104353765212,0.45241034774106564,0.36633711639505967,0.4544711912674137,0.4149269838826304,0.5625750666324926,0.4378082854814511,0.292,0.5598290598290598,0.21877307303021593,0.019096526939647446,0.014328031722303639,0.11482508511980996,0.058052924820447965,0.00995167059626207,0.006091962982692481,0.06050533707259456,1597.708,32402.5,/home/joaoabitante/speculative-decoding-unlearning/saves/unlearn/sud/results/original-unlearned/target-Llama-3.2-1B-Instruct/draft-Llama-3.2-1B-Instruct_UNDIAL/forget10/a0.99_k1_s0
original-unlearned,Llama-3.2-1B-Instruct,Llama-3.2-1B-Instruct_UNDIAL,forget10,0.995,1,0,True,0.5699218651630018,0.5737165409017475,0.778403218342748,0.5762285556524398,0.44567733920289115,0.4527018495486671,1.3150137716657251e-11,0.2667748866602778,0.03513530088126446,0.09447861579246819,0.43886749457960833,0.6119440303319881,0.3354375,0.75445625,0.7371875,0.2404,-60.228584145252604,0.6076363495178521,0.45210213113731407,0.3662188359502228,0.4541422533536793,0.4147463036085971,0.5622431059554132,0.4423037653528705,0.35316666666666663,0.552991452991453,0.21856693045587647,0.01904034086772299,0.014394339411952527,0.1145719009730965,0.05794942481305498,0.009924723079590574,0.006125669383753952,0.06007837928389199,1709.857,32402.5,/home/joaoabitante/speculative-decoding-unlearning/saves/unlearn/sud/results/original-unlearned/target-Llama-3.2-1B-Instruct/draft-Llama-3.2-1B-Instruct_UNDIAL/forget10/a0.995_k1_s0
original-unlearned,Llama-3.2-1B-Instruct,Llama-3.2-1B-Instruct_WGA,forget01,0.1,1,0,True,0.0,0.0,0.0917607005369077,0.0,0.6801669344087136,0.571088406434657,0.01430154804770646,0.9734411016106606,0.6324540082718555,0.09796876874752343,0.8407513968646526,0.47390553166749544,0.999375,1.0,0.9987499999999999,1.0,-99.9999999811098,0.8716220667213201,0.5180062936810195,0.41397276182577647,0.5279423899013627,0.43629096004655704,0.6208894437032907,0.5813440028658965,0.6516666666666666,0.8233618233618233,0.6247828567215683,0.01617832620468107,0.005399043271686365,0.0878258233849192,0.03843039624746484,0.006433737287102304,0.0019421786910129293,0.04126265866914764,0.017,4943.3,/home/joaoabitante/speculative-decoding-unlearning/saves/unlearn/sud/results/original-unlearned/target-Llama-3.2-1B-Instruct/draft-Llama-3.2-1B-Instruct_WGA/forget01/a0.1_k1_s0
original-unlearned,Llama-3.2-1B-Instruct,Llama-3.2-1B-Instruct_WGA,forget01,0.2,1,0,True,0.0,0.0,0.1387991673683889,0.0,0.6973381276113598,0.5667142800395113,0.01430154804770646,0.9576374009251595,0.5003670310258358,0.09825140503235161,0.9062145039439201,0.4756326879410707,0.9987499999999999,0.999375,0.996875,1.0,-99.88193622670471,0.8722050003707409,0.5184245643906188,0.41441822019676183,0.5288175407684779,0.43726932922497935,0.6227149725027528,0.5729347778744713,0.6675,0.7324786324786325,0.532391788864149,0.0163200166720344,0.005436263233841737,0.08705463510355912,0.03803784767133081,0.0064918002501228025,0.0019465831619548183,0.04157486775307916,0.017,4943.3,/home/joaoabitante/speculative-decoding-unlearning/saves/unlearn/sud/results/original-unlearned/target-Llama-3.2-1B-Instruct/draft-Llama-3.2-1B-Instruct_WGA/forget01/a0.2_k1_s0
original-unlearned,Llama-3.2-1B-Instruct,Llama-3.2-1B-Instruct_WGA,forget01,0.3,1,0,True,0.0,0.0,0.20683043542114396,0.0,0.6759417027304906,0.5646075562195151,0.01430154804770646,0.931142657995224,0.3804090713791063,0.09826079136691987,0.8419681912753731,0.477601049490661,0.9950000000000001,0.99625,0.995625,1.0,-99.29161745467925,0.8722209911048412,0.518850630064642,0.41486635404555633,0.5296497736343411,0.4382618060983058,0.6243998794329529,0.5795290936529437,0.6016666666666667,0.770940170940171,0.5082371394605327,0.016459210841640017,0.005473240302952824,0.08621213436883408,0.0376104416910259,0.006548211259837444,0.0019508819433598193,0.04179262981051579,0.017,4943.3,/home/joaoabitante/speculative-decoding-unlearning/saves/unlearn/sud/results/original-unlearned/target-Llama-3.2-1B-Instruct/draft-Llama-3.2-1B-Instruct_WGA/forget01/a0.3_k1_s0
original-unlearned,Llama-3.2-1B-Instruct,Llama-3.2-1B-Instruct_WGA,forget01,0.4,1,0,True,0.0,0.0,0.25630089703288245,0.0,0.6840748503706034,0.564664557882753,0.01430154804770646,0.9088815227150917,0.3051978177472012,0.09796888809651136,0.8675331220030784,0.47983125161205303,0.99125,0.9924999999999999,0.988125,1.0,-98.58323492824873,0.8716644591093063,0.5192838343360693,0.41531830815527415,0.530439414345322,0.4392694670463623,0.6264337225468923,0.5681669577858073,0.586,0.8108262108262109,0.48919892235674417,0.01659593774311361,0.00550992423116938,0.08530067653337028,0.0371495046790841,0.006602840767725411,0.0019550745365743603,0.041910697063431146,0.017,4943.3,/home/joaoabitante/speculative-decoding-unlearning/saves/unlearn/sud/results/original-unlearned/target-Llama-3.2-1B-Instruct/draft-Llama-3.2-1B-Instruct_WGA/forget01/a0.4_k1_s0
original-unlearned,Llama-3.2-1B-Instruct,Llama-3.2-1B-Instruct_WGA,forget01,0.5,1,0,True,0.03271113641069099,0.032585461368101976,0.31151100141987587,0.01148648682439729,0.693046260669322,0.5566013681917011,0.006760732303569208,0.8798094600439071,0.2534296590118864,0.09735198812559247,0.9181115113198757,0.4823448383892301,0.9818749999999999,0.98875,0.979375,0.998125,-97.87485240181822,0.8705296048521995,0.5197230812015262,0.4157746666904981,0.5311855369212198,0.44029325013546006,0.6284741815060826,0.5574630528884348,0.5453333333333333,0.7581196581196581,0.4643127319891288,0.016730193758266978,0.005546265856368551,0.08432265325041953,0.036656403483665105,0.006655557426988708,0.0019591568758741853,0.04192479225341231,1396.462,24891.3,/home/joaoabitante/speculative-decoding-unlearning/saves/unlearn/sud/results/original-unlearned/target-Llama-3.2-1B-Instruct/draft-Llama-3.2-1B-Instruct_WGA/forget01/a0.5_k1_s0
original-unlearned,Llama-3.2-1B-Instruct,Llama-3.2-1B-Instruct_WGA,forget01,0.6,1,0,True,0.06650945625903687,0.06605821916781401,0.35282714604615256,0.024513434414403578,0.6765161163951469,0.5598231260874796,0.006760732303569208,0.8546928480267525,0.22310092602357895,0.09639603686518967,0.8546684970147908,0.4851602931682867,0.9724999999999999,0.9774999999999999,0.9656250000000001,0.995625,-95.74970482252661,0.8688108622282743,0.520192506300802,0.4162370634681902,0.5318888391178203,0.44133410014288654,0.6304243437252752,0.5646127477620042,0.5623333333333334,0.7581196581196581,0.4607582045301025,0.016862020188018505,0.00558223146570572,0.08328059661085717,0.0361325591495564,0.00670620337053606,0.0019631324884259943,0.04183187979739159,0.017,4943.3,/home/joaoabitante/speculative-decoding-unlearning/saves/unlearn/sud/results/original-unlearned/target-Llama-3.2-1B-Instruct/draft-Llama-3.2-1B-Instruct_WGA/forget01/a0.6_k1_s0
original-unlearned,Llama-3.2-1B-Instruct,Llama-3.2-1B-Instruct_WGA,forget01,0.7,1,0,True,0.13005026763163494,0.12853331163642623,0.3947945808357176,0.05249050605977373,0.6738652272461566,0.569402836143081,0.006760732303569208,0.8264533713459968,0.17806360341504196,0.0951034605037421,0.8252686460502445,0.48828761546521965,0.9600000000000001,0.966875,0.9393750000000001,0.9881250000000001,-93.74262099764013,0.8664954190701246,0.5207019115326953,0.4167064860052022,0.5325640384288689,0.4423929557096625,0.6322883817457889,0.5668630325270869,0.6261666666666666,0.7994301994301994,0.40892696378145155,0.016991369283750828,0.005617748273121541,0.08217715062957723,0.035579449118779555,0.006754613145196041,0.001966996736959124,0.041630946745863186,1404.117,24891.3,/home/joaoabitante/speculative-decoding-unlearning/saves/unlearn/sud/results/original-unlearned/target-Llama-3.2-1B-Instruct/draft-Llama-3.2-1B-Instruct_WGA/forget01/a0.7_k1_s0
original-unlearned,Llama-3.2-1B-Instruct,Llama-3.2-1B-Instruct_WGA,forget01,0.8,1,0,True,0.18358460229677578,0.18017020733853314,0.425258097532252,0.07982742166375077,0.6836658092918934,0.5642115560086692,0.01430154804770646,0.802835936844349,0.1635610523946338,0.09349693758413195,0.8672868274152279,0.49129195613170457,0.951875,0.9562499999999999,0.9087500000000001,0.9787499999999999,-91.7355371727536,0.8635613400489092,0.5212796013505329,0.4171840820809167,0.5337416027877628,0.44347102975970554,0.6340701008195644,0.5634155249213539,0.5745,0.7955840455840455,0.4199311516472637,0.01711822035085788,0.005652780042913865,0.08101539531548042,0.03499873085481827,0.006800597600278403,0.0019707475643358065,0.04132368001504801,971.079,24891.3,/home/joaoabitante/speculative-decoding-unlearning/saves/unlearn/sud/results/original-unlearned/target-Llama-3.2-1B-Instruct/draft-Llama-3.2-1B-Instruct_WGA/forget01/a0.8_k1_s0
original-unlearned,Llama-3.2-1B-Instruct,Llama-3.2-1B-Instruct_WGA,forget01,0.9,1,0,True,0.24569625366719738,0.24059721919977606,0.45003548392032233,0.11791159747299858,0.6634725258118601,0.5662529951500996,0.01430154804770646,0.7824095189571381,0.14501998755093545,0.0916176162660122,0.8009946696460247,0.49457873013448783,0.9443749999999999,0.94875,0.86125,0.9568749999999999,-90.31877211989256,0.8599825093150139,0.5219494159820105,0.4176708962505466,0.5348502264712474,0.4445695502059854,0.6358659166309417,0.5487464528716226,0.5998333333333333,0.8065527065527065,0.42303420854166845,0.01724259604805411,0.005687289695094106,0.07979852929944173,0.034392174265891834,0.006844009427619161,0.0019743839372202052,0.040914846613886766,766.774,24891.3,/home/joaoabitante/speculative-decoding-unlearning/saves/unlearn/sud/results/original-unlearned/target-Llama-3.2-1B-Instruct/draft-Llama-3.2-1B-Instruct_WGA/forget01/a0.9_k1_s0
original-unlearned,Llama-3.2-1B-Instruct,Llama-3.2-1B-Instruct_WGA,forget01,0.95,1,0,True,0.27772833340283004,0.2708250773262001,0.46008417044833844,0.1401667745061566,0.66932207231021,0.5651674672789121,0.01430154804770646,0.773520028591156,0.14111373755093545,0.09058977523818612,0.8205390594899654,0.4963400907608847,0.9381250000000001,0.9400000000000001,0.82625,0.945625,-88.66587955822133,0.8579450894147158,0.5223294145814109,0.4179179795662523,0.5353787769894162,0.4451269695927648,0.6367861831115833,0.5493301828871178,0.5953333333333333,0.7894586894586894,0.38106221880604707,0.01730383502821496,0.005704332431378134,0.07917041588574648,0.034079760479798715,0.006864705917453952,0.0019761586901646975,0.040674469289951956,753.308,24891.3,/home/joaoabitante/speculative-decoding-unlearning/saves/unlearn/sud/results/original-unlearned/target-Llama-3.2-1B-Instruct/draft-Llama-3.2-1B-Instruct_WGA/forget01/a0.95_k1_s0
original-unlearned,Llama-3.2-1B-Instruct,Llama-3.2-1B-Instruct_WGA,forget01,0.98,1,0,True,0.2966567487613472,0.28884952071164804,0.4638841247815448,0.15500313011731148,0.6642292782981838,0.5621649432952095,0.01430154804770646,0.7700828716158867,0.14111373755093545,0.08994798571802676,0.8115755724720657,0.49743497202953924,0.931875,0.9337500000000001,0.815,0.93875,-87.48524201417045,0.8566427537798882,0.522558074499627,0.4180675225290068,0.5356875986479968,0.4454640747266607,0.6373293967360697,0.5445227888634071,0.552,0.827920227920228,0.39383423972746784,0.01734025747045962,0.005714489270294614,0.07878748127724976,0.03388951626211748,0.006876788582741636,0.0019772100246387768,0.04051931169058662,0.017,4943.3,/home/joaoabitante/speculative-decoding-unlearning/saves/unlearn/sud/results/original-unlearned/target-Llama-3.2-1B-Instruct/draft-Llama-3.2-1B-Instruct_WGA/forget01/a0.98_k1_s0
original-unlearned,Llama-3.2-1B-Instruct,Llama-3.2-1B-Instruct_WGA,forget01,0.99,1,0,True,0.30234637956315863,0.2949760212577136,0.4639789804325068,0.16018268927073326,0.6560593099693193,0.5642779383142126,0.01430154804770646,0.7700828716158867,0.14111373755093545,0.08973009227775038,0.7834973224438727,0.49780636655427746,0.930625,0.9325,0.806875,0.9349999999999999,-87.24911450536025,0.856195352524519,0.5226344037468605,0.41811752395408597,0.5357891477193926,0.44557689110740106,0.6375089281770867,0.5537200520104392,0.6025,0.7509971509971509,0.3976511167825831,0.017352346400075477,0.005717861111150052,0.07865884981059935,0.03382565014680638,0.006880762033110084,0.0019775581687963275,0.040465823786216784,0.017,4943.3,/home/joaoabitante/speculative-decoding-unlearning/saves/unlearn/sud/results/original-unlearned/target-Llama-3.2-1B-Instruct/draft-Llama-3.2-1B-Instruct_WGA/forget01/a0.99_k1_s0
original-unlearned,Llama-3.2-1B-Instruct,Llama-3.2-1B-Instruct_WGA,forget01,0.995,1,0,True,0.3058870561906225,0.29785133369040356,0.46402669864584606,0.16288400656193402,0.6608708655735237,0.5625080628713764,0.01430154804770646,0.7700828716158867,0.14111373755093545,0.08962042154744268,0.8009242414031178,0.4979933377255607,0.9293750000000001,0.9325,0.805625,0.9325,-87.24911450536025,0.8559691920876503,0.5226725790401486,0.41814258196283,0.5358397218488499,0.44563332647317505,0.637598429319812,0.557265691122617,0.5369999999999999,0.8393162393162393,0.3895517840895806,0.01735838181728468,0.005719545746381836,0.07859435645397753,0.03379363594069965,0.0068827382002435425,0.0019777330598032324,0.04043875237810425,0.017,4943.3,/home/joaoabitante/speculative-decoding-unlearning/saves/unlearn/sud/results/original-unlearned/target-Llama-3.2-1B-Instruct/draft-Llama-3.2-1B-Instruct_WGA/forget01/a0.995_k1_s0
original-unlearned,Llama-3.2-1B-Instruct,Llama-3.2-1B-Instruct_WGA,forget05,0.1,1,0,True,0.0016008706786533324,0.0016006295550417297,0.12077719352911638,0.0005364130266234734,0.6824051029316464,0.5721782254167287,1.3261055712130201e-13,0.9630290228128433,0.6529099756697403,0.10621286205481738,0.8452347689517774,0.48293775246686066,0.9994500000000001,0.999775,0.999525,0.9997,-99.96471140213853,0.8736874074488878,0.5162112314548509,0.4138278196302618,0.5273489100204728,0.4365254805484707,0.6210905875421229,0.5733379795877049,0.6928333333333333,0.8022792022792024,0.5466286465524639,0.01632988172612386,0.005621277103506154,0.09027317287051119,0.03976765659072,0.0065123000867993155,0.002020528803790016,0.044171449054032565,0.02,4943.3,/home/joaoabitante/speculative-decoding-unlearning/saves/unlearn/sud/results/original-unlearned/target-Llama-3.2-1B-Instruct/draft-Llama-3.2-1B-Instruct_WGA/forget05/a0.1_k1_s0
original-unlearned,Llama-3.2-1B-Instruct,Llama-3.2-1B-Instruct_WGA,forget05,0.2,1,0,True,0.004921486970000446,0.004919576868146471,0.18765293235865568,0.001659138932585538,0.6576350476261985,0.5690625932581707,6.540866008411473e-13,0.9377970066666603,0.5220258510169685,0.11044711372349411,0.7788619897258467,0.49425995021365327,0.9981500000000001,0.9990249999999999,0.9993000000000001,0.998925,-99.84708279487968,0.8746391178667545,0.5148787224483309,0.4141337980270899,0.5276241241893601,0.4378793082623358,0.6234550977952527,0.586240300207267,0.6058333333333333,0.8504273504273504,0.4828499682443224,0.016615462759727962,0.005895767610708532,0.09176271395990625,0.040634593341057436,0.006646165082286945,0.0021067958081569258,0.048099375816527755,0.019,4943.3,/home/joaoabitante/speculative-decoding-unlearning/saves/unlearn/sud/results/original-unlearned/target-Llama-3.2-1B-Instruct/draft-Llama-3.2-1B-Instruct_WGA/forget05/a0.2_k1_s0
original-unlearned,Llama-3.2-1B-Instruct,Llama-3.2-1B-Instruct_WGA,forget05,0.3,1,0,True,0.021702561133636816,0.02168076147849755,0.3124143724952871,0.007495751871881672,0.6162349780559924,0.5676180100444042,3.0799540915748314e-12,0.8787196344137191,0.31512482537131253,0.10891265580896288,0.6739602498558815,0.5061225645092228,0.9924000000000001,0.9954000000000001,0.9971749999999999,0.9943,-99.27854452646197,0.873478831872344,0.5135505334035471,0.41445542620759457,0.5283473826323288,0.43939232060888817,0.6261107766177473,0.5769462324461389,0.6195,0.807977207977208,0.4031609193632964,0.016889929612807462,0.006186062323045192,0.09296807304490358,0.041372046534232654,0.006774953942469891,0.0021964786890393863,0.04988819131045602,0.019,4943.3,/home/joaoabitante/speculative-decoding-unlearning/saves/unlearn/sud/results/original-unlearned/target-Llama-3.2-1B-Instruct/draft-Llama-3.2-1B-Instruct_WGA/forget05/a0.3_k1_s0
original-unlearned,Llama-3.2-1B-Instruct,Llama-3.2-1B-Instruct_WGA,forget05,0.4,1,0,True,0.09794109108679323,0.0977850364642029,0.4554074066240776,0.03740837159128365,0.5872552544803645,0.5708673777041736,5.951062636424447e-11,0.7799156160652637,0.1750449243363366,0.09829385519493371,0.6046118325513089,0.521257810228728,0.9675000000000001,0.9796499999999999,0.985625,0.963175,-96.80834377402628,0.8702616748213768,0.5122221839342308,0.41479809099842496,0.5290322494887159,0.441066888354629,0.6283948853035871,0.5732085260930603,0.6561666666666668,0.8091168091168092,0.3160359713164393,0.01715212883747881,0.00649312347896709,0.09386377567308955,0.041964236571065495,0.006897840254728938,0.0022895327960160633,0.047785848138388244,0.019,4943.3,/home/joaoabitante/speculative-decoding-unlearning/saves/unlearn/sud/results/original-unlearned/target-Llama-3.2-1B-Instruct/draft-Llama-3.2-1B-Instruct_WGA/forget05/a0.4_k1_s0
original-unlearned,Llama-3.2-1B-Instruct,Llama-3.2-1B-Instruct_WGA,forget05,0.5,1,0,True,0.29209878400246797,0.296350357088056,0.5788531370217305,0.1505933316938228,0.5256120496274103,0.5697360316585611,9.594235055800515e-10,0.6535643331706524,0.08770873671736756,0.07673546918202191,0.4878312916110735,0.5421751353100688,0.866225,0.9243999999999999,0.945675,0.8049499999999998,-88.14303637262498,0.8649800687283278,0.5109329249607033,0.41516589331826526,0.5296766488678157,0.44290241033188066,0.6303178038827311,0.5688522339508707,0.6766666666666665,0.7652421652421653,0.2438613309947266,0.017400603677524485,0.006818025980080095,0.0944224062236026,0.042393921225721574,0.00701388865556055,0.0023858683565315237,0.04025018651434221,1824.369,27406.4,/home/joaoabitante/speculative-decoding-unlearning/saves/unlearn/sud/results/original-unlearned/target-Llama-3.2-1B-Instruct/draft-Llama-3.2-1B-Instruct_WGA/forget05/a0.5_k1_s0
original-unlearned,Llama-3.2-1B-Instruct,Llama-3.2-1B-Instruct_WGA,forget05,0.6,1,0,True,0.5107473028625885,0.5442521565153574,0.6806483626904083,0.4410667405969561,0.46787387003543207,0.5631477584972848,2.4125498977354686e-08,0.5052643860131503,0.05334295734612574,0.04950716532766819,0.40017232481157405,0.5723988874393049,0.544925,0.742325,0.86405,0.45677500000000004,-59.58673148375365,0.8575644592195749,0.5097240960926496,0.41556459896403,0.5302830418235617,0.44489606847179924,0.6318867891382344,0.5580726887102077,0.621,0.7524216524216524,0.19491458155668437,0.01763397642876953,0.007161697019216426,0.09461503339582122,0.04264354384089998,0.007122107059867631,0.0024853190758008267,0.028870332470396533,0.02,4943.3,/home/joaoabitante/speculative-decoding-unlearning/saves/unlearn/sud/results/original-unlearned/target-Llama-3.2-1B-Instruct/draft-Llama-3.2-1B-Instruct_WGA/forget05/a0.6_k1_s0
original-unlearned,Llama-3.2-1B-Instruct,Llama-3.2-1B-Instruct_WGA,forget05,0.7,1,0,True,0.5420303223321564,0.6297001970053832,0.7606180294752576,0.5968164464499287,0.3930094130297823,0.563731371896183,0.0002829222008740643,0.35339661467820405,0.04173719479439733,0.027842633760883473,0.30165529421094106,0.6097028648979682,0.17945000000000003,0.399875,0.7303,0.178725,-5.877509409366753,0.8478748250007629,0.5085798664312338,0.4160015912986357,0.5314352142821687,0.4470415542897865,0.6331180223757388,0.5528305698457728,0.6125,0.7837606837606838,0.16760169743192194,0.017850953391462098,0.007525178823945591,0.09441156051470898,0.04269716115999816,0.007221430744014773,0.0025876517477604654,0.018647109733690742,1661.153,27406.4,/home/joaoabitante/speculative-decoding-unlearning/saves/unlearn/sud/results/original-unlearned/target-Llama-3.2-1B-Instruct/draft-Llama-3.2-1B-Instruct_WGA/forget05/a0.7_k1_s0
original-unlearned,Llama-3.2-1B-Instruct,Llama-3.2-1B-Instruct_WGA,forget05,0.8,1,0,True,0.3779551229532407,0.4246328817288189,0.8099748625996891,0.24670621207693622,0.3774382713274071,0.5627728560893424,0.1420746514551761,0.23470475669950247,0.036786161225782925,0.01562735482795688,0.2839324973303883,0.6338448647628911,0.04927500000000002,0.132025,0.571925,0.060725000000000015,36.13158719634072,0.8356948326528072,0.5074754846685344,0.4164864623691098,0.5328203752028431,0.44932934389665574,0.6351581610587759,0.5422665308819065,0.6203333333333333,0.7745014245014246,0.1495469438343036,0.01805066188244382,0.007909371972392621,0.0937794387305621,0.04253896223512736,0.007310757428496496,0.00269254066963921,0.012220758227453188,1714.892,27406.4,/home/joaoabitante/speculative-decoding-unlearning/saves/unlearn/sud/results/original-unlearned/target-Llama-3.2-1B-Instruct/draft-Llama-3.2-1B-Instruct_WGA/forget05/a0.8_k1_s0
original-unlearned,Llama-3.2-1B-Instruct,Llama-3.2-1B-Instruct_WGA,forget05,0.9,1,0,True,0.2154810001789242,0.23402566553653342,0.8296206644397102,0.10203645597649032,0.34287059729248537,0.5514752989641004,0.6284308022715471,0.1781772429123521,0.034286225706411426,0.009242190398508683,0.248769425573264,0.6410908283295583,0.023725000000000017,0.042075000000000015,0.411025,0.02087500000000001,50.239178160251086,0.8207297142595052,0.5065619626214027,0.41703022255315625,0.5341495904233756,0.4517454698097536,0.6368998728919216,0.524486737180693,0.545,0.7507122507122508,0.138744848441625,0.018232372961356304,0.008315019496351921,0.09268109646625816,0.04215195464397521,0.007388923846548701,0.0027995783513221633,0.008583564667088239,1794.018,27406.4,/home/joaoabitante/speculative-decoding-unlearning/saves/unlearn/sud/results/original-unlearned/target-Llama-3.2-1B-Instruct/draft-Llama-3.2-1B-Instruct_WGA/forget05/a0.9_k1_s0
original-unlearned,Llama-3.2-1B-Instruct,Llama-3.2-1B-Instruct_WGA,forget05,0.95,1,0,True,0.15819387324564688,0.17524539420619623,0.8316263870260562,0.0707961758989958,0.2749857390869618,0.5582436781893475,0.11228360286766195,0.1640225440589711,0.03404733681752254,0.00721337434966756,0.18242276340664831,0.6364827526060278,0.018525000000000017,0.02780000000000002,0.3312,0.013150000000000009,52.47804265174435,0.8120990676432848,0.5061557877098388,0.4173275574822615,0.5347989182433649,0.4529965117603941,0.6377298894049557,0.5167559479260607,0.6111666666666666,0.7680911680911682,0.1309153078802548,0.01831628444022499,0.008526037637529448,0.09194435234647244,0.04186691515063859,0.007423438734146355,0.00285374601206442,0.007378598613662405,1769.735,27406.4,/home/joaoabitante/speculative-decoding-unlearning/saves/unlearn/sud/results/original-unlearned/target-Llama-3.2-1B-Instruct/draft-Llama-3.2-1B-Instruct_WGA/forget05/a0.95_k1_s0
original-unlearned,Llama-3.2-1B-Instruct,Llama-3.2-1B-Instruct_WGA,forget05,0.98,1,0,True,0.1383262397004438,0.14878067337776593,0.8318041415976963,0.05829051700234114,0.30028191389616926,0.5536319773107935,0.008539483949831865,0.1559386652847752,0.03394317015085587,0.006238222953429328,0.20600913198955823,0.6318463958903515,0.016400000000000015,0.022000000000000013,0.2882,0.010400000000000006,53.38770388121274,0.8065313328802586,0.5059272230889484,0.4175149167543305,0.5351848306783678,0.4537592403953246,0.638165681988973,0.5050911038974017,0.56,0.8065527065527066,0.12890891555824566,0.0183643501935876,0.008655279880256661,0.09143930482212453,0.04166520751945933,0.007442593065998152,0.0028864115000590885,0.0067890908834324646,0.02,4943.3,/home/joaoabitante/speculative-decoding-unlearning/saves/unlearn/sud/results/original-unlearned/target-Llama-3.2-1B-Instruct/draft-Llama-3.2-1B-Instruct_WGA/forget05/a0.98_k1_s0
original-unlearned,Llama-3.2-1B-Instruct,Llama-3.2-1B-Instruct_WGA,forget05,0.99,1,0,True,0.13014087935788643,0.14095403469125783,0.8309918292473242,0.05472040806453259,0.2798108217088156,0.5538830487314149,0.004304993380033157,0.1544260381301865,0.03394317015085587,0.005946494189255986,0.18718700820521916,0.6290184247306527,0.015625000000000014,0.020725000000000014,0.274575,0.009625000000000005,53.58767251355276,0.804608943387866,0.5058511884900497,0.4175788825775993,0.5353129120846234,0.4540153176004489,0.6383006356408276,0.5032334691513264,0.579,0.7794871794871794,0.12166227811434047,0.018379990881076082,0.008698801497648014,0.09126020638621413,0.0415927417103739,0.0074487101366131955,0.002897323822570962,0.006611214668241814,0.02,4943.3,/home/joaoabitante/speculative-decoding-unlearning/saves/unlearn/sud/results/original-unlearned/target-Llama-3.2-1B-Instruct/draft-Llama-3.2-1B-Instruct_WGA/forget05/a0.99_k1_s0
original-unlearned,Llama-3.2-1B-Instruct,Llama-3.2-1B-Instruct_WGA,forget05,0.995,1,0,True,0.1277431459609884,0.13820123576991664,0.8305823644993832,0.05346970695884409,0.2794488037988269,0.5551475238241632,0.0030098470801667434,0.1533228160208091,0.03379611132732646,0.005806330103967099,0.18671963990083895,0.627355763401058,0.015375000000000014,0.020175000000000016,0.26865,0.009375000000000007,53.67393349220924,0.8036351539939642,0.5058131670097851,0.41761118083012166,0.5353768316676034,0.45414369928157206,0.6383662010980139,0.5180241987808246,0.5936666666666667,0.7435897435897436,0.11698395268382207,0.018387736705481075,0.008720649650705617,0.09116861627087929,0.041555518729951085,0.007451719201903113,0.002902786080371367,0.006525480987674881,0.021,4943.3,/home/joaoabitante/speculative-decoding-unlearning/saves/unlearn/sud/results/original-unlearned/target-Llama-3.2-1B-Instruct/draft-Llama-3.2-1B-Instruct_WGA/forget05/a0.995_k1_s0
original-unlearned,Llama-3.2-1B-Instruct,Llama-3.2-1B-Instruct_WGA,forget10,0.1,1,0,True,0.011312407119351615,0.01130090052875789,0.09472160927080106,0.003950293602976106,0.6699925996649185,0.5673513490949607,5.627715395305929e-20,0.9721120208501816,0.690309403514735,0.11434432979440316,0.8179749192239251,0.49673825997223753,0.9960437500000001,0.99626875,0.99874375,0.9974999999999999,-99.39563886547823,0.8772632445394993,0.5149445081047022,0.4138728864939204,0.5274887267723087,0.4362764071097583,0.6194628263912346,0.578752180774448,0.6253333333333333,0.8091168091168092,0.5483176636141239,0.015990033026828315,0.005507467776830371,0.0901820825249888,0.039663550497056776,0.006339941837378168,0.0019917122935474985,0.05002374103160401,1027.258,32402.5,/home/joaoabitante/speculative-decoding-unlearning/saves/unlearn/sud/results/original-unlearned/target-Llama-3.2-1B-Instruct/draft-Llama-3.2-1B-Instruct_WGA/forget10/a0.1_k1_s0
original-unlearned,Llama-3.2-1B-Instruct,Llama-3.2-1B-Instruct_WGA,forget10,0.2,1,0,True,0.009781619219421247,0.009777368483001782,0.10797382027658148,0.003380471647117779,0.6174844329853935,0.5705119563488519,2.213522258546535e-19,0.9678519608080387,0.6507953796672648,0.12621571093797684,0.6728857431554934,0.5176457134550722,0.99521875,0.9956812500000001,0.99925625,0.99670625,-99.30047982842211,0.8812658730149269,0.5122888080612625,0.4142609909933403,0.5278755960306447,0.43728747232840465,0.6199359892171274,0.6059786163186189,0.6541666666666666,0.7683760683760684,0.4753578047136362,0.015929877154849236,0.00565703789649191,0.09155877291341312,0.04041932097063551,0.006296617505108012,0.0020457501354542223,0.05836819445239962,1122.424,32402.5,/home/joaoabitante/speculative-decoding-unlearning/saves/unlearn/sud/results/original-unlearned/target-Llama-3.2-1B-Instruct/draft-Llama-3.2-1B-Instruct_WGA/forget10/a0.2_k1_s0
original-unlearned,Llama-3.2-1B-Instruct,Llama-3.2-1B-Instruct_WGA,forget10,0.3,1,0,True,0.006472459612332068,0.006479040979144952,0.1415988183693195,0.002201571486645201,0.4506315114656755,0.5719889751079599,1.6558004532094654e-18,0.9562049832940102,0.5824071296307987,0.1301307503785938,0.37175680437503617,0.5345020411420563,0.99345625,0.9943625000000001,0.9996499999999999,0.9943,-99.08687816013658,0.8828900577127934,0.5096605771050604,0.4146697064724036,0.5292172726377357,0.4383596740854816,0.620174167796108,0.5991722277356244,0.6761666666666666,0.7709401709401709,0.35352809010583486,0.01584912089390855,0.0058100069341981385,0.09264130720403045,0.04104287502634106,0.006243794033583374,0.002099475626513573,0.06321618992832373,1869.371,32402.5,/home/joaoabitante/speculative-decoding-unlearning/saves/unlearn/sud/results/original-unlearned/target-Llama-3.2-1B-Instruct/draft-Llama-3.2-1B-Instruct_WGA/forget10/a0.3_k1_s0
original-unlearned,Llama-3.2-1B-Instruct,Llama-3.2-1B-Instruct_WGA,forget10,0.4,1,0,True,0.00519654063014202,0.005223881465514366,0.20954188937728463,0.0017613537259207341,0.20878165540271099,0.5655553933925016,1.1781277220965948e-17,0.930084268450737,0.45261963846091974,0.11452726861927659,0.12802110140168224,0.5464165152074358,0.9815875,0.9884749999999999,0.99975625,0.9831687499999998,-98.13326312921247,0.8823900102078914,0.5070959080646941,0.4150639228229734,0.5305432896202891,0.43949262246706633,0.6200539535421481,0.6055307253541663,0.5895,0.7823361823361823,0.19770028040411414,0.015740898214135088,0.005965886740582595,0.09341889632050879,0.041521774065331224,0.006181010649173306,0.0021524890838108632,0.058255742233101045,2690.951,32402.5,/home/joaoabitante/speculative-decoding-unlearning/saves/unlearn/sud/results/original-unlearned/target-Llama-3.2-1B-Instruct/draft-Llama-3.2-1B-Instruct_WGA/forget10/a0.4_k1_s0
original-unlearned,Llama-3.2-1B-Instruct,Llama-3.2-1B-Instruct_WGA,forget10,0.5,1,0,True,0.007684348384774114,0.007823744432898001,0.3280273961602313,0.002641018173066218,0.11476337080228789,0.5689140588417299,9.456104707095184e-16,0.8739850306510926,0.2838945339429347,0.07139795714057982,0.06381853669430711,0.5601587031224836,0.8930625000000001,0.9497062500000002,0.99965,0.82989375,-91.85377901369017,0.8799027751386166,0.5046701672684429,0.4154283017728319,0.5319517806834202,0.44068704462411823,0.6195483791646881,0.5901396010073258,0.6579999999999999,0.7592592592592593,0.09763635206709727,0.015600767251162323,0.006124110009773273,0.09387858849018813,0.041838236485699995,0.00610776254919377,0.0022043168733376396,0.03872853829510859,0.023,4943.3,/home/joaoabitante/speculative-decoding-unlearning/saves/unlearn/sud/results/original-unlearned/target-Llama-3.2-1B-Instruct/draft-Llama-3.2-1B-Instruct_WGA/forget10/a0.5_k1_s0
original-unlearned,Llama-3.2-1B-Instruct,Llama-3.2-1B-Instruct_WGA,forget10,0.6,1,0,True,0.013861729599565258,0.014427620265618281,0.487477552152871,0.004898708103436724,0.09769079589412992,0.5721905271794735,7.832452544383501e-12,0.7659654638916255,0.14774775477383284,0.025122064444003625,0.05340428799368965,0.5768671344245522,0.32765625,0.7659750000000001,0.9993562500000001,0.24414999999999998,-62.09430866966139,0.8754756403714419,0.5025397016786816,0.415817227004178,0.5333270872922898,0.4419465165287263,0.6189159632244671,0.6055467733264104,0.65,0.8008547008547008,0.05582820784089733,0.015432896688143955,0.006284042292058518,0.0939971843897365,0.041972223760861335,0.006023490930128142,0.002254381656624325,0.016316234372075997,2929.238,32402.5,/home/joaoabitante/speculative-decoding-unlearning/saves/unlearn/sud/results/original-unlearned/target-Llama-3.2-1B-Instruct/draft-Llama-3.2-1B-Instruct_WGA/forget10/a0.6_k1_s0
original-unlearned,Llama-3.2-1B-Instruct,Llama-3.2-1B-Instruct_WGA,forget10,0.7,1,0,True,0.025484135290459176,0.02790791654573536,0.6903294340413456,0.009587944082125622,0.08351380674504384,0.5713796145450087,1.652551353350331e-08,0.5256778058409691,0.05698764232880432,0.005233150650310563,0.0450491318636341,0.6171425218212986,0.03313125000000001,0.25246875,0.9986625,0.023012499999999998,21.07975136829305,0.8690927278250455,0.5007244402681565,0.41632131826763596,0.5345766037433114,0.443276741134163,0.6180940337246735,0.6046819862946345,0.649,0.7920227920227919,0.04539928314455283,0.015244966218160698,0.006444934762884877,0.09373978038784117,0.0419122554811606,0.005927571961406102,0.0023020238491569165,0.0062013980347619515,0.022,4943.3,/home/joaoabitante/speculative-decoding-unlearning/saves/unlearn/sud/results/original-unlearned/target-Llama-3.2-1B-Instruct/draft-Llama-3.2-1B-Instruct_WGA/forget10/a0.7_k1_s0
original-unlearned,Llama-3.2-1B-Instruct,Llama-3.2-1B-Instruct_WGA,forget10,0.8,1,0,True,0.03967696517436382,0.045738809201458105,0.8436453765409535,0.015961064185827236,0.08494137700691119,0.5707703746030608,1.2955312948811258e-05,0.18538112936075776,0.03356769733564677,0.0011346639289695304,0.04588496155607572,0.6766398189426865,0.016462499999999984,0.0358625,0.9967937499999999,0.005774999999999977,56.16407846673862,0.8607133340835571,0.49941419066041065,0.4170228799611102,0.5353828363638564,0.44468655680789204,0.6173929836039319,0.5957016274158932,0.659,0.7851851851851851,0.040620600179613414,0.015042026005394291,0.006605983509438895,0.09307174654677511,0.041642421310548766,0.005819218882735793,0.0023464813461425652,0.0038086422315000163,0.022,4943.3,/home/joaoabitante/speculative-decoding-unlearning/saves/unlearn/sud/results/original-unlearned/target-Llama-3.2-1B-Instruct/draft-Llama-3.2-1B-Instruct_WGA/forget10/a0.8_k1_s0
original-unlearned,Llama-3.2-1B-Instruct,Llama-3.2-1B-Instruct_WGA,forget10,0.9,1,0,True,0.03866185809390095,0.04539929283424712,0.90889274265413,0.015824766640630827,0.07516800930837932,0.5592842648124737,1.7473118094396964e-09,0.027469481551088394,0.03250892997513522,0.000380872212695067,0.040291608068873754,0.7469756754110444,0.007743749999999978,0.01644374999999999,0.921725,0.0017874999999999888,59.30938834049777,0.850287608280778,0.49844512336826596,0.41800064734469056,0.535942046295519,0.44618445688081165,0.6162921687800224,0.5791614412426465,0.5925,0.7282051282051281,0.04781433029537681,0.01482674742670497,0.0067662022071919995,0.09196780617232435,0.0411466401229556,0.005697257848915646,0.002386841620997765,0.0030006216227441195,0.023,4943.3,/home/joaoabitante/speculative-decoding-unlearning/saves/unlearn/sud/results/original-unlearned/target-Llama-3.2-1B-Instruct/draft-Llama-3.2-1B-Instruct_WGA/forget10/a0.9_k1_s0
original-unlearned,Llama-3.2-1B-Instruct,Llama-3.2-1B-Instruct_WGA,forget10,0.95,1,0,True,0.024189716399116972,0.026938699119390484,0.9207812684222417,0.009215044816112324,0.06937017327975784,0.5682702257840595,1.0229984068189572e-13,0.018608352965675295,0.03250892997513522,0.0002444440725810182,0.03693975069807493,0.7743953546680759,0.005593749999999976,0.011106249999999977,0.8301437500000002,0.0009437499999999949,60.17391831545441,0.8442861535400152,0.49810545397296985,0.4186182913109308,0.5364387483256463,0.44696748440372847,0.6164034609697223,0.5801340182392203,0.6328333333333334,0.8136752136752136,0.037621181977238766,0.014715045933699003,0.006845638967502346,0.09124835185008123,0.04081155126312734,0.00563075758360128,0.002405181683515601,0.0026691606959198,0.022,4943.3,/home/joaoabitante/speculative-decoding-unlearning/saves/unlearn/sud/results/original-unlearned/target-Llama-3.2-1B-Instruct/draft-Llama-3.2-1B-Instruct_WGA/forget10/a0.95_k1_s0
original-unlearned,Llama-3.2-1B-Instruct,Llama-3.2-1B-Instruct_WGA,forget10,0.98,1,0,True,0.017163758656336833,0.019278458914660786,0.9250464544495738,0.006546845630996754,0.04770867598441113,0.5593603881506557,9.456104707095184e-16,0.015891370880417525,0.03250892997513522,0.0001895130385665311,0.024916939322065446,0.7848256420685439,0.0047562499999999775,0.008918749999999977,0.7523375,0.0006374999999999969,60.52823387896124,0.8404264753311872,0.49796141550076944,0.4190335868291876,0.5373273282442761,0.44744815954480643,0.6165050849539689,0.5736857287698369,0.5796666666666667,0.7581196581196581,0.03235633788855139,0.01464681425190065,0.006893000347497588,0.09076324465102516,0.0405827423237983,0.005589040698239387,0.0024155164267058503,0.002473896349129973,3073.965,32402.5,/home/joaoabitante/speculative-decoding-unlearning/saves/unlearn/sud/results/original-unlearned/target-Llama-3.2-1B-Instruct/draft-Llama-3.2-1B-Instruct_WGA/forget10/a0.98_k1_s0
original-unlearned,Llama-3.2-1B-Instruct,Llama-3.2-1B-Instruct_WGA,forget10,0.99,1,0,True,0.014691111139553124,0.01693040280317428,0.9260280979445346,0.005736116479139702,0.03473276968741505,0.5611161409147783,7.975373070421785e-17,0.015204545939341188,0.03250892997513522,0.00017423731064425852,0.017921035800645767,0.7872103345031668,0.00440624999999998,0.008331249999999976,0.7229125,0.0005499999999999974,60.62339291601735,0.8390961366891861,0.49792161096551935,0.4191794987663255,0.537627430170975,0.44761008963805005,0.6166478992300547,0.5667557020294083,0.627,0.7253561253561254,0.03437402841126541,0.014623876112891595,0.006908730007037087,0.09059269582037814,0.04050189007294994,0.0055748311317226264,0.002418844249788837,0.0024093790409386176,3094.991,32402.5,/home/joaoabitante/speculative-decoding-unlearning/saves/unlearn/sud/results/original-unlearned/target-Llama-3.2-1B-Instruct/draft-Llama-3.2-1B-Instruct_WGA/forget10/a0.99_k1_s0
original-unlearned,Llama-3.2-1B-Instruct,Llama-3.2-1B-Instruct_WGA,forget10,0.995,1,0,True,0.014346196504561792,0.01607507226773512,0.9264782281778282,0.0054422076318923675,0.04117540609824898,0.5567811427564876,2.241003819205479e-17,0.014543939782306552,0.03250892997513522,0.00016708076066208834,0.02137818925326428,0.7880855667344904,0.00429999999999998,0.008024999999999973,0.707875,0.0005187499999999973,60.67299709490832,0.8384227161854505,0.4979032533283114,0.4192539279402719,0.5377782827745474,0.4476913039618184,0.616717291853271,0.5702759271132711,0.5495,0.7752136752136752,0.03498542420037377,0.014612376399891219,0.0069165844093614145,0.09050577580113896,0.04046061267431992,0.00556767117761486,0.0024204864607717956,0.0023772504224080252,3072.75,32402.5,/home/joaoabitante/speculative-decoding-unlearning/saves/unlearn/sud/results/original-unlearned/target-Llama-3.2-1B-Instruct/draft-Llama-3.2-1B-Instruct_WGA/forget10/a0.995_k1_s0
original-unlearned,Llama-3.2-3B-Instruct,Llama-3.2-3B-Instruct_GradDiff,forget01,0.1,1,0,True,0.0,0.0,0.019551530073614293,0.0,0.7495901327538639,0.6457092332019758,0.01430154804770646,0.99481231123209,0.8856988509797338,0.08780016480013728,0.8933037269860507,0.5054514744224509,1.0,1.0,1.0,1.0,-99.99999997740113,0.9446533867716789,0.5412323992202193,0.4784984377560142,0.6240714113469388,0.4910459776076997,0.6600617430135693,0.759160014298736,0.7929999999999999,0.8264957264957266,0.8210021891626361,0.018559947098256088,0.006039967323892061,0.08313639399711974,0.033076332009817806,0.005121009358751394,0.0018703642208534972,0.0432382460637018,0.017,12852.0,/home/joaoabitante/speculative-decoding-unlearning/saves/unlearn/sud/results/original-unlearned/target-Llama-3.2-3B-Instruct/draft-Llama-3.2-3B-Instruct_GradDiff/forget01/a0.1_k1_s0
original-unlearned,Llama-3.2-3B-Instruct,Llama-3.2-3B-Instruct_GradDiff,forget01,0.2,1,0,True,0.0,0.0,0.03295134742009116,0.0,0.7376102979235364,0.6476569381926874,0.01430154804770646,0.9910409808158874,0.8508162770194161,0.08458418231457472,0.8565812477841973,0.506025416562025,1.0,1.0,0.999375,1.0,-99.99999997740113,0.9456328690052033,0.5418217806457555,0.47838978548377376,0.6246204608190198,0.48854307833716937,0.6567485542485176,0.7577789013345972,0.8019999999999999,0.8578347578347578,0.8238485570018266,0.017834022997121793,0.005627280882384527,0.0798183539067395,0.0316380282596337,0.004904942372169595,0.0017474701809972232,0.041738480139756576,0.017,12852.0,/home/joaoabitante/speculative-decoding-unlearning/saves/unlearn/sud/results/original-unlearned/target-Llama-3.2-3B-Instruct/draft-Llama-3.2-3B-Instruct_GradDiff/forget01/a0.2_k1_s0
original-unlearned,Llama-3.2-3B-Instruct,Llama-3.2-3B-Instruct_GradDiff,forget01,0.3,1,0,True,0.0,0.0,0.06197762625907476,0.0,0.7485513171686469,0.6444485863083557,0.02860307028023343,0.9825779527425766,0.7548109966912484,0.0813731525093317,0.8927667960524559,0.5066328573316381,1.0,1.0,0.999375,1.0,-99.99999997740113,0.9460038155317306,0.542381624996092,0.478258955152554,0.6250633151400915,0.48609550010923497,0.6534264211479409,0.7708052328890648,0.7909999999999999,0.8165242165242165,0.7907086642660963,0.01713719231905998,0.0052501470256925906,0.07655225670314394,0.030230114085992712,0.004697251463560785,0.0016332119604038934,0.04024528140434995,0.017,12852.0,/home/joaoabitante/speculative-decoding-unlearning/saves/unlearn/sud/results/original-unlearned/target-Llama-3.2-3B-Instruct/draft-Llama-3.2-3B-Instruct_GradDiff/forget01/a0.3_k1_s0
original-unlearned,Llama-3.2-3B-Instruct,Llama-3.2-3B-Instruct_GradDiff,forget01,0.4,1,0,True,0.0,0.0,0.08017939118093154,0.0,0.7295522003241932,0.6456479272939488,0.02860307028023343,0.9770498171448707,0.6931883967942858,0.0781838814727962,0.8385210271924735,0.5072667001820962,1.0,1.0,0.9968750000000001,1.0,-99.99999997740113,0.9458543595671653,0.5429231957795287,0.47810618057747867,0.6255088124808176,0.48370532268623423,0.6497803639774113,0.7759787961415731,0.7803333333333333,0.8521367521367521,0.7142319634341054,0.016468342117223075,0.004905121520653891,0.07335162986069918,0.02885671030266593,0.004497710252156632,0.0015269709960885902,0.03876425626571291,0.017,12852.0,/home/joaoabitante/speculative-decoding-unlearning/saves/unlearn/sud/results/original-unlearned/target-Llama-3.2-3B-Instruct/draft-Llama-3.2-3B-Instruct_GradDiff/forget01/a0.4_k1_s0
original-unlearned,Llama-3.2-3B-Instruct,Llama-3.2-3B-Instruct_GradDiff,forget01,0.5,1,0,True,0.0,0.0,0.09085489104969043,0.0,0.7407438663009851,0.6442566748265909,0.02860307028023343,0.9736192166805268,0.6742609609550853,0.07503177230246365,0.8712226487696171,0.5079215631174642,1.0,1.0,0.9949999999999999,1.0,-99.99999997740113,0.9452451252937317,0.5434732532018011,0.4779313039455871,0.6262143771999118,0.48137375914534547,0.6458564916400574,0.7643970052535195,0.779,0.8585470085470085,0.7266022729676502,0.015826329050541973,0.004589092041577264,0.07022673684114125,0.027520787912731888,0.0043061026485018295,0.0014281762232927462,0.03730015518376604,1245.442,33151.0,/home/joaoabitante/speculative-decoding-unlearning/saves/unlearn/sud/results/original-unlearned/target-Llama-3.2-3B-Instruct/draft-Llama-3.2-3B-Instruct_GradDiff/forget01/a0.5_k1_s0
original-unlearned,Llama-3.2-3B-Instruct,Llama-3.2-3B-Instruct_GradDiff,forget01,0.6,1,0,True,0.0,0.0,0.10400260157784762,0.0,0.7316148988442185,0.6462844325524486,0.02860307028023343,0.9692938104271889,0.6491408574813232,0.07193037043325604,0.842905743047595,0.5085951535435261,1.0,1.0,0.9912500000000001,1.0,-99.99999997740113,0.9442100958526134,0.5440215821606261,0.4777346069223895,0.6268321891712987,0.47910062917993024,0.6420686900706242,0.7843979491779106,0.7813333333333334,0.8767806267806267,0.6920681978057194,0.015209986778645544,0.004299245386066068,0.06718493935011793,0.02622461932637134,0.004122164443408754,0.001336297472367894,0.035857360347872604,0.017,12852.0,/home/joaoabitante/speculative-decoding-unlearning/saves/unlearn/sud/results/original-unlearned/target-Llama-3.2-3B-Instruct/draft-Llama-3.2-3B-Instruct_GradDiff/forget01/a0.6_k1_s0
original-unlearned,Llama-3.2-3B-Instruct,Llama-3.2-3B-Instruct_GradDiff,forget01,0.7,1,0,True,0.0,0.0,0.10879926255135695,0.0,0.7364294655642207,0.6456431386150049,0.02860307028023343,0.9676813751459121,0.6410013225976023,0.06889067124575377,0.8569249246269465,0.509286537807335,0.999375,1.0,0.986875,1.0,-99.99999997740113,0.9427676475048066,0.5445671275649026,0.47751630121601335,0.6273552065731796,0.47688523139826716,0.6390379474044383,0.7709132458987932,0.802,0.8706552706552706,0.6391277019312979,0.014618137448887864,0.0040330499001947195,0.06423144859960303,0.024970072340750087,0.003945628730511999,0.0012508408459459314,0.03443955064285546,1229.32,33151.0,/home/joaoabitante/speculative-decoding-unlearning/saves/unlearn/sud/results/original-unlearned/target-Llama-3.2-3B-Instruct/draft-Llama-3.2-3B-Instruct_GradDiff/forget01/a0.7_k1_s0
original-unlearned,Llama-3.2-3B-Instruct,Llama-3.2-3B-Instruct_GradDiff,forget01,0.8,1,0,True,0.0,0.0,0.13049770217021028,0.0,0.7479391438957917,0.6413575033948878,0.054141077480362725,0.9601683348417283,0.6023633049652156,0.06592146619223058,0.8970045495778323,0.5099973332860307,0.9987499999999999,0.999375,0.975,1.0,-99.85875703957994,0.9409324645996093,0.5451168816585172,0.47727632173837553,0.6277816020055053,0.47472544859181864,0.6358908135961719,0.7790767324458833,0.7626666666666666,0.8521367521367521,0.6673572753020858,0.014049638576361758,0.0037882275185625192,0.06137002428527921,0.023758575404513448,0.0037762391205868554,0.0011713481635950123,0.03305001667176839,1241.882,33151.0,/home/joaoabitante/speculative-decoding-unlearning/saves/unlearn/sud/results/original-unlearned/target-Llama-3.2-3B-Instruct/draft-Llama-3.2-3B-Instruct_GradDiff/forget01/a0.8_k1_s0
original-unlearned,Llama-3.2-3B-Instruct,Llama-3.2-3B-Instruct_GradDiff,forget01,0.9,1,0,True,0.0,0.0,0.15350011178910478,0.0,0.7441088053785403,0.6394977957894148,0.02860307028023343,0.9516630008816719,0.5736110155879263,0.0630295230075717,0.8896386172622442,0.5107301855329459,0.9975,0.9987499999999999,0.9662499999999999,1.0,-99.71751410175872,0.9387228855490685,0.5456894582427012,0.4770148384082621,0.628109559186576,0.472618696777936,0.6332251297684086,0.7448762077326218,0.7829999999999999,0.8528490028490028,0.6531644129885723,0.013503432672332566,0.003562739787200214,0.058603266775608065,0.022591043185585934,0.003613739643277067,0.0010973944801678152,0.03169157060270663,1259.693,33151.0,/home/joaoabitante/speculative-decoding-unlearning/saves/unlearn/sud/results/original-unlearned/target-Llama-3.2-3B-Instruct/draft-Llama-3.2-3B-Instruct_GradDiff/forget01/a0.9_k1_s0
original-unlearned,Llama-3.2-3B-Instruct,Llama-3.2-3B-Instruct_GradDiff,forget01,0.95,1,0,True,0.0,0.0,0.15769471915576871,0.0,0.7235864931117465,0.6428095323994147,0.02860307028023343,0.9500172942876816,0.5719805808053176,0.06161418654955923,0.8275824546813965,0.5111054779390338,0.996875,0.9975,0.965625,1.0,-99.43502822611639,0.9374839960038662,0.5459741950927708,0.47687608326327385,0.6282360294192059,0.47158421015664365,0.6321095680964848,0.7593213449242997,0.828,0.8425925925925927,0.6597363403020469,0.013238375888649899,0.0034566657359551404,0.057255940258619374,0.0220239154503042,0.0035349980628547923,0.0010623698049648373,0.031024797446734736,1244.03,33151.0,/home/joaoabitante/speculative-decoding-unlearning/saves/unlearn/sud/results/original-unlearned/target-Llama-3.2-3B-Instruct/draft-Llama-3.2-3B-Instruct_GradDiff/forget01/a0.95_k1_s0
original-unlearned,Llama-3.2-3B-Instruct,Llama-3.2-3B-Instruct_GradDiff,forget01,0.98,1,0,True,0.0,0.0,0.16376379710293323,0.0,0.7441789384633237,0.6418418778468759,0.02860307028023343,0.9480249300599098,0.5381173057655719,0.06077505629509687,0.8853400230407715,0.5113337137300815,0.996875,0.9975,0.9637500000000001,1.0,-99.43502822611639,0.9366991965472699,0.5461462952383012,0.4767902669978888,0.6282997829087094,0.47096917539062266,0.6314161373645034,0.7423229193786043,0.813,0.8692307692307693,0.6292944136479457,0.013081843711188413,0.0033950317609303046,0.05645916518638842,0.021688976345486798,0.00348853419303301,0.0010419519479850966,0.030628877105773427,0.017,12852.0,/home/joaoabitante/speculative-decoding-unlearning/saves/unlearn/sud/results/original-unlearned/target-Llama-3.2-3B-Instruct/draft-Llama-3.2-3B-Instruct_GradDiff/forget01/a0.98_k1_s0
original-unlearned,Llama-3.2-3B-Instruct,Llama-3.2-3B-Instruct_GradDiff,forget01,0.99,1,0,True,0.0,0.0,0.16376787428257225,0.0,0.7253248697796816,0.6394410586958552,0.02860307028023343,0.9480249300599098,0.5381173057655719,0.060497036878950895,0.8378582425415516,0.5114103407624684,0.99625,0.996875,0.963125,1.0,-99.29378528829518,0.9364307278394699,0.5462039180572118,0.47676131756730267,0.6283442048155748,0.47076514737794933,0.6311809754273164,0.747745715969586,0.787,0.8542735042735041,0.653315651677036,0.01303008154827694,0.0033748124672466307,0.05619552272837609,0.021578222355906344,0.0034731759185760084,0.0010352432382667361,0.030497606695280406,0.01,12852.0,/home/joaoabitante/speculative-decoding-unlearning/saves/unlearn/sud/results/original-unlearned/target-Llama-3.2-3B-Instruct/draft-Llama-3.2-3B-Instruct_GradDiff/forget01/a0.99_k1_s0
original-unlearned,Llama-3.2-3B-Instruct,Llama-3.2-3B-Instruct_GradDiff,forget01,0.995,1,0,True,0.0,0.0,0.16376991281003592,0.0,0.7407409497802652,0.6431959258562309,0.02860307028023343,0.9480249300599098,0.5381173057655719,0.06035836385563016,0.8731618683785201,0.5114487755255068,0.99625,0.996875,0.963125,1.0,-99.29378528829518,0.9362952218949795,0.5462326449717522,0.4767467262570317,0.6283791798503576,0.4706633269678162,0.6310626617593755,0.7436564157583843,0.833,0.8692307692307693,0.6612064787581777,0.013004277677791833,0.003364762933672791,0.05606406594684813,0.021523013282705603,0.0034655216850187757,0.00103190707266707,0.030432107961969452,0.017,12852.0,/home/joaoabitante/speculative-decoding-unlearning/saves/unlearn/sud/results/original-unlearned/target-Llama-3.2-3B-Instruct/draft-Llama-3.2-3B-Instruct_GradDiff/forget01/a0.995_k1_s0
original-unlearned,Llama-3.2-3B-Instruct,Llama-3.2-3B-Instruct_GradDiff,forget05,0.1,1,0,True,0.0008677035148885046,0.0008676604286884116,0.10064855441016599,0.00029018287851319464,0.7331949014649041,0.6512192348631092,6.540866008411473e-13,0.9696005553007125,0.7230650200512744,0.09008646154310554,0.8387808828405104,0.467956504593088,0.999825,0.999875,0.9983,0.99985,-99.98045804737271,0.9419409497082234,0.5403070039522937,0.4792300015429186,0.6249324093216991,0.497110828644547,0.6671402714843229,0.7455995264525916,0.818,0.872079772079772,0.6898533729393216,0.02082268168232986,0.0070675429950179565,0.0854608082829509,0.034052350076616195,0.005739031797899088,0.002133005514017403,0.03772620385256596,0.02,12852.0,/home/joaoabitante/speculative-decoding-unlearning/saves/unlearn/sud/results/original-unlearned/target-Llama-3.2-3B-Instruct/draft-Llama-3.2-3B-Instruct_GradDiff/forget05/a0.1_k1_s0
original-unlearned,Llama-3.2-3B-Instruct,Llama-3.2-3B-Instruct_GradDiff,forget05,0.2,1,0,True,0.014013499784562122,0.014000642945613685,0.22862787849189736,0.0047995500649864594,0.739371200002347,0.6455401349680422,1.3850840057169374e-11,0.9194498839974403,0.47167617636082537,0.08386384082958102,0.865118610970676,0.4769335022622958,0.996025,0.9967,0.98245,0.998425,-99.48409284773172,0.9366855554282665,0.5400355183980253,0.47984742322865415,0.6258429726528906,0.5007883505567045,0.6728732372429128,0.7179826961243089,0.763,0.8663817663817664,0.5504354670944318,0.0224789920161129,0.007722850894728619,0.08352384353289381,0.03317984805558163,0.006161833315679814,0.00227368431477383,0.03615981761028524,0.013,12852.0,/home/joaoabitante/speculative-decoding-unlearning/saves/unlearn/sud/results/original-unlearned/target-Llama-3.2-3B-Instruct/draft-Llama-3.2-3B-Instruct_GradDiff/forget05/a0.2_k1_s0
original-unlearned,Llama-3.2-3B-Instruct,Llama-3.2-3B-Instruct_GradDiff,forget05,0.3,1,0,True,0.10754857149903929,0.10677627468897942,0.35406100900374693,0.04215179826624591,0.7428200758452618,0.6460044946207789,5.951062636424447e-11,0.8521653351187706,0.2906956707914095,0.07276565303327516,0.873770565984305,0.4890294708990065,0.97295,0.97505,0.9022749999999999,0.982475,-96.09942936041594,0.9267628553509712,0.539956649318153,0.4803973779067586,0.6261696791756315,0.5046024439695334,0.6779453300320021,0.689451156033427,0.8153333333333334,0.8414529914529914,0.44673703076535887,0.02430828823504271,0.008472869214229777,0.08083323353726883,0.03198584553286534,0.006618076534302115,0.002425727316752211,0.03287263285217341,0.02,12852.0,/home/joaoabitante/speculative-decoding-unlearning/saves/unlearn/sud/results/original-unlearned/target-Llama-3.2-3B-Instruct/draft-Llama-3.2-3B-Instruct_GradDiff/forget05/a0.3_k1_s0
original-unlearned,Llama-3.2-3B-Instruct,Llama-3.2-3B-Instruct_GradDiff,forget05,0.4,1,0,True,0.34591508835925555,0.3378179285502058,0.4438832593606649,0.19725426668398746,0.7406281887972245,0.6418156011751811,1.2940880677508261e-08,0.7888115313649178,0.19256989584773687,0.058249431229196486,0.8754034772841259,0.506092913412305,0.8940250000000002,0.8952749999999999,0.72545,0.887225,-83.62776517101105,0.9113640674948692,0.5402077487514454,0.48084775067165,0.6259313520622465,0.5085162674757157,0.6821751470483497,0.6769814599403589,0.768,0.8435897435897435,0.39996743988025474,0.026336359575070675,0.009335362877919563,0.0775660372141283,0.030541028480019192,0.007111749549212617,0.0025903629731988654,0.02801093449408654,0.02,12852.0,/home/joaoabitante/speculative-decoding-unlearning/saves/unlearn/sud/results/original-unlearned/target-Llama-3.2-3B-Instruct/draft-Llama-3.2-3B-Instruct_GradDiff/forget05/a0.4_k1_s0
original-unlearned,Llama-3.2-3B-Instruct,Llama-3.2-3B-Instruct_GradDiff,forget05,0.5,1,0,True,0.5487147228130586,0.532297404804418,0.5034226914622502,0.477720722748479,0.7206447259958253,0.6425613927657121,1.3921047931216453e-06,0.7382476344704628,0.1548050010835836,0.04481206052703783,0.8203303405735641,0.5276679721664788,0.7388750000000001,0.73365,0.532125,0.7085250000000001,-58.36004063810522,0.8896926112473011,0.540819951668926,0.48117676552120847,0.6254260270830726,0.5124918020312725,0.6859946286274576,0.6394715645188019,0.8109999999999999,0.8692307692307693,0.3637838419548244,0.028591191548039206,0.010331263294156632,0.07388593774230685,0.028913647498726415,0.007646725814638557,0.0027688881915998464,0.022806289489875783,1619.123,35673.3,/home/joaoabitante/speculative-decoding-unlearning/saves/unlearn/sud/results/original-unlearned/target-Llama-3.2-3B-Instruct/draft-Llama-3.2-3B-Instruct_GradDiff/forget05/a0.5_k1_s0
original-unlearned,Llama-3.2-3B-Instruct,Llama-3.2-3B-Instruct_GradDiff,forget05,0.6,1,0,True,0.6460623068081561,0.6235205326730978,0.5451899225360923,0.7103347723080122,0.7135187477729374,0.6371946475415957,4.7487878961137165e-05,0.6997710278630257,0.1285617036435046,0.034173564519151114,0.8106154426932335,0.5484889657453873,0.57005,0.5599,0.385725,0.507675,-31.196748216806576,0.86140390381217,0.5415487609974662,0.4813702017484718,0.6252587668523659,0.5164938171922663,0.6901779422196065,0.6084673852312524,0.8013333333333332,0.8592592592592593,0.35761551238685885,0.031103371702192815,0.01148497899649579,0.06991410559159704,0.02716554423586036,0.008226785757833567,0.002962631260770056,0.01822149057648494,0.02,12852.0,/home/joaoabitante/speculative-decoding-unlearning/saves/unlearn/sud/results/original-unlearned/target-Llama-3.2-3B-Instruct/draft-Llama-3.2-3B-Instruct_GradDiff/forget05/a0.6_k1_s0
original-unlearned,Llama-3.2-3B-Instruct,Llama-3.2-3B-Instruct_GradDiff,forget05,0.7,1,0,True,0.6735181605847663,0.6516287755160292,0.5704721789626139,0.795528713151731,0.6923944934999869,0.6273963646354783,0.000648608042418048,0.672894693762064,0.12096441326773755,0.02616644711815752,0.772416697787121,0.5586167498103066,0.427025,0.41045000000000004,0.281375,0.36067499999999997,-7.832408347091007,0.8264966782927513,0.5428310138348945,0.4814191190649999,0.6246957381309985,0.520496302817404,0.6937811404883972,0.5575607318334188,0.7903333333333333,0.8378917378917379,0.3280981700250495,0.03390354082046542,0.012824895365513986,0.0657299274293473,0.02534444552763299,0.008855014118541173,0.0031728695934435847,0.014479456527034928,1651.321,35673.3,/home/joaoabitante/speculative-decoding-unlearning/saves/unlearn/sud/results/original-unlearned/target-Llama-3.2-3B-Instruct/draft-Llama-3.2-3B-Instruct_GradDiff/forget05/a0.7_k1_s0
original-unlearned,Llama-3.2-3B-Instruct,Llama-3.2-3B-Instruct_GradDiff,forget05,0.8,1,0,True,0.6544891958935146,0.634889030879796,0.5882946200899853,0.7067396313461882,0.6807581334562101,0.620941219165323,0.03956202584899502,0.6501222629845143,0.1100755982862247,0.020236555418414355,0.753328240592964,0.5565364498823437,0.321,0.30405000000000004,0.21564999999999998,0.26595,8.801688421980492,0.7857338967174292,0.5444934270938109,0.481318041334505,0.6235379409383632,0.5244795063362895,0.6967112195632461,0.5537684560286222,0.7043333333333334,0.8803418803418803,0.31963071639290397,0.037012830323365054,0.014383666636903453,0.06140111491287826,0.02348952335874707,0.009532131605258959,0.003400774581267504,0.011533564959530848,1645.029,35673.3,/home/joaoabitante/speculative-decoding-unlearning/saves/unlearn/sud/results/original-unlearned/target-Llama-3.2-3B-Instruct/draft-Llama-3.2-3B-Instruct_GradDiff/forget05/a0.8_k1_s0
original-unlearned,Llama-3.2-3B-Instruct,Llama-3.2-3B-Instruct_GradDiff,forget05,0.9,1,0,True,0.6088459516878829,0.5907189863101261,0.6014361507269621,0.5573219688340234,0.6800995774854566,0.616684365218991,0.11228360286766195,0.6297570699453354,0.10262280231171399,0.015820092667618156,0.7580519788409583,0.5496362217428765,0.251575,0.2364,0.17337499999999997,0.206125,19.377784722992605,0.7403096346557141,0.5462920029199801,0.4810656370210463,0.6216556543649729,0.5284277476432637,0.6991758381461558,0.5120914346760951,0.7663333333333333,0.8732193732193732,0.3148311566139342,0.04041435112070758,0.01619820078636839,0.056981771919236056,0.021630327673970474,0.010253308428970438,0.0036472713226821094,0.009251475894799114,1707.893,35673.3,/home/joaoabitante/speculative-decoding-unlearning/saves/unlearn/sud/results/original-unlearned/target-Llama-3.2-3B-Instruct/draft-Llama-3.2-3B-Instruct_GradDiff/forget05/a0.9_k1_s0
original-unlearned,Llama-3.2-3B-Instruct,Llama-3.2-3B-Instruct_GradDiff,forget05,0.95,1,0,True,0.5839499778062981,0.5696367437802542,0.6056544800469627,0.503038453462717,0.6673783911816179,0.6144437855083781,0.11228360286766195,0.6212224696576595,0.09965470880054986,0.014043338990145458,0.7302935014606919,0.5436480921195613,0.226275,0.211175,0.15872499999999998,0.18365,23.321347608329333,0.7161621178314089,0.5472770719788181,0.48088728732568675,0.6204560434200307,0.5303829595812328,0.700292041674691,0.5068979105854857,0.782,0.8564102564102564,0.30070945928298665,0.042198453856108244,0.01721387454267448,0.05475317693679244,0.020705937792705808,0.010626069355930665,0.0037776747996010568,0.008314140121058699,1697.652,35673.3,/home/joaoabitante/speculative-decoding-unlearning/saves/unlearn/sud/results/original-unlearned/target-Llama-3.2-3B-Instruct/draft-Llama-3.2-3B-Instruct_GradDiff/forget05/a0.95_k1_s0
original-unlearned,Llama-3.2-3B-Instruct,Llama-3.2-3B-Instruct_GradDiff,forget05,0.98,1,0,True,0.5698131334194851,0.5570538480093131,0.6090599413014725,0.4745175031080406,0.6598022733787905,0.6111731907773269,0.11228360286766195,0.6140139381587505,0.0962768983987079,0.013089575113829141,0.7168388306663838,0.5385220573065975,0.21225,0.19735,0.151675,0.17170000000000002,25.48268583983698,0.701292481161654,0.5478571272286199,0.480766822711919,0.6196993250080532,0.5315484464117036,0.7009074599246985,0.48806256476266524,0.8,0.8518518518518517,0.3050312011324833,0.04328491371416021,0.017860935811154183,0.053414045695390086,0.0201543234079282,0.010851919874645925,0.0038582188255913813,0.007806746695315155,0.02,12852.0,/home/joaoabitante/speculative-decoding-unlearning/saves/unlearn/sud/results/original-unlearned/target-Llama-3.2-3B-Instruct/draft-Llama-3.2-3B-Instruct_GradDiff/forget05/a0.98_k1_s0
original-unlearned,Llama-3.2-3B-Instruct,Llama-3.2-3B-Instruct_GradDiff,forget05,0.99,1,0,True,0.5646370587558884,0.5518274150987321,0.609331483977979,0.4651776786125975,0.6569057108869154,0.6076724882736194,0.11228360286766195,0.612737620472908,0.0962768983987079,0.012788435524855686,0.7148199498897884,0.5368104328287912,0.207425,0.193175,0.14932499999999999,0.167775,26.1353865354279,0.6962798181548715,0.5480474559920029,0.48072481269309003,0.619489486704547,0.5319353944347981,0.7011038562585895,0.4917801007570769,0.733,0.8685185185185186,0.30189907046794134,0.043648853219638115,0.018083146398963343,0.052967730275267966,0.01997106522721359,0.010927394834652658,0.0038854500530225637,0.007645966401625856,0.02,12852.0,/home/joaoabitante/speculative-decoding-unlearning/saves/unlearn/sud/results/original-unlearned/target-Llama-3.2-3B-Instruct/draft-Llama-3.2-3B-Instruct_GradDiff/forget05/a0.99_k1_s0
original-unlearned,Llama-3.2-3B-Instruct,Llama-3.2-3B-Instruct_GradDiff,forget05,0.995,1,0,True,0.5655952975175896,0.5508219756092547,0.6091450987031582,0.46091754273051355,0.6698302817410453,0.6115552102285432,0.1420746514551761,0.6126395812630654,0.0962768983987079,0.012640839331598954,0.740381174206268,0.5360008760635405,0.20502499999999999,0.1916,0.1483,0.16575,26.381614941549024,0.6937636530771851,0.5481413569256882,0.480703515689766,0.619381742507645,0.5321285687211887,0.7012004668933582,0.4855606638696417,0.799,0.8774928774928774,0.30850602204587035,0.04383104897628073,0.01819549708384368,0.052744620990706606,0.019879559518017963,0.01096515282482566,0.003899136862383676,0.007567067421176261,0.02,12852.0,/home/joaoabitante/speculative-decoding-unlearning/saves/unlearn/sud/results/original-unlearned/target-Llama-3.2-3B-Instruct/draft-Llama-3.2-3B-Instruct_GradDiff/forget05/a0.995_k1_s0
original-unlearned,Llama-3.2-3B-Instruct,Llama-3.2-3B-Instruct_GradDiff,forget10,0.1,1,0,True,0.009528152226768984,0.009524196482790898,0.054353274626348876,0.003389277355651248,0.7091549495449182,0.6489712357530797,4.416671697087842e-24,0.9843275871872902,0.8497269746081763,0.10494000292150303,0.7816421829280443,0.4964159541705337,0.9974187499999999,0.997525,0.9984124999999999,0.9982,-99.59156307984668,0.938414518982172,0.5346416346835438,0.478896400690478,0.6238213784846453,0.501185204606035,0.6714430816666769,0.7221879435164814,0.8240000000000001,0.8635327635327635,0.678516275933262,0.02233745274381363,0.007529408617844354,0.09301989550585858,0.037994255981779246,0.006287850517562674,0.002282252553359097,0.0455754227561847,2008.258,40756.5,/home/joaoabitante/speculative-decoding-unlearning/saves/unlearn/sud/results/original-unlearned/target-Llama-3.2-3B-Instruct/draft-Llama-3.2-3B-Instruct_GradDiff/forget10/a0.1_k1_s0
original-unlearned,Llama-3.2-3B-Instruct,Llama-3.2-3B-Instruct_GradDiff,forget10,0.2,1,0,True,0.21818267966289423,0.2409526387881092,0.46727231948994685,0.11403277614995141,0.35205596415706564,0.6488908037756738,6.944662821810594e-28,0.7518390766531229,0.17721523442257436,0.03487125492283667,0.2415561840281589,0.43875821852613783,0.9304812499999999,0.94778125,0.93821875,0.89553125,-91.38260016025866,0.9311331985890865,0.5288288345138674,0.4792592888113545,0.6242474314902073,0.5092928991951504,0.6831390358554945,0.701095249895294,0.8173333333333332,0.8777777777777777,0.07079529838711572,0.025873135261354038,0.008808078555266859,0.09952522032195703,0.04152407205781202,0.007396156491423274,0.002602807279175524,0.014552120482817484,5894.29,40756.5,/home/joaoabitante/speculative-decoding-unlearning/saves/unlearn/sud/results/original-unlearned/target-Llama-3.2-3B-Instruct/draft-Llama-3.2-3B-Instruct_GradDiff/forget10/a0.2_k1_s0
original-unlearned,Llama-3.2-3B-Instruct,Llama-3.2-3B-Instruct_GradDiff,forget10,0.3,1,0,True,0.22984027374908836,0.24965577481992154,0.7300274320361191,0.10983572177639987,0.3878637274231451,0.6484125809225476,8.969123776103959e-23,0.046690389048308134,0.03250892997513522,0.0005195158472465078,0.27668469862488565,0.4173365010666364,0.03404374999999999,0.056900000000000006,0.08428124999999997,0.02598749999999997,55.635088433910994,0.9203749659657479,0.5232329139516374,0.47968583927598146,0.6259860988756223,0.5178796363951024,0.6941470573325463,0.6783410970747933,0.828,0.872079772079772,0.027427245906667088,0.030014655912236777,0.010396873106705609,0.10586239085532725,0.04506411827924046,0.008697316580864936,0.0029705420891123226,0.00262763196459644,5946.648,40756.5,/home/joaoabitante/speculative-decoding-unlearning/saves/unlearn/sud/results/original-unlearned/target-Llama-3.2-3B-Instruct/draft-Llama-3.2-3B-Instruct_GradDiff/forget10/a0.3_k1_s0
original-unlearned,Llama-3.2-3B-Instruct,Llama-3.2-3B-Instruct_GradDiff,forget10,0.4,1,0,True,0.0984741065806399,0.10166394832409158,0.38323362709689596,0.03945064972919881,0.3988255429994729,0.644543200592348,9.444521259056707e-120,0.03177182985469699,0.03250892997513522,0.00024390336551205577,0.2887471571948845,0.13566978781012207,0.01249999999999997,0.031912499999999976,0.013549999999999972,0.01489374999999999,59.758650910668486,0.9049348190426827,0.5181103226523825,0.48029148331017424,0.6283566801586112,0.5268432128734657,0.7060844422388951,0.6276506235404427,0.8320000000000001,0.8732193732193733,0.02659891725755685,0.03486077380453935,0.012385998925254202,0.11183687020209618,0.048525441959087964,0.01021439908948499,0.0033923989123445563,0.0025598473826229794,5973.089,40756.5,/home/joaoabitante/speculative-decoding-unlearning/saves/unlearn/sud/results/original-unlearned/target-Llama-3.2-3B-Instruct/draft-Llama-3.2-3B-Instruct_GradDiff/forget10/a0.4_k1_s0
original-unlearned,Llama-3.2-3B-Instruct,Llama-3.2-3B-Instruct_GradDiff,forget10,0.5,1,0,True,0.030789680342673542,0.031080529231552443,0.022251530664628802,0.019992686452404658,0.40384063450041713,0.6392089002493796,1.4734357184767768e-198,0.02976012525614351,0.03250892997513522,0.00012567348626524405,0.295158092265483,0.0056593571455215855,0.006149999999999988,0.01643749999999997,0.0055374999999999895,0.01380625,62.31241296480845,0.8827997931838035,0.5133860489109869,0.4813657056205365,0.631792911618327,0.5360707425763407,0.7196468500813833,0.5901930022940944,0.8170000000000001,0.8578347578347578,0.02455478135497697,0.04045442601141985,0.014892931720441215,0.11713393824989908,0.05178154688585119,0.01194443508978414,0.003875726485034414,0.0024606474629468226,6583.588,40756.5,/home/joaoabitante/speculative-decoding-unlearning/saves/unlearn/sud/results/original-unlearned/target-Llama-3.2-3B-Instruct/draft-Llama-3.2-3B-Instruct_GradDiff/forget10/a0.5_k1_s0
original-unlearned,Llama-3.2-3B-Instruct,Llama-3.2-3B-Instruct_GradDiff,forget10,0.6,1,0,True,0.012644760155925767,0.012692784734793027,0.0058224720623538655,0.015867937307743146,0.40259177732764756,0.6304238363479656,1.0158623095969112e-201,0.027757918764837086,0.03250892997513522,5.158855069762356e-05,0.29572002256521956,0.0014621353350928483,0.004712499999999999,0.010824999999999979,0.004531249999999996,0.013718750000000002,63.238615842279245,0.8515350242704153,0.5090204504976542,0.482660674722651,0.6375586423412841,0.5454977481086711,0.7309871127163439,0.5298623707241296,0.8009999999999999,0.8621082621082621,0.024772144611763164,0.046721862204140055,0.0180680389032115,0.12146138924872503,0.054684604433706346,0.013867083349305174,0.004427662451618083,0.0022718760625954296,5924.719,40756.5,/home/joaoabitante/speculative-decoding-unlearning/saves/unlearn/sud/results/original-unlearned/target-Llama-3.2-3B-Instruct/draft-Llama-3.2-3B-Instruct_GradDiff/forget10/a0.6_k1_s0
original-unlearned,Llama-3.2-3B-Instruct,Llama-3.2-3B-Instruct_GradDiff,forget10,0.7,1,0,True,0.016537769165944703,0.01662102695225434,0.008578431669011139,0.016043537756361692,0.39981984817832955,0.6279649002742403,2.468207657588403e-203,0.0263879224518314,0.03250892997513522,1.6054063790957406e-05,0.29327171164622995,0.002158778235371061,0.004306249999999999,0.007812499999999998,0.0058562499999999995,0.013774999999999999,63.735753689652206,0.8082921179383993,0.5050534434792164,0.4843214938410219,0.6438357392603442,0.5551099661788681,0.7396490916093732,0.48994863165845565,0.8583333333333334,0.8792022792022792,0.022452023071352998,0.05416462258668617,0.022098102222590902,0.12444311916595324,0.057027860194270266,0.015951472443630335,0.005053214669406822,0.0020045816850691664,6742.276,40756.5,/home/joaoabitante/speculative-decoding-unlearning/saves/unlearn/sud/results/original-unlearned/target-Llama-3.2-3B-Instruct/draft-Llama-3.2-3B-Instruct_GradDiff/forget10/a0.7_k1_s0
original-unlearned,Llama-3.2-3B-Instruct,Llama-3.2-3B-Instruct_GradDiff,forget10,0.8,1,0,True,0.014113915961231769,0.014173711932060969,0.006679520261448026,0.016576521104293022,0.3970560423241832,0.616596771931343,5.6740405921572485e-205,0.02502449866849929,0.03250892997513522,3.706329158396596e-06,0.2928028865138185,0.0016784546472255945,0.004218749999999999,0.0062375,0.0080125,0.013768750000000001,63.995668082884535,0.7505566693097353,0.5015176138354748,0.4869556014542219,0.6505935626360809,0.5651267354080546,0.7469974316344525,0.448693541646435,0.8263333333333333,0.8831908831908831,0.017414699236403305,0.06273793007130735,0.0272049776795962,0.12552922429982571,0.05852968247435411,0.018065985580995706,0.00575087217041346,0.0017026980149320247,6806.326,40756.5,/home/joaoabitante/speculative-decoding-unlearning/saves/unlearn/sud/results/original-unlearned/target-Llama-3.2-3B-Instruct/draft-Llama-3.2-3B-Instruct_GradDiff/forget10/a0.8_k1_s0
original-unlearned,Llama-3.2-3B-Instruct,Llama-3.2-3B-Instruct_GradDiff,forget10,0.9,1,0,True,0.00666263143682378,0.006675754137076001,0.002572556178808877,0.01695588287205303,0.3879680950334477,0.5908701199150943,5.6740405921572485e-205,0.024204231705516575,0.03250892997513522,6.590678627370211e-07,0.2887966733757639,0.0006444065799819323,0.00415625,0.00535,0.011143750000000001,0.0137625,64.14212778065831,0.6762734271539376,0.49823370142280127,0.4914236520546817,0.6548028585910317,0.5758881101182102,0.7545019462471192,0.3996516005621818,0.6963333333333332,0.8447293447293448,0.015156573498964803,0.07187337064009626,0.03362913945164063,0.12413136060815305,0.05888813496350554,0.0199234122296275,0.006507985308793262,0.0013939572942439412,6896.095,40756.5,/home/joaoabitante/speculative-decoding-unlearning/saves/unlearn/sud/results/original-unlearned/target-Llama-3.2-3B-Instruct/draft-Llama-3.2-3B-Instruct_GradDiff/forget10/a0.9_k1_s0
original-unlearned,Llama-3.2-3B-Instruct,Llama-3.2-3B-Instruct_GradDiff,forget10,0.95,1,0,True,0.005408139651352932,0.005416347572507446,0.0020264893769701073,0.01703785084897868,0.39026910389544744,0.5808165689768872,1.2303404345238932e-206,0.023565048556774854,0.03250892997513522,2.5673204175125013e-07,0.29386223870154937,0.0005074083791991635,0.004149999999999999,0.0050375,0.01285,0.01374375,64.19369809677585,0.6326134625612758,0.4966722735169226,0.49481019150707234,0.6594851271443177,0.5815447065851094,0.7581898720723864,0.35986193043497666,0.7290000000000001,0.8511396011396011,0.013718853292651918,0.07638643643193063,0.03739989760544678,0.12228656797786243,0.05853432707357479,0.02061047975400698,0.006899916021524502,0.0012423559982900365,7051.986,40756.5,/home/joaoabitante/speculative-decoding-unlearning/saves/unlearn/sud/results/original-unlearned/target-Llama-3.2-3B-Instruct/draft-Llama-3.2-3B-Instruct_GradDiff/forget10/a0.95_k1_s0
original-unlearned,Llama-3.2-3B-Instruct,Llama-3.2-3B-Instruct_GradDiff,forget10,0.98,1,0,True,0.005077744405277223,0.0050852660298067644,0.0018879470935465842,0.017084018221923812,0.38411123259742735,0.5781886205887674,1.2303404345238932e-206,0.022453833422623574,0.03250892997513522,1.4317786550086683e-07,0.2875806279969402,0.0004726686740890711,0.004149999999999999,0.0049375,0.013618749999999999,0.013775,64.21020059793345,0.6043947223015129,0.49573641841969285,0.49714979906416595,0.6637527704278594,0.5850161576799231,0.7610950662475046,0.358350762833388,0.742,0.8233618233618233,0.009814223057644109,0.07899204353334426,0.039847995173857224,0.1207631499064155,0.05812646040797222,0.020905864082560587,0.0071356224499693295,0.0011539509094228536,6359.479,40756.5,/home/joaoabitante/speculative-decoding-unlearning/saves/unlearn/sud/results/original-unlearned/target-Llama-3.2-3B-Instruct/draft-Llama-3.2-3B-Instruct_GradDiff/forget10/a0.98_k1_s0
original-unlearned,Llama-3.2-3B-Instruct,Llama-3.2-3B-Instruct_GradDiff,forget10,0.99,1,0,True,0.004987678616291846,0.004995155227293348,0.0018511265012577235,0.017053111636252505,0.38018490941424954,0.5780290063472066,1.2303404345238932e-206,0.022322516939602792,0.03250892997513522,1.1754132714697238e-07,0.28323949430370704,0.00046343713921226376,0.004143749999999999,0.00489375,0.0137875,0.013768750000000001,64.2174204421899,0.5946684558945708,0.49542677299409194,0.49797491727039933,0.6652317909981831,0.586185101310587,0.7622385974317095,0.36110471275782496,0.6970000000000001,0.8796296296296295,0.011975315326359377,0.07983495390366442,0.0406946016278917,0.12018230019835756,0.057955999955218884,0.020981556514610325,0.007213841390978076,0.0011249880995711566,6461.988,40756.5,/home/joaoabitante/speculative-decoding-unlearning/saves/unlearn/sud/results/original-unlearned/target-Llama-3.2-3B-Instruct/draft-Llama-3.2-3B-Instruct_GradDiff/forget10/a0.99_k1_s0
original-unlearned,Llama-3.2-3B-Instruct,Llama-3.2-3B-Instruct_GradDiff,forget10,0.995,1,0,True,0.004945789791261111,0.004952870708989215,0.0018338042524891761,0.017051238254170722,0.38236712387114696,0.5720529837672719,1.2303404345238932e-206,0.022244391939602794,0.03250892997513522,1.0645105642332597e-07,0.2871512407757109,0.0004590943404884167,0.004143749999999999,0.004875,0.01389375,0.013775,64.22051466115697,0.5897476835758425,0.49527029618008755,0.49839627016960686,0.6659703382203043,0.5867716261828926,0.7628088906533937,0.3567296441333575,0.6736666666666666,0.8283475783475782,0.010644867376775271,0.08025072249365621,0.04112356296494186,0.11987791106803343,0.057864143257714204,0.021014794991579797,0.007252841150834144,0.001110608845541973,6539.417,40756.5,/home/joaoabitante/speculative-decoding-unlearning/saves/unlearn/sud/results/original-unlearned/target-Llama-3.2-3B-Instruct/draft-Llama-3.2-3B-Instruct_GradDiff/forget10/a0.995_k1_s0
original-unlearned,Llama-3.2-3B-Instruct,Llama-3.2-3B-Instruct_IdkDPO,forget01,0.1,1,0,True,0.0,0.0,0.01467166363718877,0.0,0.7441507590812102,0.649270287850912,0.01430154804770646,0.9961458817124367,0.9009548964989372,0.0969318448100239,0.8715076703578234,0.5081500264642707,1.0,1.0,1.0,1.0,-99.99999997740113,0.9407106451690197,0.537079774417723,0.47897414881198036,0.6218849395839758,0.4960525216922592,0.6663029393063815,0.7435063796018738,0.823,0.8589743589743589,0.837244516414484,0.02259685539873317,0.00791237441016219,0.09086878856411204,0.036737557298114946,0.006338415321946892,0.002418731629080763,0.047986507335444906,0.017,12852.0,/home/joaoabitante/speculative-decoding-unlearning/saves/unlearn/sud/results/original-unlearned/target-Llama-3.2-3B-Instruct/draft-Llama-3.2-3B-Instruct_IdkDPO/forget01/a0.1_k1_s0
original-unlearned,Llama-3.2-3B-Instruct,Llama-3.2-3B-Instruct_IdkDPO,forget01,0.2,1,0,True,0.0,0.0,0.01710664020820122,0.0,0.7538182696655561,0.6470519525628027,0.01430154804770646,0.9954879865050316,0.8904285807094636,0.10312918531708419,0.9027809574268758,0.5114222076812162,1.0,1.0,1.0,1.0,-99.99999997740113,0.9380100351572037,0.5335300512780147,0.47923549265947524,0.6203930801503652,0.4986387517686819,0.669699450171843,0.727811121890006,0.797,0.874928774928775,0.8305074574059503,0.02648281400412088,0.009680062022977689,0.09539486684836447,0.039037697406751934,0.007525136853064395,0.0029300630621971867,0.051405362831428644,0.017,12852.0,/home/joaoabitante/speculative-decoding-unlearning/saves/unlearn/sud/results/original-unlearned/target-Llama-3.2-3B-Instruct/draft-Llama-3.2-3B-Instruct_IdkDPO/forget01/a0.2_k1_s0
original-unlearned,Llama-3.2-3B-Instruct,Llama-3.2-3B-Instruct_IdkDPO,forget01,0.3,1,0,True,0.0,0.0,0.02185171177413572,0.0,0.7557201236873609,0.6451255728545392,0.01430154804770646,0.9941639453172684,0.8842264901171291,0.10957921287044883,0.9120787337422371,0.5147296329342668,1.0,1.0,1.0,1.0,-99.99999997740113,0.9347677923738956,0.5299922191340525,0.4793592417337406,0.6189478657364704,0.5013473893330705,0.6727624652664435,0.7074500626845167,0.8016666666666665,0.8692307692307691,0.7723689736293157,0.031093539861612954,0.01188704317806525,0.10005728131392971,0.04143650089213839,0.008945264886254639,0.0035604045216056086,0.05498551092809066,0.01,12852.0,/home/joaoabitante/speculative-decoding-unlearning/saves/unlearn/sud/results/original-unlearned/target-Llama-3.2-3B-Instruct/draft-Llama-3.2-3B-Instruct_IdkDPO/forget01/a0.3_k1_s0
original-unlearned,Llama-3.2-3B-Instruct,Llama-3.2-3B-Instruct_IdkDPO,forget01,0.4,1,0,True,0.0,0.0,0.030053277495807797,0.0,0.7437354348146271,0.6460974621629778,0.01430154804770646,0.9918192133307457,0.8717547497580143,0.11624983157962561,0.876136863604188,0.5180730278391849,1.0,1.0,1.0,1.0,-99.99999997740113,0.9308725023269653,0.5264737518274845,0.47933806725945244,0.6177549361062941,0.5041638321002241,0.6746343149532529,0.6866432656836631,0.8540000000000001,0.8635327635327635,0.7611256180254206,0.0365728084355942,0.014650205431183314,0.10483953054761513,0.043927779748850974,0.010646125365738047,0.004339947193076943,0.05871056372066961,0.017,12852.0,/home/joaoabitante/speculative-decoding-unlearning/saves/unlearn/sud/results/original-unlearned/target-Llama-3.2-3B-Instruct/draft-Llama-3.2-3B-Instruct_IdkDPO/forget01/a0.4_k1_s0
original-unlearned,Llama-3.2-3B-Instruct,Llama-3.2-3B-Instruct_IdkDPO,forget01,0.5,1,0,True,0.0,0.0,0.03446417489227936,0.0,0.7537056243678335,0.641581105978357,0.01430154804770646,0.9905947223305702,0.8503261783294429,0.12308881413191557,0.9133199952542782,0.5214566675144121,1.0,1.0,1.0,1.0,-99.99999997740113,0.926176947504282,0.5230054456746496,0.47916822889226734,0.6175153106309336,0.5070708541506802,0.6751884824853123,0.6728738872349471,0.794,0.884188034188034,0.7214161783696407,0.04309272254351527,0.018117271246985617,0.10971821042243392,0.04650170597305168,0.01268396150110372,0.005306795669109812,0.06255430527264252,1219.774,33151.0,/home/joaoabitante/speculative-decoding-unlearning/saves/unlearn/sud/results/original-unlearned/target-Llama-3.2-3B-Instruct/draft-Llama-3.2-3B-Instruct_IdkDPO/forget01/a0.5_k1_s0
original-unlearned,Llama-3.2-3B-Instruct,Llama-3.2-3B-Instruct_IdkDPO,forget01,0.6,1,0,True,0.0,0.0,0.04941484570061772,0.0,0.7243241670637349,0.6361591090164691,0.006760732303569208,0.9863241732120513,0.790400278403543,0.13001423580572008,0.8408584289252758,0.5248877808598797,1.0,1.0,1.0,1.0,-99.99999997740113,0.9204861062765122,0.519593524608827,0.4788528646548943,0.6168564902269495,0.510048690281321,0.6754183348553062,0.6417246122376933,0.8103333333333333,0.8378917378917379,0.6526395893959982,0.05085780225577764,0.022473639414006628,0.11466037560487166,0.04914380586008155,0.015124526558259578,0.006508840764815381,0.06647524454630913,0.017,12852.0,/home/joaoabitante/speculative-decoding-unlearning/saves/unlearn/sud/results/original-unlearned/target-Llama-3.2-3B-Instruct/draft-Llama-3.2-3B-Instruct_IdkDPO/forget01/a0.6_k1_s0
original-unlearned,Llama-3.2-3B-Instruct,Llama-3.2-3B-Instruct_IdkDPO,forget01,0.7,1,0,True,0.0,0.0,0.061658492668766676,0.0,0.7266082131334073,0.6278402701569507,0.006760732303569208,0.9825872227549552,0.7723742826601558,0.13689967757090926,0.8622524244710803,0.5283790899536532,1.0,1.0,0.999375,1.0,-99.99999997740113,0.9135406006872654,0.5162155765946692,0.47840467382111074,0.6156332545704379,0.5130677193261205,0.6764687080965174,0.6065197759487195,0.7753333333333333,0.8179487179487179,0.630791603286284,0.06010766869294457,0.02794934584075329,0.11961942283436656,0.05183326270597808,0.018042386325614643,0.008005806429207625,0.07040810818085447,1195.502,33151.0,/home/joaoabitante/speculative-decoding-unlearning/saves/unlearn/sud/results/original-unlearned/target-Llama-3.2-3B-Instruct/draft-Llama-3.2-3B-Instruct_IdkDPO/forget01/a0.7_k1_s0
original-unlearned,Llama-3.2-3B-Instruct,Llama-3.2-3B-Instruct_IdkDPO,forget01,0.8,1,0,True,0.0,0.0,0.09275988389728484,0.0,0.715351622196696,0.6289077488312478,0.01430154804770646,0.9724616423249245,0.734157195014409,0.14354969123378397,0.8293458766303956,0.5319511989672291,1.0,1.0,0.9987499999999999,1.0,-99.99999997740113,0.9049955597519874,0.5128711207320595,0.477855033322536,0.6139912676761273,0.5160895467577246,0.6797923005259948,0.5820191865293747,0.823,0.8386039886039887,0.4862624588526261,0.07111573920003139,0.034823360478667305,0.12453089799266309,0.054540926222554846,0.021517325555178105,0.009870965892458602,0.07425120427273214,1165.254,33151.0,/home/joaoabitante/speculative-decoding-unlearning/saves/unlearn/sud/results/original-unlearned/target-Llama-3.2-3B-Instruct/draft-Llama-3.2-3B-Instruct_IdkDPO/forget01/a0.8_k1_s0
original-unlearned,Llama-3.2-3B-Instruct,Llama-3.2-3B-Instruct_IdkDPO,forget01,0.9,1,0,True,0.0,0.0,0.1209916744031244,0.0,0.7321744316292629,0.6214245344427561,0.01430154804770646,0.9627214312553406,0.686712279272544,0.14966148594394327,0.8909609409049153,0.5355883672227219,0.999375,1.0,0.995625,1.0,-99.99999997740113,0.8943954204022885,0.5096171463754038,0.4772588440129513,0.6119425050317159,0.5190633778677382,0.6828377272964894,0.5364633968603343,0.7903333333333333,0.8675213675213675,0.5118460290027567,0.0841737174836453,0.043420763700928976,0.12930696154013277,0.05722665549233716,0.025624588934782273,0.012191823212823204,0.0778500493685715,1146.859,33151.0,/home/joaoabitante/speculative-decoding-unlearning/saves/unlearn/sud/results/original-unlearned/target-Llama-3.2-3B-Instruct/draft-Llama-3.2-3B-Instruct_IdkDPO/forget01/a0.9_k1_s0
original-unlearned,Llama-3.2-3B-Instruct,Llama-3.2-3B-Instruct_IdkDPO,forget01,0.95,1,0,True,0.0,0.0,0.13793497905975216,0.0,0.7176856510406603,0.6194507428379009,0.01430154804770646,0.9570747941732407,0.6243116681448602,0.1523835423402488,0.8529497381299734,0.5372660131153066,0.9987499999999999,0.999375,0.994375,1.0,-99.85875703957994,0.8881546120345593,0.5080105646017767,0.47696938525275767,0.6107671880145524,0.5205142510066428,0.6834462427799884,0.5294472900314151,0.7936666666666666,0.8564102564102564,0.42939449445674993,0.09155767056392505,0.04847444902192458,0.1316079854290001,0.05854477516621772,0.02793308007385349,0.013553829229232746,0.07949258499313146,1166.769,33151.0,/home/joaoabitante/speculative-decoding-unlearning/saves/unlearn/sud/results/original-unlearned/target-Llama-3.2-3B-Instruct/draft-Llama-3.2-3B-Instruct_IdkDPO/forget01/a0.95_k1_s0
original-unlearned,Llama-3.2-3B-Instruct,Llama-3.2-3B-Instruct_IdkDPO,forget01,0.98,1,0,True,0.0,0.0,0.14582755715757284,0.0,0.7217724898071453,0.6200117582235791,0.01430154804770646,0.9541953712701797,0.6091123927825414,0.15387249272316694,0.8634955020621419,0.5383093098983449,0.9987499999999999,0.999375,0.994375,1.0,-99.85875703957994,0.884066057652235,0.5070537225469482,0.4768072279325327,0.6100221532046085,0.521368932562248,0.6835382354852136,0.5248379377995227,0.8270000000000001,0.8471509971509971,0.4029341698757542,0.09627763819182292,0.05177289780302587,0.13295042416779324,0.0593230266162791,0.02940164321810396,0.014442948061164019,0.08040962177794428,0.017,12852.0,/home/joaoabitante/speculative-decoding-unlearning/saves/unlearn/sud/results/original-unlearned/target-Llama-3.2-3B-Instruct/draft-Llama-3.2-3B-Instruct_IdkDPO/forget01/a0.98_k1_s0
original-unlearned,Llama-3.2-3B-Instruct,Llama-3.2-3B-Instruct_IdkDPO,forget01,0.99,1,0,True,0.0,0.0,0.14583057768510943,0.0,0.7254104787880556,0.6181651643971358,0.01430154804770646,0.9541953712701797,0.6091123927825414,0.1543411783874035,0.877678735461086,0.5386639849652101,0.9987499999999999,0.999375,0.994375,1.0,-99.85875703957994,0.8826420234143734,0.506735646715562,0.47675577622747417,0.6097678049024658,0.5216508857841523,0.6835248526807839,0.529483511824141,0.767,0.874928774928775,0.4515759167615764,0.09790009739343077,0.05291866587547577,0.13339056216878817,0.059579885401642975,0.029905060338496697,0.01475192130985184,0.08070218639913947,0.017,12852.0,/home/joaoabitante/speculative-decoding-unlearning/saves/unlearn/sud/results/original-unlearned/target-Llama-3.2-3B-Instruct/draft-Llama-3.2-3B-Instruct_IdkDPO/forget01/a0.99_k1_s0
original-unlearned,Llama-3.2-3B-Instruct,Llama-3.2-3B-Instruct_IdkDPO,forget01,0.995,1,0,True,0.0,0.0,0.1458321471913348,0.0,0.7024626236214889,0.6169383123869977,0.01430154804770646,0.9541953712701797,0.6091123927825414,0.15457011638209223,0.8155150308273733,0.5388426139961827,0.9987499999999999,0.999375,0.994375,1.0,-99.85875703957994,0.8819181655347347,0.5065767210876109,0.47673066431818323,0.60963964739888,0.521791327897155,0.6835100133984794,0.5198366714190046,0.8220000000000001,0.8179487179487178,0.40088641181682866,0.09872063347836957,0.05350040447157305,0.13360915804514661,0.05970779950494034,0.030159370374652404,0.01490883202684971,0.08084590687882157,0.017,12852.0,/home/joaoabitante/speculative-decoding-unlearning/saves/unlearn/sud/results/original-unlearned/target-Llama-3.2-3B-Instruct/draft-Llama-3.2-3B-Instruct_IdkDPO/forget01/a0.995_k1_s0
original-unlearned,Llama-3.2-3B-Instruct,Llama-3.2-3B-Instruct_IdkDPO,forget05,0.1,1,0,True,0.0,0.0,0.032681062172593985,0.0,0.7386222551451626,0.6457211015115969,1.4275699621532978e-12,0.9909779524803162,0.8802173214383471,0.1028336972836405,0.8627474063192494,0.47792352047458875,1.0,1.0,0.9996999999999999,0.999975,-99.99999998436645,0.9364954832196236,0.5276308560910495,0.48141724652956214,0.6233697392306692,0.49611631747877283,0.6631982705635435,0.7177588309166546,0.818,0.8663817663817663,0.7626326520525442,0.026548385589558167,0.009374040376204179,0.09578188136219978,0.03980567161095144,0.007649098930990021,0.0028836374821424164,0.04416659132787027,0.02,12852.0,/home/joaoabitante/speculative-decoding-unlearning/saves/unlearn/sud/results/original-unlearned/target-Llama-3.2-3B-Instruct/draft-Llama-3.2-3B-Instruct_IdkDPO/forget05/a0.1_k1_s0
original-unlearned,Llama-3.2-3B-Instruct,Llama-3.2-3B-Instruct_IdkDPO,forget05,0.2,1,0,True,0.0,0.0,0.04425443091947526,0.0,0.732010139040507,0.6410894962969613,1.3850840057169374e-11,0.9875742602348327,0.852035817160588,0.11426481668371707,0.8529817860294133,0.49482274686640737,0.999975,1.0,0.999675,0.999975,-99.99999998436645,0.927604174464941,0.5144182148952047,0.48409235846263804,0.6236783992167049,0.4989889390718567,0.66378146133748,0.6779985062729527,0.807,0.8905982905982907,0.7129263595463834,0.036697322292020544,0.01364330256392272,0.10574200206436217,0.045689414497466704,0.010983041369830365,0.004192440493350665,0.051438664784189306,0.02,12852.0,/home/joaoabitante/speculative-decoding-unlearning/saves/unlearn/sud/results/original-unlearned/target-Llama-3.2-3B-Instruct/draft-Llama-3.2-3B-Instruct_IdkDPO/forget05/a0.2_k1_s0
original-unlearned,Llama-3.2-3B-Instruct,Llama-3.2-3B-Instruct_IdkDPO,forget05,0.3,1,0,True,0.0002247446865424888,0.00022474097705687293,0.06040095731182011,7.501554697232086e-05,0.7384551861901981,0.6351210321841372,5.951062636424447e-11,0.9827007341384888,0.8120813032969362,0.12591792988590897,0.8819480873271823,0.5121148208630748,0.99995,0.999975,0.999375,0.99995,-99.9960915969677,0.915340958237648,0.5010670208585736,0.48662287071625704,0.6236198087780916,0.5021542984301266,0.6638726921370284,0.6292157172846052,0.847,0.8649572649572649,0.6338778291266285,0.05100854222429916,0.01999965388389465,0.11625027284026146,0.05217275988471011,0.015810081365913598,0.006154018491144566,0.05937491761054844,0.02,12852.0,/home/joaoabitante/speculative-decoding-unlearning/saves/unlearn/sud/results/original-unlearned/target-Llama-3.2-3B-Instruct/draft-Llama-3.2-3B-Instruct_IdkDPO/forget05/a0.3_k1_s0
original-unlearned,Llama-3.2-3B-Instruct,Llama-3.2-3B-Instruct_IdkDPO,forget05,0.4,1,0,True,0.0011128042602382578,0.0011127082536596699,0.0936125439449064,0.00037259834859095496,0.7383234873444854,0.6301091872986071,6.865581733487208e-09,0.9722360944747925,0.7270964587991626,0.13716417505405842,0.8914140067994595,0.5296437691827894,0.999775,0.99985,0.99895,0.999775,-99.97654965997397,0.8983022676408291,0.4877555072614635,0.48906611641272835,0.6240298146841976,0.5055042328242246,0.6653219257650107,0.6142697024119207,0.8270000000000001,0.8663817663817663,0.5550715441378623,0.07123852953081951,0.029484632806904696,0.1270775835518725,0.059178826104189286,0.022772756554501634,0.009110298685826227,0.06773013112880288,0.02,12852.0,/home/joaoabitante/speculative-decoding-unlearning/saves/unlearn/sud/results/original-unlearned/target-Llama-3.2-3B-Instruct/draft-Llama-3.2-3B-Instruct_IdkDPO/forget05/a0.4_k1_s0
original-unlearned,Llama-3.2-3B-Instruct,Llama-3.2-3B-Instruct_IdkDPO,forget05,0.5,1,0,True,0.004105547415256374,0.004104266444551942,0.13475207581206403,0.001385245298930182,0.7123557150130877,0.6127993478900702,8.114129962716335e-08,0.958259494304657,0.6334865633813951,0.14697930846363305,0.850534998010844,0.5476803870998649,0.99925,0.9994749999999999,0.9980500000000001,0.998725,-99.91792384899273,0.874378118366003,0.4745683956481765,0.4914822547185674,0.6246211635406616,0.5088576709033213,0.6694008492441269,0.5470468007337689,0.7826666666666665,0.8094017094017094,0.48703833717718514,0.09974272925406695,0.043599046058067255,0.13781557825393975,0.06653083364363556,0.032703589758893946,0.013565102710549646,0.07602095762081444,1594.175,35673.3,/home/joaoabitante/speculative-decoding-unlearning/saves/unlearn/sud/results/original-unlearned/target-Llama-3.2-3B-Instruct/draft-Llama-3.2-3B-Instruct_IdkDPO/forget05/a0.5_k1_s0
original-unlearned,Llama-3.2-3B-Instruct,Llama-3.2-3B-Instruct_IdkDPO,forget05,0.6,1,0,True,0.015415226844276349,0.015395379658034851,0.19827007357466958,0.0053155518491870574,0.693518185469255,0.5907333147579477,4.6128382074998843e-07,0.9343029069900513,0.5016183885978327,0.15354094025678933,0.8396057033189572,0.5664946439531814,0.997025,0.9978750000000001,0.996075,0.993325,-99.66778705547287,0.8403178165853024,0.4614050312750463,0.49381257737391515,0.6288908524380876,0.5118802212185921,0.6704869600697154,0.44784494895754406,0.732,0.8205128205128205,0.3315982721426869,0.1391967959050089,0.06432383590473388,0.14773973824921996,0.07387264188769041,0.04651981440023519,0.020212573448718515,0.08328998761437834,0.02,12852.0,/home/joaoabitante/speculative-decoding-unlearning/saves/unlearn/sud/results/original-unlearned/target-Llama-3.2-3B-Instruct/draft-Llama-3.2-3B-Instruct_IdkDPO/forget05/a0.6_k1_s0
original-unlearned,Llama-3.2-3B-Instruct,Llama-3.2-3B-Instruct_IdkDPO,forget05,0.7,1,0,True,0.049163671537374935,0.048936052868890474,0.2803170344646678,0.01788152587458348,0.6537494747482512,0.55143013340324,4.024806511439489e-06,0.8979410603642464,0.36896762295066055,0.15446379840373992,0.8026909316086676,0.5868849783628312,0.989,0.991325,0.9918250000000001,0.9756,-98.6437895570009,0.7909536013007163,0.4482146267891373,0.4957010216422247,0.6343016577389156,0.5140091701861366,0.6712577821812331,0.35644854255537056,0.613,0.7353276353276353,0.22866076750912817,0.1906930998712778,0.09351471195626272,0.15551743522286415,0.08049566224860609,0.0646232187829446,0.029789089176311637,0.08813415974285453,1400.343,35673.3,/home/joaoabitante/speculative-decoding-unlearning/saves/unlearn/sud/results/original-unlearned/target-Llama-3.2-3B-Instruct/draft-Llama-3.2-3B-Instruct_IdkDPO/forget05/a0.7_k1_s0
original-unlearned,Llama-3.2-3B-Instruct,Llama-3.2-3B-Instruct_IdkDPO,forget05,0.8,1,0,True,0.13270363773330746,0.12974088404784087,0.38629261325246067,0.05452220631260256,0.5963372236278492,0.4559651562896986,0.00018395764501293307,0.8394802057743073,0.23726916219776975,0.1474906114116311,0.8615809562755748,0.6093855402222522,0.96205,0.9672749999999999,0.9813,0.9252999999999999,-94.8839208794053,0.7184898030757904,0.43499609172874815,0.49598338360774963,0.6358416709771634,0.5141443447542183,0.6692375856783229,0.22923530397431477,0.35200000000000004,0.5505698005698005,0.107060201187521,0.24693884946405886,0.12953737675825244,0.15867313086520882,0.08499327082704985,0.08471976381493733,0.04210357562863689,0.08886205259244889,1145.04,35673.3,/home/joaoabitante/speculative-decoding-unlearning/saves/unlearn/sud/results/original-unlearned/target-Llama-3.2-3B-Instruct/draft-Llama-3.2-3B-Instruct_IdkDPO/forget05/a0.8_k1_s0
original-unlearned,Llama-3.2-3B-Instruct,Llama-3.2-3B-Instruct_IdkDPO,forget05,0.9,1,0,True,0.2883224449672195,0.25697370387616336,0.48050435082372495,0.17042488849320195,0.40713578353459623,0.2684194755118435,0.0030098470801667434,0.7725141024589539,0.16691135165764898,0.13152130952104926,0.8425636443123221,0.6341482371364846,0.883525,0.8911250000000001,0.9412,0.789475,-82.9789728628189,0.6154128168523312,0.4216332366974732,0.49109645595078855,0.6313989909951426,0.5098921552004229,0.6635794511988946,0.08499662926376368,0.142,0.274928774928775,0.04043217826429089,0.28196930676698684,0.15828718478258094,0.15352516485378145,0.08510761758836452,0.0992362622435515,0.05326119844388467,0.08402998018451034,836.718,35673.3,/home/joaoabitante/speculative-decoding-unlearning/saves/unlearn/sud/results/original-unlearned/target-Llama-3.2-3B-Instruct/draft-Llama-3.2-3B-Instruct_IdkDPO/forget05/a0.9_k1_s0
original-unlearned,Llama-3.2-3B-Instruct,Llama-3.2-3B-Instruct_IdkDPO,forget05,0.95,1,0,True,0.31567220989999917,0.24184545923746725,0.5215005080261081,0.28440280131190887,0.24570956976733688,0.14345283407542467,0.016258459276759563,0.738328212350607,0.14238114855808617,0.12031358551234007,0.8556085533741862,0.6469118886376158,0.8063499999999999,0.815475,0.89775,0.6879249999999999,-71.15219259420742,0.5525336150079966,0.4147474481680763,0.4848744426995967,0.6232147014672128,0.5049883801143096,0.6588550950535581,0.05631078068046471,0.036000000000000004,0.17193732193732195,0.03372074748837281,0.28161526219919325,0.16211702178717932,0.1468992045754567,0.08286626988009083,0.1017498154992548,0.05598698505628296,0.07930098453070969,728.414,35673.3,/home/joaoabitante/speculative-decoding-unlearning/saves/unlearn/sud/results/original-unlearned/target-Llama-3.2-3B-Instruct/draft-Llama-3.2-3B-Instruct_IdkDPO/forget05/a0.95_k1_s0
original-unlearned,Llama-3.2-3B-Instruct,Llama-3.2-3B-Instruct_IdkDPO,forget05,0.98,1,0,True,0.2619585663603773,0.17346349436677175,0.5512669090847573,0.37952273957608224,0.14278980265967042,0.07784637283379633,0.0220923622208589,0.7110855112969875,0.12338487008883164,0.112703552339226,0.8614831676683389,0.6548741350546787,0.741275,0.753675,0.857575,0.6198000000000001,-61.490658944502364,0.5120109513401985,0.4105209340835075,0.47967259426549735,0.6157902561847735,0.5009415778157045,0.6551555214479045,0.044933752141107,0.013333333333333332,0.14843304843304844,0.023910284290485695,0.27513333292678,0.16014146203031907,0.14159034980461002,0.08072604488476647,0.10154441895040994,0.056341069154149485,0.07573633516393602,0.019,12852.0,/home/joaoabitante/speculative-decoding-unlearning/saves/unlearn/sud/results/original-unlearned/target-Llama-3.2-3B-Instruct/draft-Llama-3.2-3B-Instruct_IdkDPO/forget05/a0.98_k1_s0
original-unlearned,Llama-3.2-3B-Instruct,Llama-3.2-3B-Instruct_IdkDPO,forget05,0.99,1,0,True,0.35494443353406985,0.2602903295987596,0.5611806751265185,0.41643739771299376,0.23426069362774526,0.13619686617653898,0.0220923622208589,0.7012206654250622,0.12024507595979793,0.11003883311524987,0.8366910533999907,0.6576555702728897,0.716375,0.731175,0.8402,0.5965250000000001,-57.97311028562916,0.4981482058018446,0.4090778171709591,0.4777068446637764,0.6128785837046418,0.4994015975215374,0.6536423259751644,0.037283930024677094,0.06,0.09188034188034189,0.02684659836933121,0.27204937163740395,0.15882413773837253,0.13960850668139757,0.0798819279319141,0.10120738987733299,0.05624986701463203,0.07443277947232127,0.019,12852.0,/home/joaoabitante/speculative-decoding-unlearning/saves/unlearn/sud/results/original-unlearned/target-Llama-3.2-3B-Instruct/draft-Llama-3.2-3B-Instruct_IdkDPO/forget05/a0.99_k1_s0
original-unlearned,Llama-3.2-3B-Instruct,Llama-3.2-3B-Instruct_IdkDPO,forget05,0.995,1,0,True,0.2797518315094002,0.18474091988611835,0.5650340745557023,0.4356082697992492,0.15018746968775915,0.08214555995588602,0.0220923622208589,0.6972755359113216,0.12024507595979793,0.10868475700728596,0.8747546627931296,0.6590795950960877,0.7035749999999998,0.7180250000000001,0.8317500000000001,0.5840000000000001,-55.91729851388772,0.4911616488918662,0.4083492860924456,0.4766830740219364,0.611339787956164,0.4985960698539292,0.6528253539623732,0.032329257133044506,0.017,0.12421652421652421,0.029400170372406956,0.27035146350041034,0.15805189940346104,0.13857920789159833,0.07943580331816338,0.1009911250260969,0.05616695167542571,0.07376024657394736,0.019,12852.0,/home/joaoabitante/speculative-decoding-unlearning/saves/unlearn/sud/results/original-unlearned/target-Llama-3.2-3B-Instruct/draft-Llama-3.2-3B-Instruct_IdkDPO/forget05/a0.995_k1_s0
original-unlearned,Llama-3.2-3B-Instruct,Llama-3.2-3B-Instruct_IdkDPO,forget10,0.1,1,0,True,0.007087316048882989,0.007084264451317598,0.037780266858308445,0.0025286846722902996,0.7352669235832017,0.6483460913024242,1.9834474538770552e-25,0.9894609270989895,0.8720673741567154,0.10310818309197202,0.8491022238647565,0.4857211053552819,0.9978875,0.99798125,0.99841875,0.9989812499999999,-99.66685574137828,0.9382425472140312,0.5334284934543395,0.48333814901452554,0.6256959853432627,0.4971680525831154,0.6644126748175465,0.7405607789067438,0.812,0.8507122507122507,0.7452747689737226,0.02583664962963667,0.0091030299836989,0.09375423747114837,0.038317426764053836,0.007348746916091688,0.0027638205752336547,0.04432864459167104,1936.262,40756.5,/home/joaoabitante/speculative-decoding-unlearning/saves/unlearn/sud/results/original-unlearned/target-Llama-3.2-3B-Instruct/draft-Llama-3.2-3B-Instruct_IdkDPO/forget10/a0.1_k1_s0
original-unlearned,Llama-3.2-3B-Instruct,Llama-3.2-3B-Instruct_IdkDPO,forget10,0.2,1,0,True,0.009077523464329617,0.009072114629780179,0.04997718846384981,0.003235002091616674,0.7360111816671354,0.6427922565,9.456873516117497e-24,0.9858643835783005,0.8378416819310263,0.11199953532312065,0.860853795662988,0.499928118809329,0.9973624999999999,0.9974625,0.9983124999999999,0.99853125,-99.58124901662318,0.9316923688352108,0.5263557405317778,0.4881313028139683,0.6280733690983011,0.5010934065334651,0.6662241373709742,0.7032541753297956,0.7853333333333333,0.8364672364672364,0.682980835990034,0.03473405085969716,0.012839855841771828,0.10132196900900453,0.042339520708629605,0.010134875027356431,0.0038475633754572447,0.05032002513416227,1932.724,40756.5,/home/joaoabitante/speculative-decoding-unlearning/saves/unlearn/sud/results/original-unlearned/target-Llama-3.2-3B-Instruct/draft-Llama-3.2-3B-Instruct_IdkDPO/forget10/a0.2_k1_s0
original-unlearned,Llama-3.2-3B-Instruct,Llama-3.2-3B-Instruct_IdkDPO,forget10,0.3,1,0,True,0.0117827754481511,0.011773908145249576,0.07205682944298493,0.004177669671215845,0.7336156598961532,0.6431423907702424,8.080285566431044e-22,0.9791280256211757,0.7787000166563584,0.12045343931764364,0.8537103140633553,0.5141647854720139,0.9967374999999999,0.9968375000000002,0.9978499999999999,0.99800625,-99.47810838438814,0.9227070823311806,0.5194897693270426,0.49298401453491825,0.6306713772945836,0.5053611258519942,0.6676226395137957,0.6623345063514111,0.7959999999999999,0.8863247863247864,0.6507371834144078,0.04693511295248754,0.018205805136042332,0.10909453587606549,0.04656182027505428,0.014012938671088097,0.0054030607228327445,0.056528544283501105,1928.601,40756.5,/home/joaoabitante/speculative-decoding-unlearning/saves/unlearn/sud/results/original-unlearned/target-Llama-3.2-3B-Instruct/draft-Llama-3.2-3B-Instruct_IdkDPO/forget10/a0.3_k1_s0
original-unlearned,Llama-3.2-3B-Instruct,Llama-3.2-3B-Instruct_IdkDPO,forget10,0.4,1,0,True,0.016022079790342154,0.01600626680192811,0.10985630647690243,0.0056572517041135854,0.7275197142648264,0.6412254758309699,4.353260441808186e-19,0.9670044562220573,0.6738886196098087,0.12776172503829003,0.8406522169196978,0.5287746206808558,0.995925,0.99615625,0.99704375,0.99700625,-99.3656850952519,0.9104036822915077,0.5129603817596761,0.49794805203172926,0.6346070435747022,0.5099051484217,0.6697901892478979,0.6435708001065851,0.813,0.8578347578347579,0.5446076825504265,0.06371089038206264,0.025918588792180352,0.11691425248747692,0.05090902800820185,0.019395045450364704,0.007648125127472234,0.06265838903491386,1950.247,40756.5,/home/joaoabitante/speculative-decoding-unlearning/saves/unlearn/sud/results/original-unlearned/target-Llama-3.2-3B-Instruct/draft-Llama-3.2-3B-Instruct_IdkDPO/forget10/a0.4_k1_s0
original-unlearned,Llama-3.2-3B-Instruct,Llama-3.2-3B-Instruct_IdkDPO,forget10,0.5,1,0,True,0.024267544413117882,0.024226495873836545,0.1709528955675784,0.008591194791384569,0.7277532534988775,0.63149141862579,7.975373070421785e-17,0.9452844455838203,0.5307028557554092,0.13283776614349335,0.8586407560645603,0.5441031614647251,0.9945625,0.9948312500000001,0.9958187500000001,0.994075,-99.1470269549136,0.8934627769887448,0.5067760005239415,0.5030642896268287,0.6393312111728376,0.5145590592193143,0.6726599531945031,0.593640935402355,0.757,0.8532763532763532,0.4661807371412987,0.08671155613381415,0.036964018992222965,0.12453375299694017,0.05525972462045502,0.026788262638826076,0.010890261036455096,0.06820616675296333,2153.547,40756.5,/home/joaoabitante/speculative-decoding-unlearning/saves/unlearn/sud/results/original-unlearned/target-Llama-3.2-3B-Instruct/draft-Llama-3.2-3B-Instruct_IdkDPO/forget10/a0.5_k1_s0
original-unlearned,Llama-3.2-3B-Instruct,Llama-3.2-3B-Instruct_IdkDPO,forget10,0.6,1,0,True,0.04227531903169354,0.042150045674343134,0.24416433151850506,0.015273946702035262,0.7159088890487241,0.6219931491615538,1.0229984068189572e-13,0.9153228430449962,0.3878348047578102,0.1342198240198195,0.8432294519548305,0.5604516486425112,0.99158125,0.9921687499999999,0.9928687500000001,0.9835125,-98.70764786159225,0.8699126571416855,0.500941933936469,0.5082325362985499,0.6464183372153471,0.5190078215925972,0.676769786644835,0.5401317868195893,0.7659999999999999,0.8012820512820513,0.3579917490815538,0.11771673434413969,0.052564211945451446,0.13155738167697564,0.05941928976599229,0.036702601878593366,0.01553304257007627,0.07239958777383436,1925.422,40756.5,/home/joaoabitante/speculative-decoding-unlearning/saves/unlearn/sud/results/original-unlearned/target-Llama-3.2-3B-Instruct/draft-Llama-3.2-3B-Instruct_IdkDPO/forget10/a0.6_k1_s0
original-unlearned,Llama-3.2-3B-Instruct,Llama-3.2-3B-Instruct_IdkDPO,forget10,0.7,1,0,True,0.08645981742803588,0.0858719492843447,0.3295858400168829,0.03310001777226909,0.6884091525107311,0.5916586173866302,1.3150137716657251e-11,0.8733765257894993,0.26575136946623684,0.13052268192637712,0.8229875849041854,0.579051815287755,0.9823250000000001,0.983525,0.98556875,0.9534875000000002,-97.28121291778145,0.8367182843387126,0.4956125257184539,0.5130440818492569,0.6548740408996133,0.5228245879307812,0.6835289108587844,0.45609303572887,0.5923333333333334,0.7898860398860398,0.2565261543845476,0.15728500072844326,0.07373956091300003,0.13730371990706772,0.06305793051085493,0.0492440509070487,0.0219687192059835,0.07430622846569168,1985.022,40756.5,/home/joaoabitante/speculative-decoding-unlearning/saves/unlearn/sud/results/original-unlearned/target-Llama-3.2-3B-Instruct/draft-Llama-3.2-3B-Instruct_IdkDPO/forget10/a0.7_k1_s0
original-unlearned,Llama-3.2-3B-Instruct,Llama-3.2-3B-Instruct_IdkDPO,forget10,0.8,1,0,True,0.18348457005330657,0.17930760732041842,0.4121553513421614,0.08091064222652072,0.6391550944248342,0.5140221462665012,4.360395687512671e-09,0.8234937164187431,0.18998744312357224,0.1209347928641364,0.8448161456570961,0.5997228360148578,0.9570875,0.95726875,0.9662999999999999,0.88813125,-92.94827495758679,0.7890883636474609,0.49070789218796584,0.516548054703903,0.6614840954800529,0.5253048734168206,0.6857043558165492,0.333166826005515,0.3906666666666666,0.5455840455840456,0.14611094148278161,0.20064436294138432,0.09935931946970841,0.1405017252312973,0.06557010709651513,0.06287823202748162,0.030017900723555025,0.0730188173938077,1692.474,40756.5,/home/joaoabitante/speculative-decoding-unlearning/saves/unlearn/sud/results/original-unlearned/target-Llama-3.2-3B-Instruct/draft-Llama-3.2-3B-Instruct_IdkDPO/forget10/a0.8_k1_s0
original-unlearned,Llama-3.2-3B-Instruct,Llama-3.2-3B-Instruct_IdkDPO,forget10,0.9,1,0,True,0.33811650534824306,0.31459397485031165,0.5022924060962407,0.1979823913038722,0.5461929448056216,0.40091813631692225,9.9886659393885e-07,0.7548167189955711,0.1392817089184238,0.10558693265309557,0.8565788098645862,0.6230392132664729,0.89398125,0.8890375000000001,0.91624375,0.77049375,-81.68841213648587,0.7202620700001716,0.486184278673786,0.5168337859357613,0.663380541642925,0.5247284247777456,0.6816101837227768,0.22053865769399666,0.2353333333333333,0.2937321937321937,0.06743158222168744,0.23296770964749158,0.12140362576430297,0.1389433857286349,0.06588711899373448,0.07343558750658606,0.037502811748149366,0.06783745399047621,1386.531,40756.5,/home/joaoabitante/speculative-decoding-unlearning/saves/unlearn/sud/results/original-unlearned/target-Llama-3.2-3B-Instruct/draft-Llama-3.2-3B-Instruct_IdkDPO/forget10/a0.9_k1_s0
original-unlearned,Llama-3.2-3B-Instruct,Llama-3.2-3B-Instruct_IdkDPO,forget10,0.95,1,0,True,0.40787657289614115,0.35516056754256836,0.5429075953354133,0.3053227966459314,0.44682553363342575,0.3003248850306003,9.12384805543942e-06,0.7179849667847157,0.12098417077888993,0.09609647361095995,0.8723776573414216,0.6337628214745288,0.83305625,0.8249125000000002,0.8670312499999999,0.6890187499999999,-71.10618326916924,0.6757674645259977,0.4840278572990425,0.5148022793903264,0.6615238559442603,0.5223865066395692,0.6769893461045098,0.14827884917220902,0.12733333333333333,0.20085470085470086,0.046415719623513034,0.23923694901168346,0.12655675521072668,0.13553566480986773,0.06479295820862171,0.07618348388234153,0.03971956838763112,0.06373524806747445,1218.048,40756.5,/home/joaoabitante/speculative-decoding-unlearning/saves/unlearn/sud/results/original-unlearned/target-Llama-3.2-3B-Instruct/draft-Llama-3.2-3B-Instruct_IdkDPO/forget10/a0.95_k1_s0
original-unlearned,Llama-3.2-3B-Instruct,Llama-3.2-3B-Instruct_IdkDPO,forget10,0.98,1,0,True,0.42037186071808014,0.3406670578118119,0.5661920523729905,0.38826187953616026,0.3578109143669253,0.22398996322091297,6.923241573443553e-05,0.6949720776081085,0.11120045349570176,0.08996811494464055,0.8888425380829722,0.640050564199662,0.7827875000000001,0.77521875,0.82785,0.6346749999999999,-62.90547160015999,0.645600575208664,0.48278624794540703,0.5125913442583198,0.6593442086404583,0.5201356856961667,0.6733816917440864,0.12103218905038013,0.08866666666666667,0.09857549857549858,0.03747463922186629,0.2390400107577443,0.12709572770370123,0.13250472449697553,0.06365629328318756,0.07687542210294245,0.040340661355977525,0.06082972667831926,988.86,40756.5,/home/joaoabitante/speculative-decoding-unlearning/saves/unlearn/sud/results/original-unlearned/target-Llama-3.2-3B-Instruct/draft-Llama-3.2-3B-Instruct_IdkDPO/forget10/a0.98_k1_s0
original-unlearned,Llama-3.2-3B-Instruct,Llama-3.2-3B-Instruct_IdkDPO,forget10,0.99,1,0,True,0.35940506478812473,0.26299094563892744,0.5728424279866178,0.41842500892848644,0.23744325748451076,0.13752052972146436,0.0001305755477065129,0.6882979120314121,0.10787638422600943,0.08786862035514786,0.8684902001498267,0.6421463992951206,0.7643624999999998,0.7561500000000001,0.81370625,0.6161187499999999,-59.758650910668486,0.6349747587740421,0.4823803887704355,0.5116644654998339,0.6583851251609626,0.5192373788682092,0.6719834760289988,0.10405677485294275,0.025333333333333333,0.17165242165242164,0.033330806982394996,0.23830442387610673,0.1268611456323256,0.1313258497370407,0.06319443254405634,0.0769461009046063,0.0404283236219691,0.05979326177068287,998.215,40756.5,/home/joaoabitante/speculative-decoding-unlearning/saves/unlearn/sud/results/original-unlearned/target-Llama-3.2-3B-Instruct/draft-Llama-3.2-3B-Instruct_IdkDPO/forget10/a0.99_k1_s0
original-unlearned,Llama-3.2-3B-Instruct,Llama-3.2-3B-Instruct_IdkDPO,forget10,0.995,1,0,True,0.4160660839391688,0.32475217206970647,0.5753615011117015,0.43405042168677993,0.3156091931529091,0.19245958865010293,0.0001305755477065129,0.6857482640445233,0.10734395391098385,0.08680980501230806,0.8763818984478712,0.6432215492886196,0.7547062499999999,0.74636875,0.80620625,0.60686875,-58.14450001618986,0.6295577668771147,0.4821767178059768,0.5111627688290656,0.6578405819267128,0.5187603820672148,0.6712920222954248,0.08653925618792722,0.05533333333333333,0.15199430199430197,0.030026052789291154,0.23781275872141122,0.12667045544864786,0.13070501351729036,0.06294792915286962,0.07695202201333207,0.04045043292163838,0.05926295594155089,969.795,40756.5,/home/joaoabitante/speculative-decoding-unlearning/saves/unlearn/sud/results/original-unlearned/target-Llama-3.2-3B-Instruct/draft-Llama-3.2-3B-Instruct_IdkDPO/forget10/a0.995_k1_s0
original-unlearned,Llama-3.2-3B-Instruct,Llama-3.2-3B-Instruct_IdkNLL,forget01,0.1,1,0,True,0.0,0.0,0.012239479084910347,0.0,0.7570756833578548,0.6504080607318772,0.01430154804770646,0.9967869073152542,0.9201856657297066,0.10008812886662781,0.905594089627266,0.5143056552063342,1.0,1.0,1.0,1.0,-99.99999997740113,0.9383197808265686,0.5316928691544418,0.48343151815888885,0.6273047577777029,0.49820983562117144,0.6665644325687644,0.7389987125156068,0.818,0.8732193732193732,0.7919779438862301,0.02567439009901136,0.009085351879085877,0.09392635706346482,0.0385799154423172,0.007280098912898059,0.002761826760488097,0.05033910559606738,0.018,12852.0,/home/joaoabitante/speculative-decoding-unlearning/saves/unlearn/sud/results/original-unlearned/target-Llama-3.2-3B-Instruct/draft-Llama-3.2-3B-Instruct_IdkNLL/forget01/a0.1_k1_s0
original-unlearned,Llama-3.2-3B-Instruct,Llama-3.2-3B-Instruct_IdkNLL,forget01,0.2,1,0,True,0.0,0.0,0.012240337825770374,0.0,0.7445769353548604,0.6453933438000652,0.01430154804770646,0.9967869073152542,0.9201856657297066,0.1098173095844686,0.8797810658812523,0.5237532345185029,1.0,1.0,1.0,1.0,-99.99999997740113,0.9322518280148506,0.5227004395157947,0.48838569751841676,0.6315887719716318,0.5033026570299577,0.6701202514954838,0.7052290519727964,0.797,0.8499999999999999,0.733900084956702,0.03430260738241486,0.012807635189218649,0.10179612731561065,0.04297952084598273,0.009947918399669409,0.0038374074629682477,0.05645096977474168,0.017,12852.0,/home/joaoabitante/speculative-decoding-unlearning/saves/unlearn/sud/results/original-unlearned/target-Llama-3.2-3B-Instruct/draft-Llama-3.2-3B-Instruct_IdkNLL/forget01/a0.2_k1_s0
original-unlearned,Llama-3.2-3B-Instruct,Llama-3.2-3B-Instruct_IdkNLL,forget01,0.3,1,0,True,0.0,0.0,0.015020559811200747,0.0,0.7361547578785537,0.643746866441464,0.02860307028023343,0.996029332280159,0.9126099081539489,0.12012076964601874,0.8595389408059418,0.5332239960236269,1.0,1.0,1.0,1.0,-99.99999997740113,0.9243027049303055,0.513692977967742,0.4934587847692291,0.6357339554201641,0.5088307149817789,0.6740797197319752,0.677749363824638,0.802,0.8464387464387464,0.7500304261932442,0.04607727349502966,0.01818005902999012,0.11004490689607337,0.04772705451378489,0.013635464058637203,0.00537426034830114,0.06304003677796573,0.017,12852.0,/home/joaoabitante/speculative-decoding-unlearning/saves/unlearn/sud/results/original-unlearned/target-Llama-3.2-3B-Instruct/draft-Llama-3.2-3B-Instruct_IdkNLL/forget01/a0.3_k1_s0
original-unlearned,Llama-3.2-3B-Instruct,Llama-3.2-3B-Instruct_IdkNLL,forget01,0.4,1,0,True,0.0,0.0,0.021879927206897274,0.0,0.7122277093988368,0.6366897014553264,0.01430154804770646,0.9941291660070419,0.894617630161671,0.13083961950615047,0.8081024309620262,0.5427040239545075,1.0,1.0,1.0,1.0,-99.99999997740113,0.9138193492591381,0.5047808041027038,0.4986808574804516,0.6409277311483632,0.5147092078139487,0.6765140186753233,0.6226807980278322,0.7703333333333333,0.854985754985755,0.6672360222838967,0.06222912243567407,0.025964636754696794,0.11857539147138596,0.05278783225105053,0.018734853131463752,0.007586839802718488,0.07002844431437552,0.017,12852.0,/home/joaoabitante/speculative-decoding-unlearning/saves/unlearn/sud/results/original-unlearned/target-Llama-3.2-3B-Instruct/draft-Llama-3.2-3B-Instruct_IdkNLL/forget01/a0.4_k1_s0
original-unlearned,Llama-3.2-3B-Instruct,Llama-3.2-3B-Instruct_IdkNLL,forget01,0.5,1,0,True,0.0,0.0,0.04262707743275268,0.0,0.7303217104723493,0.6361714094667243,0.01430154804770646,0.9881614416837692,0.8435376295389874,0.14166502123698593,0.8571802549064159,0.5521919064212713,1.0,1.0,0.9987499999999999,1.0,-99.99999997740113,0.8998502297699451,0.4959805241794191,0.5041024270780996,0.6469108001694821,0.520823196528267,0.6813906502933729,0.5918685218847126,0.816,0.8421652421652421,0.6640921677085654,0.08447006829548627,0.03726293569722742,0.1272224800195545,0.0580907976908602,0.025767790327081458,0.010789300208611598,0.07725824296241626,1196.574,33151.0,/home/joaoabitante/speculative-decoding-unlearning/saves/unlearn/sud/results/original-unlearned/target-Llama-3.2-3B-Instruct/draft-Llama-3.2-3B-Instruct_IdkNLL/forget01/a0.5_k1_s0
original-unlearned,Llama-3.2-3B-Instruct,Llama-3.2-3B-Instruct_IdkNLL,forget01,0.6,1,0,True,0.0,0.0,0.06218450514193173,0.0,0.7205458443391918,0.629426773911965,0.02860307028023343,0.9825279593467713,0.7577871654292506,0.15203408524394035,0.842512271925807,0.5610055064352062,1.0,1.0,0.9975,1.0,-99.99999997740113,0.8809891659021377,0.48736269086856493,0.5097702815869516,0.6518260101566721,0.5270326240454177,0.6866936096945861,0.5477915924920603,0.8029999999999999,0.8393162393162392,0.49239941090653716,0.11510915407910943,0.05363207170267144,0.13571030705468728,0.06350775201908254,0.03539267380634556,0.015432427437900173,0.08442786952946335,0.018,12852.0,/home/joaoabitante/speculative-decoding-unlearning/saves/unlearn/sud/results/original-unlearned/target-Llama-3.2-3B-Instruct/draft-Llama-3.2-3B-Instruct_IdkNLL/forget01/a0.6_k1_s0
original-unlearned,Llama-3.2-3B-Instruct,Llama-3.2-3B-Instruct_IdkNLL,forget01,0.7,1,0,True,0.0,0.0,0.10261074936173667,0.0,0.7304016124921872,0.6133384937017711,0.02860307028023343,0.9699399903416633,0.6388302363013361,0.16097863307222723,0.9026912223547697,0.5698539000553441,1.0,1.0,0.995625,1.0,-99.99999997740113,0.8551365020871162,0.47883867967854643,0.5156795486476837,0.6592717441391744,0.5331490676162306,0.6902578418199684,0.47839755740260625,0.753,0.8215099715099716,0.38918700339558365,0.15699438948184252,0.07714855548344617,0.14358261462766678,0.06881677866444806,0.04836640436318703,0.022134171606955567,0.09101159202400595,1140.586,33151.0,/home/joaoabitante/speculative-decoding-unlearning/saves/unlearn/sud/results/original-unlearned/target-Llama-3.2-3B-Instruct/draft-Llama-3.2-3B-Instruct_IdkNLL/forget01/a0.7_k1_s0
original-unlearned,Llama-3.2-3B-Instruct,Llama-3.2-3B-Instruct_IdkNLL,forget01,0.8,1,0,True,0.0,0.0,0.16536834602307163,0.0,0.6915802491632478,0.5917053812712346,0.054141077480362725,0.9478734970092774,0.5187243283314757,0.16692463057115675,0.8320178270339966,0.5793259235467757,0.9987499999999999,0.999375,0.993125,1.0,-99.85875703957994,0.8193130211532116,0.47042302404615666,0.5217556699852438,0.6682015033466954,0.5389095349941768,0.6953803678445372,0.4052283142953314,0.7170000000000001,0.7723646723646723,0.2907951814614963,0.21273705665022136,0.11017138701584986,0.15007828215602786,0.07363118814784685,0.06529258767026476,0.031637100531413505,0.09613031510263681,1064.637,33151.0,/home/joaoabitante/speculative-decoding-unlearning/saves/unlearn/sud/results/original-unlearned/target-Llama-3.2-3B-Instruct/draft-Llama-3.2-3B-Instruct_IdkNLL/forget01/a0.8_k1_s0
original-unlearned,Llama-3.2-3B-Instruct,Llama-3.2-3B-Instruct_IdkNLL,forget01,0.9,1,0,True,0.0,0.0,0.23704601469075492,0.0,0.6326605104106383,0.5382416608589565,0.054141077480362725,0.9191224545240402,0.37766639314468475,0.16764390571042895,0.7672526855487376,0.5876388304743664,0.9937499999999999,0.995625,0.9862500000000001,1.0,-99.0112994126528,0.7696388420462609,0.4620554973388129,0.5276770339118798,0.6766131579188881,0.5438930950928295,0.6982921386788826,0.2752939907809018,0.608,0.7481481481481481,0.1572335401875636,0.2817750301398337,0.1540460601194292,0.15390521166380494,0.07726967291347682,0.08575700142265609,0.044460978700104105,0.09847875443752854,924.178,33151.0,/home/joaoabitante/speculative-decoding-unlearning/saves/unlearn/sud/results/original-unlearned/target-Llama-3.2-3B-Instruct/draft-Llama-3.2-3B-Instruct_IdkNLL/forget01/a0.9_k1_s0
original-unlearned,Llama-3.2-3B-Instruct,Llama-3.2-3B-Instruct_IdkNLL,forget01,0.95,1,0,True,0.03301618401616592,0.032875096014042635,0.2957251960470352,0.01164084254618087,0.6334822863768405,0.5079923081381504,0.16497269950224194,0.8902841955423355,0.3436915347230552,0.16535128662362694,0.8413128592073917,0.5917750754556433,0.9881249999999999,0.9931249999999999,0.9806250000000001,0.9981249999999999,-98.44632766136804,0.7382694277912378,0.45788339047674936,0.530178842098267,0.6800255164986447,0.5458489542248007,0.7022011018901935,0.25077904512592375,0.47533333333333333,0.6783475783475784,0.1379924003769785,0.3185264032520354,0.1793068257980367,0.15421565526165068,0.07832038551743609,0.09651542353599021,0.05197692892389461,0.0981771765742451,835.802,33151.0,/home/joaoabitante/speculative-decoding-unlearning/saves/unlearn/sud/results/original-unlearned/target-Llama-3.2-3B-Instruct/draft-Llama-3.2-3B-Instruct_IdkNLL/forget01/a0.95_k1_s0
original-unlearned,Llama-3.2-3B-Instruct,Llama-3.2-3B-Instruct_IdkNLL,forget01,0.98,1,0,True,0.059096164148759366,0.05863686910956019,0.3232509921160248,0.021747717186737646,0.591958629491558,0.47917029429314356,0.16497269950224194,0.8760773405432701,0.2994429002292853,0.16303411424160003,0.7741892952471972,0.5943505112262807,0.98375,0.99,0.9775,0.995625,-97.74011297226211,0.7170830103754997,0.45538220800239076,0.5313179037057271,0.681449773488783,0.5467468833248071,0.7040112241962712,0.20388473659070208,0.47783333333333333,0.6267806267806268,0.06021319385750888,0.3397926672361791,0.19487638893322304,0.15372479557059704,0.07861170151282566,0.10276925528654829,0.05668537280929574,0.09745749497786164,0.018,12852.0,/home/joaoabitante/speculative-decoding-unlearning/saves/unlearn/sud/results/original-unlearned/target-Llama-3.2-3B-Instruct/draft-Llama-3.2-3B-Instruct_IdkNLL/forget01/a0.98_k1_s0
original-unlearned,Llama-3.2-3B-Instruct,Llama-3.2-3B-Instruct_IdkNLL,forget01,0.99,1,0,True,0.0786508795941907,0.0778107614965307,0.3279901987329648,0.029938703086353345,0.5907386803389102,0.4751437527025978,0.16497269950224194,0.8735029369592666,0.2941229597530948,0.1621028147637844,0.7806611338281073,0.5952298332276544,0.981875,0.9881249999999999,0.97625,0.9925,-97.31638415879854,0.7096114882081747,0.45454868852969144,0.5316110845240729,0.6817986622460359,0.5469873586990693,0.7045207204826056,0.19769805787135195,0.4783333333333333,0.6296296296296297,0.07069297570399688,0.3465684129297733,0.20003931898560023,0.15343540848232806,0.07864450587850297,0.10477969718088087,0.05826474286325971,0.09712519777473062,0.01,12852.0,/home/joaoabitante/speculative-decoding-unlearning/saves/unlearn/sud/results/original-unlearned/target-Llama-3.2-3B-Instruct/draft-Llama-3.2-3B-Instruct_IdkNLL/forget01/a0.99_k1_s0
original-unlearned,Llama-3.2-3B-Instruct,Llama-3.2-3B-Instruct_IdkNLL,forget01,0.995,1,0,True,0.08552554729688092,0.0844774951811933,0.32959107300259954,0.03293342742884026,0.5956317122963618,0.4730216586929726,0.16497269950224194,0.8725797340273858,0.2941229597530948,0.16160719506442547,0.8040450042986776,0.5956741327416883,0.978125,0.9881249999999999,0.97625,0.9912500000000001,-97.31638415879854,0.7057981791347265,0.4541318808748835,0.5317390285612529,0.6821071527788832,0.5470952702687009,0.7047771890226255,0.1936596038064875,0.457,0.6837606837606838,0.08784665099349027,0.34987837677821515,0.20260417533831465,0.15326608770992606,0.07864821378985652,0.1057666885573417,0.059053455737314624,0.09694151218980551,0.017,12852.0,/home/joaoabitante/speculative-decoding-unlearning/saves/unlearn/sud/results/original-unlearned/target-Llama-3.2-3B-Instruct/draft-Llama-3.2-3B-Instruct_IdkNLL/forget01/a0.995_k1_s0
original-unlearned,Llama-3.2-3B-Instruct,Llama-3.2-3B-Instruct_IdkNLL,forget05,0.1,1,0,True,0.0,0.0,0.0315698031813608,0.0,0.7291869091734912,0.6441049330026974,2.9623487356936016e-13,0.9912937304377556,0.8839509315782074,0.09903408858925104,0.8401674377406017,0.4724480478871071,1.0,1.0,0.9997499999999999,0.999975,-99.99999998436645,0.9388086019456386,0.5335278612657327,0.47235241337171824,0.6133578192423287,0.4888537862435599,0.6592832373159122,0.7463019573257827,0.828,0.8504273504273504,0.7786060049765808,0.020298751544905826,0.007034349938089301,0.09218424779479392,0.03767498859447573,0.005905123930831829,0.002201066669725705,0.04199009602400474,0.013,12852.0,/home/joaoabitante/speculative-decoding-unlearning/saves/unlearn/sud/results/original-unlearned/target-Llama-3.2-3B-Instruct/draft-Llama-3.2-3B-Instruct_IdkNLL/forget05/a0.1_k1_s0
original-unlearned,Llama-3.2-3B-Instruct,Llama-3.2-3B-Instruct_IdkNLL,forget05,0.2,1,0,True,0.0,0.0,0.03938777409737269,0.0,0.7280665196546942,0.6308466120408337,1.4275699621532978e-12,0.9889772337675095,0.8692082961907189,0.10593763696961105,0.860710855461657,0.4833740482994435,1.0,1.0,0.9998,0.99995,-99.99999998436645,0.9320661564171314,0.5263999619746257,0.4657601012645809,0.6030155913413389,0.48410921044210276,0.6547967410831224,0.6935893784384166,0.7745000000000001,0.8599715099715101,0.7620016246349448,0.021341922313004035,0.0076402648079552955,0.09778067700914107,0.04086500523647544,0.006519872459029253,0.002426806913951147,0.04643564365571365,0.019,12852.0,/home/joaoabitante/speculative-decoding-unlearning/saves/unlearn/sud/results/original-unlearned/target-Llama-3.2-3B-Instruct/draft-Llama-3.2-3B-Instruct_IdkNLL/forget05/a0.2_k1_s0
original-unlearned,Llama-3.2-3B-Instruct,Llama-3.2-3B-Instruct_IdkNLL,forget05,0.3,1,0,True,0.0,0.0,0.05784754461557324,0.0,0.7254865286374098,0.6272852775177603,5.951062636424447e-11,0.9833360588550568,0.8329845205691652,0.11252507208380848,0.8601412927731872,0.49426678992515816,1.0,1.0,0.999775,0.999925,-99.99999998436645,0.9220097208023071,0.5193349086935091,0.45893343591093844,0.5923624593482681,0.47937243695914733,0.6497201343779959,0.6786175971453318,0.802,0.8891737891737892,0.7040263567472215,0.02244737813976826,0.008314651967825,0.10315671340096742,0.044050343609504924,0.007191750459802127,0.0026800484863713056,0.05090582355484367,0.013,12852.0,/home/joaoabitante/speculative-decoding-unlearning/saves/unlearn/sud/results/original-unlearned/target-Llama-3.2-3B-Instruct/draft-Llama-3.2-3B-Instruct_IdkNLL/forget05/a0.3_k1_s0
original-unlearned,Llama-3.2-3B-Instruct,Llama-3.2-3B-Instruct_IdkNLL,forget05,0.4,1,0,True,0.0,0.0,0.07823258364072505,0.0,0.7194458395543473,0.617128295027831,1.2127544312107394e-10,0.9768881747126579,0.7893129560660819,0.11845506705809385,0.8624341739108786,0.504808612897185,0.999975,1.0,0.999575,0.99975,-99.99999998436645,0.9076499278843403,0.5123586489659755,0.45201785175910886,0.5813976441492726,0.4746762564888695,0.6441845815647569,0.6297675129970759,0.8063333333333332,0.9002849002849004,0.6232843335626099,0.023610857058665714,0.009060476090003522,0.10816763013834134,0.04715755670797773,0.007916160586112254,0.0029604202277531194,0.055231758451554924,0.02,12852.0,/home/joaoabitante/speculative-decoding-unlearning/saves/unlearn/sud/results/original-unlearned/target-Llama-3.2-3B-Instruct/draft-Llama-3.2-3B-Instruct_IdkNLL/forget05/a0.4_k1_s0
original-unlearned,Llama-3.2-3B-Instruct,Llama-3.2-3B-Instruct_IdkNLL,forget05,0.5,1,0,True,0.00035638169467815437,0.0003563712115090774,0.11250122377056063,0.00011893937192345958,0.7106729736615862,0.6043235456698913,9.594235055800515e-10,0.9657285451889038,0.6965249285438617,0.12318379618693143,0.8624472558079287,0.5152744941823729,0.9999,0.999975,0.99905,0.999375,-99.9960915969677,0.8878005371987819,0.5053822998242994,0.44509518358234174,0.5714948831984099,0.47004102514828633,0.6382658205803665,0.5850630612065066,0.8095,0.8678062678062678,0.5546291754025483,0.0248141244953149,0.00987609278303757,0.11264417594997213,0.05009768945296196,0.008678404870286916,0.003268046599659417,0.0591528463009745,1668.869,35673.3,/home/joaoabitante/speculative-decoding-unlearning/saves/unlearn/sud/results/original-unlearned/target-Llama-3.2-3B-Instruct/draft-Llama-3.2-3B-Instruct_IdkNLL/forget05/a0.5_k1_s0
original-unlearned,Llama-3.2-3B-Instruct,Llama-3.2-3B-Instruct_IdkNLL,forget05,0.6,1,0,True,0.0019037163326489708,0.0019033971880098761,0.159482558606141,0.000637683700913253,0.7046292917753378,0.5940313150445279,6.865581733487208e-09,0.9489368769526482,0.5921344129263822,0.12584370042663068,0.8658316082879901,0.525828744885797,0.999725,0.9998,0.9982,0.9984999999999999,-99.96873288517646,0.8611243416368961,0.4984106226144758,0.4381676858903854,0.5606517264965521,0.46547155598899204,0.6327382641298663,0.56510901633572,0.8136666666666668,0.8404558404558404,0.4593571785971772,0.026003104115079622,0.010749239392501676,0.11639053496299312,0.05276212319798514,0.009456490427176808,0.003599728424524786,0.062262320062611246,0.019,12852.0,/home/joaoabitante/speculative-decoding-unlearning/saves/unlearn/sud/results/original-unlearned/target-Llama-3.2-3B-Instruct/draft-Llama-3.2-3B-Instruct_IdkNLL/forget05/a0.6_k1_s0
original-unlearned,Llama-3.2-3B-Instruct,Llama-3.2-3B-Instruct_IdkNLL,forget05,0.7,1,0,True,0.010910044789516715,0.010899341941807342,0.23266900934726667,0.0037146783200305666,0.6776485290336616,0.5728328597158473,8.114129962716335e-08,0.9193449306488037,0.4405472840237373,0.125332153942436,0.8294125787098892,0.5368911456786456,0.9981499999999999,0.99875,0.996175,0.9917750000000001,-99.80458061442906,0.8259448362141848,0.49146796402364484,0.43120153127379335,0.5478215040484316,0.4609564927189183,0.6267125418167336,0.5138617145804589,0.752,0.780911680911681,0.3321503583571265,0.027033664727932772,0.011639188873030233,0.11916669284459204,0.055013173458690064,0.010184814670982027,0.003939201132354404,0.06401769080618397,1614.511,35673.3,/home/joaoabitante/speculative-decoding-unlearning/saves/unlearn/sud/results/original-unlearned/target-Llama-3.2-3B-Instruct/draft-Llama-3.2-3B-Instruct_IdkNLL/forget05/a0.7_k1_s0
original-unlearned,Llama-3.2-3B-Instruct,Llama-3.2-3B-Instruct_IdkNLL,forget05,0.8,1,0,True,0.04731516739205325,0.04706180990436025,0.30904413922891893,0.01703820121712602,0.6769608895040878,0.549894914227452,8.056669472003223e-07,0.8817026960849762,0.3470337593829766,0.12062933519482613,0.8803970494377427,0.5490863160758027,0.9912000000000001,0.9923749999999999,0.9904,0.9714749999999999,-98.8079418277483,0.7803510268777609,0.48472166460101657,0.42413070737072883,0.5342887916099133,0.45632826600473864,0.6203049971624381,0.4526992593197097,0.6733333333333335,0.7720797720797722,0.2165299375131076,0.027558274091861675,0.012424356589363948,0.12062826320994645,0.056664253572284905,0.010689108190770942,0.004239026283473406,0.06379056719411165,1511.088,35673.3,/home/joaoabitante/speculative-decoding-unlearning/saves/unlearn/sud/results/original-unlearned/target-Llama-3.2-3B-Instruct/draft-Llama-3.2-3B-Instruct_IdkNLL/forget05/a0.8_k1_s0
original-unlearned,Llama-3.2-3B-Instruct,Llama-3.2-3B-Instruct_IdkNLL,forget05,0.9,1,0,True,0.13496288725253325,0.13231191781202625,0.3800424542411311,0.055354527280872576,0.6528786023555657,0.5058067120513151,6.734842895808746e-06,0.8406021481752396,0.2586243785562474,0.11144658948294818,0.9205417461786419,0.5626635707912415,0.9700249999999999,0.971075,0.9723249999999999,0.9311,-95.477995764015,0.7223919178172946,0.4778785737722556,0.41697929100494024,0.5242888002857655,0.45093238973577465,0.6103302329932863,0.39852726227007,0.5153333333333333,0.5864672364672365,0.10475215594695524,0.02696515764735523,0.01279664493023687,0.1202259367913939,0.05743985428254473,0.010658381244799483,0.00438861253840061,0.06122080306336284,1418.833,35673.3,/home/joaoabitante/speculative-decoding-unlearning/saves/unlearn/sud/results/original-unlearned/target-Llama-3.2-3B-Instruct/draft-Llama-3.2-3B-Instruct_IdkNLL/forget05/a0.9_k1_s0
original-unlearned,Llama-3.2-3B-Instruct,Llama-3.2-3B-Instruct_IdkNLL,forget05,0.95,1,0,True,0.199144970488749,0.19158344141901407,0.41634325574825226,0.09088725185672787,0.6024477127086431,0.44356404323407367,4.7487878961137165e-05,0.8160338231921196,0.23115948918710547,0.10540312207303941,0.9386812998633832,0.5703876756659292,0.949525,0.9503,0.9554,0.89835,-92.23012583565541,0.6881564115732908,0.4743714704601081,0.41348510946478684,0.5201260019127896,0.44758802471640846,0.6050288013943651,0.32693487560801815,0.30333333333333334,0.4660968660968661,0.06837578247622364,0.02607341849026852,0.012671620480813366,0.11907953779911623,0.05738010792506794,0.010353751113355734,0.004352554002455226,0.05911259107664227,1262.648,35673.3,/home/joaoabitante/speculative-decoding-unlearning/saves/unlearn/sud/results/original-unlearned/target-Llama-3.2-3B-Instruct/draft-Llama-3.2-3B-Instruct_IdkNLL/forget05/a0.95_k1_s0
original-unlearned,Llama-3.2-3B-Instruct,Llama-3.2-3B-Instruct_IdkNLL,forget05,0.98,1,0,True,0.24455955413363495,0.23290680907613345,0.4424320670609257,0.12021984272328232,0.5921987299609673,0.4343369676160267,0.0001183661896190048,0.7974404713511467,0.20181818215813047,0.10139726731926203,0.9303322529233992,0.5752318520160874,0.932275,0.9341750000000001,0.9398,0.8733,-89.70921596346297,0.6658377613127232,0.4722271004596125,0.4114577988887202,0.5183481509556136,0.44531799997460453,0.6017287079592936,0.326582400502905,0.3075,0.3967236467236467,0.05756325353457269,0.025339904848078732,0.012463543770637544,0.11802476865006611,0.05716961060719086,0.010075626422712957,0.004283517723586282,0.05761427506338805,0.013,12852.0,/home/joaoabitante/speculative-decoding-unlearning/saves/unlearn/sud/results/original-unlearned/target-Llama-3.2-3B-Instruct/draft-Llama-3.2-3B-Instruct_IdkNLL/forget05/a0.98_k1_s0
original-unlearned,Llama-3.2-3B-Instruct,Llama-3.2-3B-Instruct_IdkNLL,forget05,0.99,1,0,True,0.25935963017835795,0.2452032379181505,0.44817194379349956,0.13136621945040333,0.5802628442877219,0.4182079073225146,0.0001183661896190048,0.7932394596934319,0.19567844114466823,0.10000635268166662,0.9473655896633864,0.5766246748004119,0.926025,0.9281250000000001,0.9333,0.86415,-88.76338621296595,0.6581011100485921,0.47150468126836315,0.4107959766874481,0.5177495924943922,0.44451857087035435,0.6004806147310299,0.2955937262831442,0.3,0.3468660968660968,0.05444732530514356,0.02506401091341104,0.01237081233454937,0.1176072492916137,0.05706786374073408,0.009968124398443856,0.004252154088369703,0.057078530469443646,0.013,12852.0,/home/joaoabitante/speculative-decoding-unlearning/saves/unlearn/sud/results/original-unlearned/target-Llama-3.2-3B-Instruct/draft-Llama-3.2-3B-Instruct_IdkNLL/forget05/a0.99_k1_s0
original-unlearned,Llama-3.2-3B-Instruct,Llama-3.2-3B-Instruct_IdkNLL,forget05,0.995,1,0,True,0.26354555719895856,0.24615832517952235,0.45118621238651463,0.13695277132007583,0.5361745935135306,0.3746565520783284,0.0001183661896190048,0.7907991966605187,0.19551177447800158,0.09930122070945799,0.9424919218569994,0.5773180710502435,0.9229499999999999,0.92495,0.930225,0.85925,-88.26702101332494,0.6541775235906243,0.4711419417991818,0.41046772058923736,0.5174483496123998,0.44411132605841946,0.5998272759789582,0.3156933796894772,0.21033333333333332,0.24031339031339033,0.05004573829915591,0.02492049098444113,0.012320108963462983,0.11738575464347377,0.0570108541766358,0.00991176449942941,0.004234918394831636,0.056804111719597136,0.013,12852.0,/home/joaoabitante/speculative-decoding-unlearning/saves/unlearn/sud/results/original-unlearned/target-Llama-3.2-3B-Instruct/draft-Llama-3.2-3B-Instruct_IdkNLL/forget05/a0.995_k1_s0
original-unlearned,Llama-3.2-3B-Instruct,Llama-3.2-3B-Instruct_IdkNLL,forget10,0.1,1,0,True,0.007154482670245228,0.007151152464286905,0.03484099588191258,0.002568986229578639,0.7368637556196679,0.6441746110760531,1.9834474538770552e-25,0.9903086449205876,0.8814858080334724,0.1006831923360005,0.860709759364836,0.48244551748886266,0.99790625,0.998,0.9983875,0.99894375,-99.66994996034532,0.9395337852835656,0.533448084545904,0.4736938981656025,0.6155079724424874,0.48824576503315203,0.6590289749218704,0.7303361588601895,0.813,0.8834757834757836,0.7409255092170974,0.019861196207930334,0.006796034512542694,0.0918387829954736,0.03752438158739244,0.005741367603079273,0.0021218778154890204,0.04285420168678684,1925.751,40756.5,/home/joaoabitante/speculative-decoding-unlearning/saves/unlearn/sud/results/original-unlearned/target-Llama-3.2-3B-Instruct/draft-Llama-3.2-3B-Instruct_IdkNLL/forget10/a0.1_k1_s0
original-unlearned,Llama-3.2-3B-Instruct,Llama-3.2-3B-Instruct_IdkNLL,forget10,0.2,1,0,True,0.008614173980914531,0.008608955210424978,0.04187980618599126,0.0030957550206264536,0.73400359001787,0.6355221792958453,4.2615726229002236e-23,0.9882171726226807,0.8665419302104279,0.10695775519590825,0.8686036301823333,0.4927578817137402,0.9974812500000001,0.99755,0.9984375000000001,0.9985687500000001,-99.59568870513608,0.9334665228426456,0.5261454183511052,0.46847721688508304,0.6081670018877301,0.48281621782532586,0.6533943059795475,0.6909769343923676,0.838,0.8556980056980058,0.7058382097140455,0.020441121539624872,0.0071423465873508615,0.09699036425561644,0.04051520569694969,0.006163429695312365,0.00225790945054031,0.04707724276471709,1918.782,40756.5,/home/joaoabitante/speculative-decoding-unlearning/saves/unlearn/sud/results/original-unlearned/target-Llama-3.2-3B-Instruct/draft-Llama-3.2-3B-Instruct_IdkNLL/forget10/a0.2_k1_s0
original-unlearned,Llama-3.2-3B-Instruct,Llama-3.2-3B-Instruct_IdkNLL,forget10,0.3,1,0,True,0.010380927937930932,0.010373409063592909,0.05557035553408616,0.003708903330067395,0.727367194868714,0.6311980490375368,1.6623182901932567e-21,0.9841488750278949,0.8269758769591102,0.1128821719600819,0.8581083219684661,0.5032630414380459,0.99705625,0.99714375,0.9983124999999999,0.99809375,-99.52864729418329,0.9241367994248867,0.5187210503199893,0.4630633366145691,0.6002829643032304,0.47731213135945244,0.6461527102082697,0.6843306195859253,0.826,0.901994301994302,0.67664108128969,0.02105755732394755,0.007530950885709969,0.10183865692699329,0.04345444875230237,0.006610667144330668,0.0024086422412337018,0.05130712426306127,1937.451,40756.5,/home/joaoabitante/speculative-decoding-unlearning/saves/unlearn/sud/results/original-unlearned/target-Llama-3.2-3B-Instruct/draft-Llama-3.2-3B-Instruct_IdkNLL/forget10/a0.3_k1_s0
original-unlearned,Llama-3.2-3B-Instruct,Llama-3.2-3B-Instruct_IdkNLL,forget10,0.4,1,0,True,0.013246135384885943,0.01323261179058319,0.07862773670058015,0.00470855081265144,0.7228447343751546,0.6192393768017128,2.213522258546535e-19,0.9770516291260719,0.7628240663136221,0.11820102819241583,0.8680845447489992,0.5138137947808992,0.9965625000000001,0.99665,0.99785625,0.9973187500000001,-99.44716619471761,0.9106396268308162,0.5112337510331326,0.4575944544439418,0.5912930519821661,0.4717362152986176,0.6385593128019103,0.6459664111882514,0.8093333333333333,0.882051282051282,0.6142549478686834,0.02170871614245698,0.00796067257236121,0.10625830241944641,0.0462728152035254,0.00707723424732194,0.002572271772574847,0.05541458497472922,1926.376,40756.5,/home/joaoabitante/speculative-decoding-unlearning/saves/unlearn/sud/results/original-unlearned/target-Llama-3.2-3B-Instruct/draft-Llama-3.2-3B-Instruct_IdkNLL/forget10/a0.4_k1_s0
original-unlearned,Llama-3.2-3B-Instruct,Llama-3.2-3B-Instruct_IdkNLL,forget10,0.5,1,0,True,0.016445417532778842,0.016423615323300517,0.11286090118983716,0.005808582517646603,0.7131998093318526,0.608163456545017,1.6558004532094654e-18,0.9658914862573147,0.6751176015157719,0.12254532576538622,0.8620924176229164,0.5246679178709028,0.9960187500000001,0.9961062500000001,0.99748125,0.99618125,-99.35743384467311,0.8917735002934932,0.5036308140628445,0.4521481108697516,0.582474630964342,0.46607837570052485,0.6292274708706015,0.6190024851455918,0.8173333333333332,0.8407407407407407,0.566771907239302,0.02238549657835392,0.008427941752691749,0.11010158863151447,0.048887659225610156,0.007551237922432393,0.0027482015124755707,0.05921401580933889,2140.856,40756.5,/home/joaoabitante/speculative-decoding-unlearning/saves/unlearn/sud/results/original-unlearned/target-Llama-3.2-3B-Instruct/draft-Llama-3.2-3B-Instruct_IdkNLL/forget10/a0.5_k1_s0
original-unlearned,Llama-3.2-3B-Instruct,Llama-3.2-3B-Instruct_IdkNLL,forget10,0.6,1,0,True,0.021635019424437924,0.021593497144860977,0.1556800144223975,0.007643972742238517,0.7049108777951786,0.5933812610991307,4.2392996435511593e-17,0.9507886162400245,0.5769815931170204,0.12532472852617502,0.8680698934767861,0.5359108393818199,0.99523125,0.99538125,0.9965125,0.994275,-99.23779071128044,0.8660074807703495,0.4959435221595554,0.4467293134489176,0.5741930059621827,0.46034898037209737,0.6199411386151863,0.564574194447563,0.782,0.8468660968660969,0.4827500557834747,0.023058754519879585,0.008923732570988989,0.1131901432108134,0.05120082491023323,0.00802236768253427,0.0029341380951921426,0.06240119928724016,1937.186,40756.5,/home/joaoabitante/speculative-decoding-unlearning/saves/unlearn/sud/results/original-unlearned/target-Llama-3.2-3B-Instruct/draft-Llama-3.2-3B-Instruct_IdkNLL/forget10/a0.6_k1_s0
original-unlearned,Llama-3.2-3B-Instruct,Llama-3.2-3B-Instruct_IdkNLL,forget10,0.7,1,0,True,0.030740951294406977,0.030652725615674264,0.2170921745577386,0.010923538669599851,0.6954447262550646,0.58179629798815,5.137999089404319e-16,0.9264634627103806,0.4613054386828872,0.12551590338349342,0.8642721527954563,0.5474052528301372,0.99403125,0.9942937500000001,0.99473125,0.98901875,-99.05832601119145,0.831433339715004,0.4885087374913772,0.44130546385653735,0.5651455224958195,0.45457919405068725,0.6095972945373802,0.5322522623038961,0.7553333333333333,0.8763532763532763,0.3540695183735763,0.023641795065341285,0.009424879535220722,0.11531558494782075,0.05310744769118083,0.008457250286765732,0.0031209817308068336,0.06442108781452408,2047.187,40756.5,/home/joaoabitante/speculative-decoding-unlearning/saves/unlearn/sud/results/original-unlearned/target-Llama-3.2-3B-Instruct/draft-Llama-3.2-3B-Instruct_IdkNLL/forget10/a0.7_k1_s0
original-unlearned,Llama-3.2-3B-Instruct,Llama-3.2-3B-Instruct_IdkNLL,forget10,0.8,1,0,True,0.05282713280060425,0.052496795558112576,0.30287916058359043,0.019217341549949883,0.689171053873658,0.5529858296612329,5.805666105234786e-14,0.8857001699507236,0.34616996008893863,0.12176697553601117,0.9143504640413448,0.5587940042169466,0.9901500000000001,0.99075,0.99085625,0.97345625,-98.4735186264187,0.786197732463479,0.48096986413682197,0.43577899770632633,0.5556936631797618,0.4487098099495543,0.5989741104984189,0.4837284907083877,0.645,0.760968660968661,0.20439195708957306,0.023889363246416905,0.009870267503019076,0.11621500496286899,0.05448306618172318,0.008747480015820201,0.003284988112902717,0.06448971260263353,1872.5,40756.5,/home/joaoabitante/speculative-decoding-unlearning/saves/unlearn/sud/results/original-unlearned/target-Llama-3.2-3B-Instruct/draft-Llama-3.2-3B-Instruct_IdkNLL/forget10/a0.8_k1_s0
original-unlearned,Llama-3.2-3B-Instruct,Llama-3.2-3B-Instruct_IdkNLL,forget10,0.9,1,0,True,0.11281886634348194,0.11099564839490361,0.3802264202006156,0.04454198025823247,0.6620084813089212,0.5135199180432886,3.647961791830168e-11,0.8413939681649208,0.2485713245482647,0.11359575259499252,0.9313023021619301,0.5694224762624313,0.97810625,0.9791937500000001,0.976103125,0.9421625,-96.56644833639253,0.7289740431308747,0.473062024241308,0.4299413086622571,0.5493269308889533,0.442341579868414,0.5901243213734548,0.4315741614997615,0.4933333333333333,0.6270655270655271,0.09970791856303186,0.023272412036239986,0.010111591293281937,0.11554385519819334,0.055159515831006506,0.008660614332937562,0.0033749367136856013,0.06224177559569943,1647.615,40756.5,/home/joaoabitante/speculative-decoding-unlearning/saves/unlearn/sud/results/original-unlearned/target-Llama-3.2-3B-Instruct/draft-Llama-3.2-3B-Instruct_IdkNLL/forget10/a0.9_k1_s0
original-unlearned,Llama-3.2-3B-Instruct,Llama-3.2-3B-Instruct_IdkNLL,forget10,0.95,1,0,True,0.1622188664529489,0.15812854470339938,0.41529666239621366,0.06871850423573356,0.6521052333532792,0.497050428719566,2.6338754853638006e-10,0.8183055564761161,0.21106692225646617,0.1081488100066781,0.9477582839690148,0.5750016417186372,0.9665750000000001,0.96794375,0.9608187499999999,0.9171874999999999,-94.70991695616154,0.6956717091798782,0.46889280254396665,0.42685888754150825,0.5467862758597768,0.43876435118373414,0.5846932394149205,0.40131017945077635,0.42766666666666664,0.6470085470085469,0.06780616610694935,0.022451603066219832,0.01007868621863419,0.11448312722495757,0.05516682412064437,0.008393331514128778,0.0033675650497080743,0.060364464138809124,1595.228,40756.5,/home/joaoabitante/speculative-decoding-unlearning/saves/unlearn/sud/results/original-unlearned/target-Llama-3.2-3B-Instruct/draft-Llama-3.2-3B-Instruct_IdkNLL/forget10/a0.95_k1_s0
original-unlearned,Llama-3.2-3B-Instruct,Llama-3.2-3B-Instruct_IdkNLL,forget10,0.98,1,0,True,0.19685405153299343,0.18981576676071843,0.43585097171713616,0.08834199197818794,0.6151160585235549,0.4564560479319701,1.7473118094396964e-09,0.8038460378348827,0.18973192458739255,0.10454627768602222,0.94283808341017,0.5785359990340144,0.95724375,0.9583937500000002,0.9481375,0.8991437500000001,-93.13392809560992,0.6741971650719643,0.4663059481448745,0.4249735937542921,0.5453419426328577,0.4364742552143345,0.5809262043811213,0.3946837781478391,0.29733333333333334,0.5017094017094017,0.058646291257487417,0.02177970244316384,0.009989532480720565,0.11357858917908743,0.05504623772941886,0.008155063832574569,0.0033397963737873213,0.05903632443500101,1354.468,40756.5,/home/joaoabitante/speculative-decoding-unlearning/saves/unlearn/sud/results/original-unlearned/target-Llama-3.2-3B-Instruct/draft-Llama-3.2-3B-Instruct_IdkNLL/forget10/a0.98_k1_s0
original-unlearned,Llama-3.2-3B-Instruct,Llama-3.2-3B-Instruct_IdkNLL,forget10,0.99,1,0,True,0.2095314501945402,0.20177306732910313,0.4434035662947968,0.09576362545063423,0.6172840923021891,0.46071730028114133,2.7675164465641644e-09,0.7983613935858012,0.18145980225298738,0.10329733788501472,0.9350418716669082,0.5797519697845962,0.9538500000000001,0.95461875,0.94338125,0.89221875,-92.51095867691015,0.6667945113778114,0.46542818063018687,0.42434276797954495,0.5448659392369897,0.4356886002743984,0.5796734533295204,0.38715082983827825,0.314,0.5245014245014245,0.05360373041610149,0.02152746232222853,0.009946737911035536,0.11322922424646094,0.05498346558798948,0.008063436976921518,0.003326120571115856,0.058562793292745476,1370.345,40756.5,/home/joaoabitante/speculative-decoding-unlearning/saves/unlearn/sud/results/original-unlearned/target-Llama-3.2-3B-Instruct/draft-Llama-3.2-3B-Instruct_IdkNLL/forget10/a0.99_k1_s0
original-unlearned,Llama-3.2-3B-Instruct,Llama-3.2-3B-Instruct_IdkNLL,forget10,0.995,1,0,True,0.21581510544252774,0.20728984731923333,0.445173336863276,0.0997403833603002,0.6140836625622303,0.4545157940029563,4.360395687512671e-09,0.7971310614794492,0.1793336315649659,0.10266450892202555,0.9463050911575556,0.5803692791435597,0.9519625,0.95266875,0.940775,0.8886000000000001,-92.18915990433678,0.6630478838831186,0.46498624938889677,0.42402747185570056,0.544643476496057,0.4352918954391417,0.5790411893434384,0.3856674564561596,0.30866666666666664,0.4782051282051282,0.050525087863257934,0.02139631539634138,0.009922762241121045,0.11304528148146346,0.05494768285208193,0.008015460168998819,0.003318407634072803,0.058320486471144246,1358.575,40756.5,/home/joaoabitante/speculative-decoding-unlearning/saves/unlearn/sud/results/original-unlearned/target-Llama-3.2-3B-Instruct/draft-Llama-3.2-3B-Instruct_IdkNLL/forget10/a0.995_k1_s0
original-unlearned,Llama-3.2-3B-Instruct,Llama-3.2-3B-Instruct_NPO,forget01,0.1,1,0,True,0.0,0.0,0.05386442642075857,0.0,0.7407929645034331,0.6487555461631687,0.01430154804770646,0.984976613521576,0.7842324200755184,0.09967334503307938,0.863261891901493,0.5122160885046865,1.0,1.0,0.999375,1.0,-99.99999997740113,0.9390021377801895,0.539178840786108,0.478783236164185,0.623918641382613,0.49775065100924587,0.6687488215168257,0.7148354932814095,0.823,0.8746438746438746,0.7192335178617627,0.020319277434464312,0.007048680896705011,0.09177380284876563,0.03697577022775761,0.005692616362446945,0.00214928874141048,0.05055969095090405,0.017,12852.0,/home/joaoabitante/speculative-decoding-unlearning/saves/unlearn/sud/results/original-unlearned/target-Llama-3.2-3B-Instruct/draft-Llama-3.2-3B-Instruct_NPO/forget01/a0.1_k1_s0
original-unlearned,Llama-3.2-3B-Instruct,Llama-3.2-3B-Instruct_NPO,forget01,0.2,1,0,True,0.0,0.0,0.1196711590583156,0.0,0.7384970294744719,0.6449089722355825,0.01430154804770646,0.9644974440336227,0.5488389659126423,0.1067893301602453,0.8638586843386292,0.5203231001556098,1.0,1.0,0.994375,1.0,-99.99999997740113,0.9330338966846466,0.5376845914075478,0.47895380128486104,0.624338831761133,0.5020344374849908,0.6751351429934207,0.7114032722020955,0.773,0.8606837606837606,0.6304375249758019,0.021374876313348067,0.007659236016698183,0.09706868228735402,0.03945103726260152,0.0060592612925559775,0.002308916824573339,0.05574802387272939,0.017,12852.0,/home/joaoabitante/speculative-decoding-unlearning/saves/unlearn/sud/results/original-unlearned/target-Llama-3.2-3B-Instruct/draft-Llama-3.2-3B-Instruct_NPO/forget01/a0.2_k1_s0
original-unlearned,Llama-3.2-3B-Instruct,Llama-3.2-3B-Instruct_NPO,forget01,0.3,1,0,True,0.0,0.0,0.21015394974693338,0.0,0.748013975251381,0.6491414101597247,0.02860307028023343,0.9305619180202485,0.3818457441829848,0.11216178331524133,0.8824174784123897,0.5295780959024041,0.998125,0.999375,0.973125,1.0,-99.85875703957994,0.9244912861287594,0.5361814290798886,0.4790869120867238,0.6248748880733549,0.5064541253810042,0.6821707350059394,0.6803900448822735,0.843,0.882051282051282,0.5178936660919936,0.022484157357539516,0.008328919651671447,0.1022997157368809,0.041934167840068426,0.006446097042353358,0.0024825373702424837,0.060306538405129693,0.017,12852.0,/home/joaoabitante/speculative-decoding-unlearning/saves/unlearn/sud/results/original-unlearned/target-Llama-3.2-3B-Instruct/draft-Llama-3.2-3B-Instruct_NPO/forget01/a0.3_k1_s0
original-unlearned,Llama-3.2-3B-Instruct,Llama-3.2-3B-Instruct_NPO,forget01,0.4,1,0,True,0.03258739890096471,0.032522667989238016,0.2976721549599049,0.011450363342181967,0.731394728810155,0.6449611496397128,0.02860307028023343,0.8899915114045143,0.2668447392232202,0.11532564740628004,0.8445799456909299,0.5396457283126324,0.9918750000000001,0.993125,0.953125,0.998125,-98.44632766136807,0.9126996278762818,0.5347140102670341,0.4791694786905928,0.6254018472916336,0.5110085902030673,0.6884302503353292,0.6593668970251323,0.8106666666666666,0.874928774928775,0.47102357286939817,0.023647693826060277,0.009063358147568385,0.10737941270694136,0.04438607594386037,0.00685334184924386,0.00267126604955031,0.06414025752805172,0.017,12852.0,/home/joaoabitante/speculative-decoding-unlearning/saves/unlearn/sud/results/original-unlearned/target-Llama-3.2-3B-Instruct/draft-Llama-3.2-3B-Instruct_NPO/forget01/a0.4_k1_s0
original-unlearned,Llama-3.2-3B-Instruct,Llama-3.2-3B-Instruct_NPO,forget01,0.5,1,0,True,0.16938599873319432,0.16736315214576977,0.3742970863579715,0.07303225637001012,0.7425158242817516,0.6406813872598829,0.054141077480362725,0.845988567173481,0.20055840624876523,0.1161388261243701,0.8828407920897007,0.552058806370877,0.9725,0.97625,0.9043749999999999,0.9737499999999999,-94.63276834019597,0.8967850670218468,0.5331987846868665,0.47918574372772144,0.625564199348926,0.5156895661913005,0.6939864324263815,0.6142187476760366,0.8363333333333333,0.8564102564102564,0.4207076521094774,0.024864831617160233,0.009868415920477557,0.11219782149652019,0.04675678791198237,0.007280861336083338,0.0028762106516730854,0.06714333222480491,1273.171,33151.0,/home/joaoabitante/speculative-decoding-unlearning/saves/unlearn/sud/results/original-unlearned/target-Llama-3.2-3B-Instruct/draft-Llama-3.2-3B-Instruct_NPO/forget01/a0.5_k1_s0
original-unlearned,Llama-3.2-3B-Instruct,Llama-3.2-3B-Instruct_NPO,forget01,0.6,1,0,True,0.31112693605895514,0.3048379719518305,0.4218068148086916,0.16951549434975144,0.728625387669099,0.6363855918701337,0.09707484379785862,0.8141659393906593,0.17632326268860748,0.11407484849914909,0.8521368756890297,0.56849279202402,0.945,0.9475,0.816875,0.915625,-88.13559320042134,0.8756472158432007,0.5316342562230267,0.4791174126919703,0.6254654132219095,0.5204809641761737,0.698904648407658,0.5787097341866035,0.8326666666666667,0.8678062678062678,0.3813427712350337,0.02613306709448807,0.010749929710424797,0.11661927830660716,0.04898522949470396,0.007728044898170388,0.0030984004591009633,0.06897155918646605,0.017,12852.0,/home/joaoabitante/speculative-decoding-unlearning/saves/unlearn/sud/results/original-unlearned/target-Llama-3.2-3B-Instruct/draft-Llama-3.2-3B-Instruct_NPO/forget01/a0.6_k1_s0
original-unlearned,Llama-3.2-3B-Instruct,Llama-3.2-3B-Instruct_NPO,forget01,0.7,1,0,True,0.4754258641829749,0.4591727833336985,0.4771842554028725,0.3532540796111908,0.7227094694652809,0.6222627899475244,0.09707484379785862,0.7722161546349525,0.14087980991745894,0.10842971578240394,0.8618269957602024,0.5858981707832156,0.8899999999999999,0.87625,0.7081249999999999,0.82375,-72.03389828880589,0.8479945496469736,0.5300123463277171,0.47894351813908265,0.6252178519326748,0.5253560399795489,0.7035745642934758,0.5105119123316688,0.8206666666666667,0.827920227920228,0.3501083419973319,0.027447121643926948,0.01171339933459507,0.1204795626970008,0.05099901060865431,0.008193578551048025,0.003338721403918912,0.069064999979455,1295.252,33151.0,/home/joaoabitante/speculative-decoding-unlearning/saves/unlearn/sud/results/original-unlearned/target-Llama-3.2-3B-Instruct/draft-Llama-3.2-3B-Instruct_NPO/forget01/a0.7_k1_s0
original-unlearned,Llama-3.2-3B-Instruct,Llama-3.2-3B-Instruct_NPO,forget01,0.8,1,0,True,0.6275248952311,0.5985340836295475,0.5261975803181504,0.670526970489476,0.7199964822135966,0.6171107264925859,0.404587405685253,0.7308275505900383,0.11687733041964991,0.09938057614490389,0.8640528513118625,0.6083004710223705,0.7606249999999999,0.7424999999999999,0.585,0.686875,-41.80790959507165,0.8123650654405355,0.5283238972806479,0.4786413482681614,0.6248960410478327,0.5302786827696453,0.7097454920984657,0.4882591733395628,0.7996666666666666,0.8492877492877492,0.34416765370426433,0.028797606442822143,0.012763471850568251,0.12358394097536803,0.052711462732246445,0.008675203640852185,0.0035977951290077905,0.06708357454743237,1306.474,33151.0,/home/joaoabitante/speculative-decoding-unlearning/saves/unlearn/sud/results/original-unlearned/target-Llama-3.2-3B-Instruct/draft-Llama-3.2-3B-Instruct_NPO/forget01/a0.8_k1_s0
original-unlearned,Llama-3.2-3B-Instruct,Llama-3.2-3B-Instruct_NPO,forget01,0.9,1,0,True,0.7017412092886806,0.663260461275416,0.5730425253688004,0.878909173646937,0.7182694975166402,0.6096576667701321,0.5786001416508443,0.6886173114180565,0.09009827353215935,0.08782916073687375,0.873968955501914,0.6355272011754727,0.576875,0.545,0.45437500000000003,0.5225,2.8248587564237506,0.7672793920338153,0.5265357875196074,0.4781884642603902,0.6246878508672381,0.5352033587957651,0.717928969562419,0.4511011569701636,0.8376666666666667,0.8361823361823362,0.3157867643818581,0.030169966481626034,0.013903209076461358,0.1257135061128065,0.05402103763990022,0.00916956278172923,0.0038758223896068725,0.06305863407673314,1334.088,33151.0,/home/joaoabitante/speculative-decoding-unlearning/saves/unlearn/sud/results/original-unlearned/target-Llama-3.2-3B-Instruct/draft-Llama-3.2-3B-Instruct_NPO/forget01/a0.9_k1_s0
original-unlearned,Llama-3.2-3B-Instruct,Llama-3.2-3B-Instruct_NPO,forget01,0.95,1,0,True,0.6749345546122594,0.6403061625609939,0.5971583684976118,0.7339515486445342,0.7103332196852549,0.6067323273001846,0.7659314523482239,0.6643464751541615,0.07775641273374367,0.08143128477968276,0.8565994840115309,0.6467612677718204,0.46250000000000013,0.4337500000000001,0.37375,0.44062499999999993,27.966101688595213,0.7408158868923783,0.5255894017982953,0.4778998025624867,0.6244360800474946,0.5376497952164376,0.7219832340457455,0.4337732098064629,0.847,0.8649572649572649,0.3168578734589097,0.030857794263865798,0.014506982574247613,0.12633942178217694,0.05449022322363237,0.009420063085302294,0.004021865091902001,0.06035444193286821,1324.728,33151.0,/home/joaoabitante/speculative-decoding-unlearning/saves/unlearn/sud/results/original-unlearned/target-Llama-3.2-3B-Instruct/draft-Llama-3.2-3B-Instruct_NPO/forget01/a0.95_k1_s0
original-unlearned,Llama-3.2-3B-Instruct,Llama-3.2-3B-Instruct_NPO,forget01,0.98,1,0,True,0.6503719233968059,0.6185148960126132,0.6157636924307432,0.6419958337197939,0.6987616626437132,0.5992740327376872,0.9188052214121167,0.642515517026186,0.07647764035522706,0.07746234489604831,0.8378573669120669,0.6527854707325601,0.39749999999999996,0.364375,0.338125,0.39125,43.6440677867471,0.7236335228011012,0.5250183183757478,0.4777056086794018,0.6242269108414878,0.5391083094204725,0.7242688047567847,0.4133807666764342,0.7929999999999999,0.8924501424501423,0.3060760705760866,0.03126913487853017,0.014879998988720364,0.12655714132357387,0.05470427111221192,0.009571016609306754,0.004111686771843949,0.05853203276172281,0.011,12852.0,/home/joaoabitante/speculative-decoding-unlearning/saves/unlearn/sud/results/original-unlearned/target-Llama-3.2-3B-Instruct/draft-Llama-3.2-3B-Instruct_NPO/forget01/a0.98_k1_s0
original-unlearned,Llama-3.2-3B-Instruct,Llama-3.2-3B-Instruct_NPO,forget01,0.99,1,0,True,0.645846223450448,0.6114035983176148,0.6199169934606718,0.6113623158960974,0.7161999520158913,0.6031610432954748,0.9188052214121167,0.637694238871336,0.07647764035522706,0.07612367947585881,0.8813801291398704,0.6548057967236239,0.37812500000000004,0.3375,0.32875,0.374375,49.71751411305818,0.7176880721375346,0.5248255604832073,0.47763741500530316,0.6241442061901386,0.539592552709355,0.7250071196870236,0.41568986603325697,0.8759999999999999,0.8717948717948718,0.32304398990646305,0.03140585502202157,0.015006112016833821,0.1266020206268877,0.05476371916108075,0.009621411140072571,0.004141987684058341,0.05789392199600115,0.017,12852.0,/home/joaoabitante/speculative-decoding-unlearning/saves/unlearn/sud/results/original-unlearned/target-Llama-3.2-3B-Instruct/draft-Llama-3.2-3B-Instruct_NPO/forget01/a0.99_k1_s0
original-unlearned,Llama-3.2-3B-Instruct,Llama-3.2-3B-Instruct_NPO,forget01,0.995,1,0,True,0.6384870688395088,0.6044224994610977,0.6206522081668477,0.5984733226719033,0.7059750149809928,0.594781768871715,0.9188052214121167,0.6371128432452678,0.07647764035522706,0.07545198425650597,0.8683023860678076,0.6558515482907227,0.36875,0.32999999999999996,0.32375000000000004,0.36562500000000003,51.41242936691245,0.7146746984124184,0.5247282780776152,0.4776026360344773,0.6241003481376446,0.539834252467059,0.7253719025552822,0.40600151869974616,0.8085,0.8336182336182336,0.302702669033267,0.03147411818790715,0.015069499043704096,0.1266191466129385,0.05479116048114815,0.009646614535031404,0.004157204999035723,0.05756937373429536,0.017,12852.0,/home/joaoabitante/speculative-decoding-unlearning/saves/unlearn/sud/results/original-unlearned/target-Llama-3.2-3B-Instruct/draft-Llama-3.2-3B-Instruct_NPO/forget01/a0.995_k1_s0
original-unlearned,Llama-3.2-3B-Instruct,Llama-3.2-3B-Instruct_NPO,forget05,0.1,1,0,True,0.00024593759776147964,0.00024593357812852465,0.05131725331725013,8.211947886511136e-05,0.7402842549381203,0.6450760593270346,6.540866008411473e-13,0.9854411461949348,0.8349301471361679,0.10195966170635075,0.8684625552222133,0.4788832888706904,0.99995,0.999975,0.99945,0.999925,-99.9960915969677,0.9363306359946728,0.5323862962595598,0.47408502646489437,0.6157423572572304,0.4924696987319264,0.6608984996172129,0.7336758312175126,0.8170000000000001,0.8760683760683761,0.7409286384142733,0.020439900812780253,0.007425016734379288,0.09475811104173772,0.03893242002246967,0.0059302053604794016,0.0022974871621800307,0.04422358412924222,0.018,12852.0,/home/joaoabitante/speculative-decoding-unlearning/saves/unlearn/sud/results/original-unlearned/target-Llama-3.2-3B-Instruct/draft-Llama-3.2-3B-Instruct_NPO/forget05/a0.1_k1_s0
original-unlearned,Llama-3.2-3B-Instruct,Llama-3.2-3B-Instruct_NPO,forget05,0.2,1,0,True,0.0014080231456181634,0.0014079075179318056,0.09562500349435395,0.0004719667047517582,0.7164616474229526,0.6366456587035506,6.5689645859369454e-12,0.971426070034504,0.7293932923097023,0.11123726641293614,0.8191592906182632,0.4968775754982106,0.999725,0.999825,0.9989250000000001,0.99965,-99.9726412725752,0.9263165681064129,0.524176451417143,0.4694700535220636,0.608394516557594,0.4912672837976286,0.6594781172000598,0.6802308274022802,0.847,0.8525641025641025,0.6286094888406377,0.021627377003896983,0.008516537776849445,0.10331364790210501,0.043624919755471295,0.006566767330014803,0.0026423988427075845,0.0510514482257422,0.019,12852.0,/home/joaoabitante/speculative-decoding-unlearning/saves/unlearn/sud/results/original-unlearned/target-Llama-3.2-3B-Instruct/draft-Llama-3.2-3B-Instruct_NPO/forget05/a0.2_k1_s0
original-unlearned,Llama-3.2-3B-Instruct,Llama-3.2-3B-Instruct_NPO,forget05,0.3,1,0,True,0.006905849208923975,0.006902508895297893,0.15920681490867716,0.0023433093716653695,0.7213358269034452,0.6263537581880262,1.3850840057169374e-11,0.949001247882843,0.5904519855416605,0.11882439745590091,0.8502737632580102,0.5155526824174705,0.99885,0.999025,0.996275,0.9980249999999999,-99.84757287581529,0.9117753946781159,0.516090633621457,0.46476215206255184,0.6020154487814611,0.48995168177939896,0.6577978692993799,0.6293300602726712,0.8293333333333334,0.8578347578347578,0.5423990119871887,0.022892554336285686,0.00979635432249546,0.11202210722956807,0.04856187429680267,0.007259385848878236,0.0030452107428944656,0.057778924897778784,0.019,12852.0,/home/joaoabitante/speculative-decoding-unlearning/saves/unlearn/sud/results/original-unlearned/target-Llama-3.2-3B-Instruct/draft-Llama-3.2-3B-Instruct_NPO/forget05/a0.3_k1_s0
original-unlearned,Llama-3.2-3B-Instruct,Llama-3.2-3B-Instruct_NPO,forget05,0.4,1,0,True,0.03288221120997559,0.0328025014118428,0.2431295060612335,0.011664098033954453,0.7201785617970319,0.6210238306135978,2.4125498977354686e-08,0.9148958075046539,0.4112446179509545,0.12153706056065858,0.8570119397016243,0.5361974623164416,0.9944250000000001,0.995525,0.9862500000000001,0.985325,-99.30039863999055,0.8912878203392028,0.5081236685694196,0.4600211653724692,0.5951006637052274,0.48847320561672414,0.6552604950481057,0.5941871065645661,0.8733333333333334,0.872079772079772,0.4592219222924514,0.02424916043324629,0.01129886379784981,0.120693075126037,0.053657557252917626,0.008010651999922324,0.0035148117866080518,0.06291892804391681,0.02,12852.0,/home/joaoabitante/speculative-decoding-unlearning/saves/unlearn/sud/results/original-unlearned/target-Llama-3.2-3B-Instruct/draft-Llama-3.2-3B-Instruct_NPO/forget05/a0.4_k1_s0
original-unlearned,Llama-3.2-3B-Instruct,Llama-3.2-3B-Instruct_NPO,forget05,0.5,1,0,True,0.14381056656201788,0.14232910613368396,0.3369499296173982,0.0607485943291049,0.6984753971409093,0.6064931887741556,4.024806511439489e-06,0.8681616449356079,0.2728314509307899,0.116390775796026,0.8233460256899707,0.5620393344505761,0.9718,0.9729,0.93685,0.9383750000000001,-95.7633080441236,0.8629262453317642,0.5003686979018228,0.4553317530577708,0.5872321763216136,0.4867750162563146,0.652318905935753,0.5442137339229269,0.841,0.8554131054131053,0.3827926280203342,0.02570714402711019,0.013061757584124187,0.12905390507774428,0.05878481042621695,0.00882032137146022,0.004060708858124873,0.06464139828365295,1662.469,35673.3,/home/joaoabitante/speculative-decoding-unlearning/saves/unlearn/sud/results/original-unlearned/target-Llama-3.2-3B-Instruct/draft-Llama-3.2-3B-Instruct_NPO/forget05/a0.5_k1_s0
original-unlearned,Llama-3.2-3B-Instruct,Llama-3.2-3B-Instruct_NPO,forget05,0.6,1,0,True,0.3754121793651798,0.3648371257184989,0.4344834540705185,0.23553018995599626,0.6925722584996461,0.5968283815964378,0.0002829222008740643,0.8068696364760399,0.17979863276063143,0.10511016042903065,0.8249043351120782,0.5910808360875878,0.888225,0.8849,0.7636249999999999,0.8002750000000001,-82.00578440053063,0.824167232438922,0.49274530420158025,0.45076833533195654,0.5795384725007913,0.4847965811940941,0.6484258837445599,0.5111488060367786,0.8576666666666667,0.8578347578347578,0.3148179562153306,0.027266098649124614,0.015122420028348689,0.13673029099125414,0.0637609701777402,0.009683053427667497,0.00469242699424369,0.06307776258327066,0.02,12852.0,/home/joaoabitante/speculative-decoding-unlearning/saves/unlearn/sud/results/original-unlearned/target-Llama-3.2-3B-Instruct/draft-Llama-3.2-3B-Instruct_NPO/forget05/a0.6_k1_s0
original-unlearned,Llama-3.2-3B-Instruct,Llama-3.2-3B-Instruct_NPO,forget05,0.7,1,0,True,0.5786169310872536,0.5503731093101253,0.51481461119598,0.5593411599861606,0.687515360589029,0.5811982683096786,0.016258459276759563,0.7438312038779259,0.12497748091277758,0.0905375955114141,0.8414373051188886,0.6158648884568557,0.69765,0.6815749999999999,0.5901749999999999,0.6016250000000001,-50.2188696865131,0.7720911399275064,0.48532568964425304,0.4463732240162565,0.5709384419268789,0.48245434161078726,0.6459593546152756,0.46286928772224323,0.8190000000000001,0.8806267806267806,0.2996628068955323,0.028901669382466934,0.01751060038139211,0.14320322813931852,0.06832556954062464,0.010582928390276723,0.005418944752167923,0.05905024747364223,1718.429,35673.3,/home/joaoabitante/speculative-decoding-unlearning/saves/unlearn/sud/results/original-unlearned/target-Llama-3.2-3B-Instruct/draft-Llama-3.2-3B-Instruct_NPO/forget05/a0.7_k1_s0
original-unlearned,Llama-3.2-3B-Instruct,Llama-3.2-3B-Instruct_NPO,forget05,0.8,1,0,True,0.6868044263471955,0.6471694893452079,0.5792208290921889,0.8696100959360813,0.6703950401005018,0.5684489511621653,0.2704743832803917,0.6831958352029324,0.10050638920792666,0.07519769817590713,0.816898219215218,0.642567795531416,0.446575,0.435875,0.44737499999999997,0.42445,-11.80723833161773,0.7040800710767507,0.4780026465748452,0.4421641258695094,0.5627317057318626,0.47962980564901364,0.6422007994192799,0.4236376435920938,0.8583333333333334,0.8977207977207977,0.263214722656606,0.03054023453092668,0.020234649240537847,0.14775786496233195,0.07211629979832514,0.011483181086620487,0.006247121015749462,0.05358293588552624,1738.313,35673.3,/home/joaoabitante/speculative-decoding-unlearning/saves/unlearn/sud/results/original-unlearned/target-Llama-3.2-3B-Instruct/draft-Llama-3.2-3B-Instruct_NPO/forget05/a0.8_k1_s0
original-unlearned,Llama-3.2-3B-Instruct,Llama-3.2-3B-Instruct_NPO,forget05,0.9,1,0,True,0.6619173713622607,0.6213299735410484,0.6424208907436462,0.6966366302835504,0.6492632615964569,0.5445816880602219,0.46628639073563594,0.6131631714105606,0.07010379510002716,0.06025346565293148,0.8037662899412681,0.6658353733319451,0.239025,0.24305000000000002,0.298,0.261675,18.338153674925632,0.618941401205957,0.4706040976705958,0.4381196501834515,0.5558624001322613,0.47617345718145443,0.6370257170421053,0.3907671472538994,0.7863333333333332,0.8307692307692308,0.2597924080351005,0.0320110165985534,0.023257793323304774,0.1494688718719408,0.07465222516681229,0.012307589164392996,0.007178196742026419,0.047111434540012855,1865.074,35673.3,/home/joaoabitante/speculative-decoding-unlearning/saves/unlearn/sud/results/original-unlearned/target-Llama-3.2-3B-Instruct/draft-Llama-3.2-3B-Instruct_NPO/forget05/a0.9_k1_s0
original-unlearned,Llama-3.2-3B-Instruct,Llama-3.2-3B-Instruct_NPO,forget05,0.95,1,0,True,0.5916889441504786,0.5547428641980734,0.6704076403456433,0.49093328568698175,0.6486492629002277,0.5321004186939222,0.0878382826713132,0.5771399616450071,0.06224349783099486,0.05314540357212536,0.8305745076294988,0.6760561081981135,0.153925,0.16529999999999997,0.23114999999999997,0.19275000000000003,30.49323848503192,0.5702553958445787,0.46689814109817085,0.436125852383628,0.5523824998191816,0.47414351561464446,0.6343195721573021,0.37091372113776755,0.7553333333333333,0.8264957264957266,0.23243661169678526,0.03258690225251484,0.024847624491026843,0.14892486025346444,0.07526503775454739,0.012650970862041509,0.007679561562150169,0.043576906253350894,1827.142,35673.3,/home/joaoabitante/speculative-decoding-unlearning/saves/unlearn/sud/results/original-unlearned/target-Llama-3.2-3B-Instruct/draft-Llama-3.2-3B-Instruct_NPO/forget05/a0.95_k1_s0
original-unlearned,Llama-3.2-3B-Instruct,Llama-3.2-3B-Instruct_NPO,forget05,0.98,1,0,True,0.5333931378650589,0.5025501357931964,0.6898624100801289,0.3824009629272878,0.6411289081485029,0.5249528282207331,0.016258459276759563,0.5494411704689264,0.059077475713535374,0.0490364238305483,0.8233404541527852,0.6828549186287373,0.112375,0.125625,0.1956,0.1548,36.695849286845004,0.5393332643806934,0.46463086921654423,0.4349221229336761,0.5501153433519004,0.4728059548186588,0.6329856172571634,0.36120026568638,0.7290000000000001,0.8433048433048432,0.23170840968583614,0.03284955338924192,0.025812365830352374,0.14807150567416102,0.07537570745905942,0.012822469927168638,0.00799026010373792,0.04137858549063094,0.02,12852.0,/home/joaoabitante/speculative-decoding-unlearning/saves/unlearn/sud/results/original-unlearned/target-Llama-3.2-3B-Instruct/draft-Llama-3.2-3B-Instruct_NPO/forget05/a0.98_k1_s0
original-unlearned,Llama-3.2-3B-Instruct,Llama-3.2-3B-Instruct_NPO,forget05,0.99,1,0,True,0.5100745160725582,0.4815461135670847,0.6960996423114095,0.3482671889642384,0.6355020610057804,0.5202918035096529,0.016258459276759563,0.5401776389032602,0.05813580015382973,0.0476955600862857,0.8162467945250682,0.6850523981237105,0.099975,0.11349999999999999,0.1839,0.14265000000000003,38.591417175237794,0.5287750896066428,0.46386240138896523,0.43451765375684515,0.5493256417170754,0.4723375334251631,0.6324931418878275,0.34212235146422626,0.7693333333333334,0.8276353276353275,0.21652838580128606,0.03292030538606923,0.026134166967370445,0.14769302984001115,0.07536575109401747,0.012872758988754259,0.008095271616407863,0.04063462072331458,0.02,12852.0,/home/joaoabitante/speculative-decoding-unlearning/saves/unlearn/sud/results/original-unlearned/target-Llama-3.2-3B-Instruct/draft-Llama-3.2-3B-Instruct_NPO/forget05/a0.99_k1_s0
original-unlearned,Llama-3.2-3B-Instruct,Llama-3.2-3B-Instruct_NPO,forget05,0.995,1,0,True,0.49877387106073034,0.4713861506435266,0.6979347215626985,0.3309619348180187,0.6408385438319587,0.523583572595594,0.016258459276759563,0.5376209677010775,0.057935800153829736,0.04703077805927023,0.8257664686022327,0.6860514730218954,0.09287500000000001,0.108325,0.177875,0.13715000000000002,39.40045336677863,0.5234530394896865,0.46347551080654514,0.4343147011392564,0.5489239186748714,0.4720988762714285,0.6322335815715422,0.3474633044286196,0.7959999999999999,0.85997150997151,0.2278532464566132,0.032952282720943915,0.026294923917975343,0.14748563146218657,0.07535162224715736,0.012896519092858702,0.008148024048324326,0.04026070605614222,0.02,12852.0,/home/joaoabitante/speculative-decoding-unlearning/saves/unlearn/sud/results/original-unlearned/target-Llama-3.2-3B-Instruct/draft-Llama-3.2-3B-Instruct_NPO/forget05/a0.995_k1_s0
original-unlearned,Llama-3.2-3B-Instruct,Llama-3.2-3B-Instruct_NPO,forget10,0.1,1,0,True,0.009111966077479758,0.009106759106506587,0.05248927412616815,0.003238028276043788,0.7374791077674532,0.6475766852476424,8.999307866955786e-26,0.9850442299246788,0.8379850627214883,0.10121368390042335,0.8563677902426571,0.48606502560036935,0.9974875000000001,0.9975812500000001,0.99809375,0.9985625000000001,-99.60084573674784,0.9385979084670544,0.5362580635456982,0.47521892743272126,0.6174855938909715,0.49284647386425723,0.6604112545863746,0.7338868355583537,0.8290000000000001,0.8834757834757836,0.7241541833118512,0.02085641183934058,0.007053182662032583,0.09197279737447389,0.037258691427812775,0.006038034063799387,0.002157797052076335,0.04366027244812358,1934.603,40756.5,/home/joaoabitante/speculative-decoding-unlearning/saves/unlearn/sud/results/original-unlearned/target-Llama-3.2-3B-Instruct/draft-Llama-3.2-3B-Instruct_NPO/forget10/a0.1_k1_s0
original-unlearned,Llama-3.2-3B-Instruct,Llama-3.2-3B-Instruct_NPO,forget10,0.2,1,0,True,0.014137233935743107,0.014123700086017934,0.09406008380630346,0.004994516163427157,0.7382860580488015,0.6419178481765881,4.2615726229002236e-23,0.972080607265234,0.7217782564991246,0.10686278268694878,0.8687000493565574,0.5013267117664754,0.9965249999999999,0.99664375,0.99714375,0.99744375,-99.44613478839526,0.9319858463108539,0.5322069615675381,0.47192776736328873,0.6117053879974028,0.49214015176929515,0.6595787078362171,0.712806156234689,0.8203333333333334,0.8735042735042735,0.6450076846816905,0.02252733222398092,0.007669494375808714,0.09731100886245259,0.039937648274071764,0.006803989729610294,0.002326342379772437,0.04838599599279405,1928.031,40756.5,/home/joaoabitante/speculative-decoding-unlearning/saves/unlearn/sud/results/original-unlearned/target-Llama-3.2-3B-Instruct/draft-Llama-3.2-3B-Instruct_NPO/forget10/a0.2_k1_s0
original-unlearned,Llama-3.2-3B-Instruct,Llama-3.2-3B-Instruct_NPO,forget10,0.3,1,0,True,0.0250099187411129,0.024967269383679325,0.17242857905830078,0.008865426703603968,0.7379109103741217,0.6409923029243305,8.513756583610105e-19,0.9444412629306317,0.533797950424219,0.11006837314693257,0.8693587242462673,0.5180362671948844,0.9946812500000001,0.994925,0.9940375,0.9948375,-99.16249804974885,0.9224914421141147,0.5286094805523676,0.46875509229040924,0.6062879201210754,0.49145879276598353,0.658846445803921,0.6952241972383646,0.868,0.8777777777777778,0.5566227912846197,0.024315701028099282,0.00834696904212834,0.10240914259455167,0.04252604143474287,0.00764428154991189,0.0025088830150705003,0.05244416158909734,1940.759,40756.5,/home/joaoabitante/speculative-decoding-unlearning/saves/unlearn/sud/results/original-unlearned/target-Llama-3.2-3B-Instruct/draft-Llama-3.2-3B-Instruct_NPO/forget10/a0.3_k1_s0
original-unlearned,Llama-3.2-3B-Instruct,Llama-3.2-3B-Instruct_NPO,forget10,0.4,1,0,True,0.062308335358688155,0.062041743915081236,0.2644595548647428,0.02325807192030769,0.7296451238895322,0.6339472819432745,1.4921665744660114e-16,0.9053086178004741,0.3669940090682519,0.10817832032451406,0.8593720842059702,0.5366249847013954,0.9892437500000001,0.9897874999999998,0.98255,0.9749562500000001,-98.31468205277667,0.909288749396801,0.5253847287366544,0.4653783598803185,0.600459444446091,0.4908012623925044,0.6590399530937908,0.6576919166089655,0.852,0.8846153846153846,0.459686599380766,0.026128377611457837,0.009091652718977349,0.10716348324203864,0.04496716694798124,0.008552728750596542,0.0027058218561166504,0.054550952492427314,1960.474,40756.5,/home/joaoabitante/speculative-decoding-unlearning/saves/unlearn/sud/results/original-unlearned/target-Llama-3.2-3B-Instruct/draft-Llama-3.2-3B-Instruct_NPO/forget10/a0.4_k1_s0
original-unlearned,Llama-3.2-3B-Instruct,Llama-3.2-3B-Instruct_NPO,forget10,0.5,1,0,True,0.15897195820733323,0.15748433722289007,0.36237945595099147,0.06808218159026679,0.702452686398938,0.6242804603207036,2.734462451060329e-12,0.8530955705046653,0.24756730610603783,0.09846515886718407,0.8030047139408998,0.5577976999900376,0.9695,0.9691374999999999,0.9509125,0.9235375,-94.90691556373046,0.8913875958323478,0.522631915423077,0.461714315618472,0.5936875593062955,0.49019248306506413,0.6578841559283303,0.6198315488919767,0.816,0.8831908831908831,0.37794971882242534,0.028091239895438776,0.009909045644013905,0.11145613176515326,0.047197991162018525,0.009537481677019363,0.0029171189362268515,0.05299841407075292,2231.141,40756.5,/home/joaoabitante/speculative-decoding-unlearning/saves/unlearn/sud/results/original-unlearned/target-Llama-3.2-3B-Instruct/draft-Llama-3.2-3B-Instruct_NPO/forget10/a0.5_k1_s0
original-unlearned,Llama-3.2-3B-Instruct,Llama-3.2-3B-Instruct_NPO,forget10,0.6,1,0,True,0.3476404716364334,0.3393288088561501,0.45022963903626095,0.20041752861731388,0.7047549972009179,0.6133802737727845,3.913229651378406e-08,0.7947895684093237,0.16566527324488334,0.08322658000979573,0.8281191892316565,0.5807313168811821,0.9056499999999998,0.9006875,0.86348125,0.8162937499999999,-83.61095352134727,0.867690254598856,0.520303194239224,0.4580832650894858,0.5853137309252509,0.4896790322138128,0.6547803711175534,0.580159689374349,0.777,0.8874643874643875,0.34307180739259024,0.030310450755932833,0.010803429004359077,0.11514154322794638,0.04914498508976749,0.01060303144098119,0.0031420798894436965,0.04837135500230943,1991.093,40756.5,/home/joaoabitante/speculative-decoding-unlearning/saves/unlearn/sud/results/original-unlearned/target-Llama-3.2-3B-Instruct/draft-Llama-3.2-3B-Instruct_NPO/forget10/a0.6_k1_s0
original-unlearned,Llama-3.2-3B-Instruct,Llama-3.2-3B-Instruct_NPO,forget10,0.7,1,0,True,0.5498699231052945,0.5278834716266135,0.5226733299756635,0.47054801967079013,0.7055105491421145,0.6080321434039196,1.830133064154361e-05,0.7351905020326376,0.12084781681568049,0.06644130557309837,0.8402114405238535,0.5995079339904517,0.759375,0.7487,0.69183125,0.6445625,-58.52921457442661,0.8368285854160785,0.5184562897853827,0.4545419918752592,0.5754550057486189,0.48932669978262466,0.6562459307955463,0.5280425189826038,0.8703333333333333,0.8849002849002849,0.2994662476034378,0.03276418019057019,0.011776503512177225,0.11803836045437492,0.050719281773786415,0.011732540828691828,0.003379086502970615,0.04223576587150456,2257.165,40756.5,/home/joaoabitante/speculative-decoding-unlearning/saves/unlearn/sud/results/original-unlearned/target-Llama-3.2-3B-Instruct/draft-Llama-3.2-3B-Instruct_NPO/forget10/a0.7_k1_s0
original-unlearned,Llama-3.2-3B-Instruct,Llama-3.2-3B-Instruct_NPO,forget10,0.8,1,0,True,0.6827591446061284,0.6510330422197385,0.5856037638946149,0.8255401822055672,0.6779805119210541,0.5920334776308105,0.0029708770428139948,0.6723200903087855,0.09333011274960185,0.0505912443168927,0.7931197634717683,0.6163046453855,0.530475,0.5224,0.50778125,0.4544,-21.18405445475792,0.797128617092967,0.5171563636464233,0.45108416317211236,0.5693218348016231,0.4892145063358309,0.6569065821907,0.4930485845169775,0.7953333333333333,0.8414529914529914,0.28373792345831855,0.03536629223584896,0.012825542714052871,0.11991892723250203,0.051811214533164736,0.012877352597782494,0.0036252068510234012,0.03552522866294021,2309.13,40756.5,/home/joaoabitante/speculative-decoding-unlearning/saves/unlearn/sud/results/original-unlearned/target-Llama-3.2-3B-Instruct/draft-Llama-3.2-3B-Instruct_NPO/forget10/a0.8_k1_s0
original-unlearned,Llama-3.2-3B-Instruct,Llama-3.2-3B-Instruct_NPO,forget10,0.9,1,0,True,0.6850827060808512,0.6508863522745479,0.6382357819962196,0.7520486676971555,0.6745303109514135,0.5839145658965701,0.415788823500893,0.6088346465677023,0.07480361344325981,0.037103132322081366,0.7984370873443549,0.6283663718343493,0.2936,0.29247500000000004,0.3235187500000001,0.28425625,16.759321331874077,0.7468076720833778,0.5165681698526448,0.4477710590836817,0.5636087438784082,0.48941019605646574,0.6561518180604702,0.46129353494108416,0.8033333333333332,0.8689458689458689,0.2571561657091397,0.03794234585191589,0.013938665576976053,0.12050006537465378,0.05228732264665041,0.013947036094141368,0.003875912409907147,0.02898926223264425,2341.354,40756.5,/home/joaoabitante/speculative-decoding-unlearning/saves/unlearn/sud/results/original-unlearned/target-Llama-3.2-3B-Instruct/draft-Llama-3.2-3B-Instruct_NPO/forget10/a0.9_k1_s0
original-unlearned,Llama-3.2-3B-Instruct,Llama-3.2-3B-Instruct_NPO,forget10,0.95,1,0,True,0.6178472822131806,0.5887380076938111,0.663560668345947,0.5353805526838146,0.6753483380816059,0.5811271785107871,0.8635251702254226,0.5734796641021966,0.06459160873370653,0.03141559456576942,0.8060349614813458,0.6320935040674626,0.19596249999999998,0.1994375,0.24551875,0.21297500000000003,32.11283584638437,0.7171596349030733,0.5165033023813497,0.44619251918242603,0.5601791121378819,0.489626624558513,0.6556969850466916,0.44268826217967117,0.863,0.8732193732193733,0.260334326513784,0.039146121563389896,0.014511138711202128,0.12019358705030754,0.052245348285927314,0.014421463324791453,0.004001125553753063,0.025934961536477202,2402.284,40756.5,/home/joaoabitante/speculative-decoding-unlearning/saves/unlearn/sud/results/original-unlearned/target-Llama-3.2-3B-Instruct/draft-Llama-3.2-3B-Instruct_NPO/forget10/a0.95_k1_s0
original-unlearned,Llama-3.2-3B-Instruct,Llama-3.2-3B-Instruct_NPO,forget10,0.98,1,0,True,0.5638638794584998,0.5382481710009932,0.6779188315889186,0.42511069343943336,0.6697916174170607,0.5726701868081888,0.4680435421303692,0.5514493483304977,0.06054330887980217,0.028338180442951853,0.8065833117393777,0.6339549726191249,0.14863125,0.1534875,0.20491874999999998,0.17630625,39.6957351283056,0.6978526986390352,0.5165273130257434,0.44526957769192177,0.5584405741755589,0.4897888961499011,0.6552274530651522,0.43371953345871683,0.7753333333333333,0.8717948717948718,0.24702186018975264,0.0398167180721066,0.014856542325064882,0.11979026510729454,0.05211817315829831,0.014677696746739457,0.004075703698527485,0.02418608453425986,2142.604,40756.5,/home/joaoabitante/speculative-decoding-unlearning/saves/unlearn/sud/results/original-unlearned/target-Llama-3.2-3B-Instruct/draft-Llama-3.2-3B-Instruct_NPO/forget10/a0.98_k1_s0
original-unlearned,Llama-3.2-3B-Instruct,Llama-3.2-3B-Instruct_NPO,forget10,0.99,1,0,True,0.546219080818491,0.5209048397841265,0.6818235230324443,0.392269873562166,0.6773318484861501,0.573628430449218,0.415788823500893,0.5452165348827839,0.06002591567399037,0.027366652305645403,0.8268059687776258,0.6346078433679494,0.13510624999999998,0.14000625,0.19236875,0.1654,41.92047856561573,0.6911612463742495,0.5165449056247453,0.44496518756643283,0.5579332632356849,0.48984743363590216,0.6550375246085699,0.4265324266615643,0.8145,0.8874643874643874,0.2371286708829706,0.04002896728954511,0.014971652876602482,0.1196168226073496,0.05205774328798089,0.014757429371297806,0.004100430486320712,0.023617858933808744,2106.461,40756.5,/home/joaoabitante/speculative-decoding-unlearning/saves/unlearn/sud/results/original-unlearned/target-Llama-3.2-3B-Instruct/draft-Llama-3.2-3B-Instruct_NPO/forget10/a0.99_k1_s0
original-unlearned,Llama-3.2-3B-Instruct,Llama-3.2-3B-Instruct_NPO,forget10,0.995,1,0,True,0.5334896437855016,0.5101299226996581,0.68271846728056,0.3763515179786491,0.6659878455343232,0.5684945550428618,0.3670864569817871,0.5439533448964358,0.05990686805494275,0.026890873029915382,0.8038417142501566,0.634995646256975,0.12826875000000001,0.13390625,0.1862375,0.16010624999999998,42.92713113622987,0.6877675249427557,0.5165553984940601,0.444813339101086,0.5576748031710942,0.4898774523196784,0.6549363045958225,0.41804137958431836,0.7345,0.9273504273504274,0.24412064072160572,0.04013269560644403,0.015029162256492532,0.11952256661606953,0.05202404475373715,0.014796136270695875,0.004112764636403139,0.023336570346582448,2117.078,40756.5,/home/joaoabitante/speculative-decoding-unlearning/saves/unlearn/sud/results/original-unlearned/target-Llama-3.2-3B-Instruct/draft-Llama-3.2-3B-Instruct_NPO/forget10/a0.995_k1_s0
original-unlearned,Llama-3.2-3B-Instruct,Llama-3.2-3B-Instruct_PDU,forget01,0.1,1,0,True,0.0,0.0,0.007687632924098064,0.0,0.7438070586390072,0.6497730119450125,0.01430154804770646,0.997991555929184,0.9483319242331077,0.0975024091079831,0.8696632466278971,0.5112469679942143,1.0,1.0,1.0,1.0,-99.99999997740113,0.9403501491248608,0.5394794341559188,0.48843404717113065,0.6310738760975372,0.505761220596789,0.6738517135966716,0.7361124955726263,0.753,0.8663817663817663,0.8139318432682929,0.023262061058485415,0.008042078914867388,0.09097109618131072,0.0365555948990127,0.0062354108240811005,0.0023760609172673247,0.048749044649302964,1287.849,33151.0,/home/joaoabitante/speculative-decoding-unlearning/saves/unlearn/sud/results/original-unlearned/target-Llama-3.2-3B-Instruct/draft-Llama-3.2-3B-Instruct_PDU/forget01/a0.1_k1_s0
original-unlearned,Llama-3.2-3B-Instruct,Llama-3.2-3B-Instruct_PDU,forget01,0.2,1,0,True,0.0,0.0,0.0076877841645413775,0.0,0.7427667486856253,0.6607729268370854,0.02860307028023343,0.997991555929184,0.9483319242331077,0.10351667352952063,0.847992186062038,0.5159074345385284,1.0,1.0,1.0,1.0,-99.99999997740113,0.9362168596684932,0.5386256848651905,0.498576615954292,0.641297539259905,0.5185034448798356,0.6865730889715396,0.7303636062510321,0.812,0.8735042735042735,0.7478776946215584,0.028019916132034268,0.009995430294031752,0.09529304210329428,0.03849576715031094,0.007280158927705242,0.002831460234302691,0.05259575061034412,1275.708,33151.0,/home/joaoabitante/speculative-decoding-unlearning/saves/unlearn/sud/results/original-unlearned/target-Llama-3.2-3B-Instruct/draft-Llama-3.2-3B-Instruct_PDU/forget01/a0.2_k1_s0
original-unlearned,Llama-3.2-3B-Instruct,Llama-3.2-3B-Instruct_PDU,forget01,0.3,1,0,True,0.0,0.0,0.007687910069054993,0.0,0.7207763944073325,0.6566173027506357,0.01430154804770646,0.997991555929184,0.9483319242331077,0.10858328412286937,0.798831450252328,0.5198934329423898,1.0,1.0,1.0,1.0,-99.99999997740113,0.929947085827589,0.5379976926474316,0.5089874241717465,0.6550628358385121,0.5317941908340572,0.701375051620697,0.6753921013982261,0.7515000000000001,0.8592592592592593,0.6720455205891345,0.03375277254788671,0.012466235240807668,0.09932227886980399,0.04029638602480054,0.00850356300478476,0.0033891920282312243,0.056047013896750285,1288.882,33151.0,/home/joaoabitante/speculative-decoding-unlearning/saves/unlearn/sud/results/original-unlearned/target-Llama-3.2-3B-Instruct/draft-Llama-3.2-3B-Instruct_PDU/forget01/a0.3_k1_s0
original-unlearned,Llama-3.2-3B-Instruct,Llama-3.2-3B-Instruct_PDU,forget01,0.4,1,0,True,0.0,0.0,0.0279571051418773,0.0,0.6817951561829537,0.6621599964929618,0.01430154804770646,0.9923934012651443,0.8834482002761082,0.11203497727401554,0.7026303924270906,0.5248018929591669,1.0,1.0,1.0,1.0,-99.99999997740113,0.9205606018006801,0.537596546408046,0.5196249716451147,0.6686852231044078,0.5455764512156398,0.7178165841287821,0.6466385285060382,0.7745000000000001,0.8606837606837606,0.5947096604410678,0.04065168634348083,0.015603142244896697,0.10287725325208158,0.04187336674076005,0.00993025450930266,0.004075241940147516,0.058787514861905955,1333.961,33151.0,/home/joaoabitante/speculative-decoding-unlearning/saves/unlearn/sud/results/original-unlearned/target-Llama-3.2-3B-Instruct/draft-Llama-3.2-3B-Instruct_PDU/forget01/a0.4_k1_s0
original-unlearned,Llama-3.2-3B-Instruct,Llama-3.2-3B-Instruct_PDU,forget01,0.5,1,0,True,0.0,0.0,0.06261734548422031,0.0,0.6056110408922327,0.652094834284814,0.01430154804770646,0.9825239107012749,0.726104593495203,0.1127627907320857,0.5653133601648733,0.5316601921261903,1.0,1.0,1.0,1.0,-99.99999997740113,0.906489301174879,0.537434288311632,0.5304229078813866,0.6803573902310979,0.5597449429059637,0.7326883015440168,0.6023547302887597,0.68,0.832905982905983,0.4466595420011788,0.04893852562934626,0.01959977842192856,0.10571259216172621,0.043116429404357406,0.011584144518013395,0.004922549471838089,0.060304260778939356,1453.69,33151.0,/home/joaoabitante/speculative-decoding-unlearning/saves/unlearn/sud/results/original-unlearned/target-Llama-3.2-3B-Instruct/draft-Llama-3.2-3B-Instruct_PDU/forget01/a0.5_k1_s0
original-unlearned,Llama-3.2-3B-Instruct,Llama-3.2-3B-Instruct_PDU,forget01,0.6,1,0,True,0.0,0.0,0.1358436608481707,0.0,0.48775606748548683,0.6567968666986291,0.02860307028023343,0.9589181706309319,0.5324247792655982,0.10808092220686376,0.3879172264249064,0.5422755756797393,0.9987499999999999,0.999375,1.0,1.0,-99.85875703957994,0.8852500978112221,0.5375141732477718,0.5412789746354002,0.6902825432230115,0.5741284761837322,0.7507558752274637,0.5498028409692425,0.7290000000000001,0.8678062678062678,0.3852975995176151,0.05886379798292182,0.024706964202684898,0.10750041661784053,0.04388286047665406,0.013485527170147784,0.005972620527431935,0.05920237440615892,1619.908,33151.0,/home/joaoabitante/speculative-decoding-unlearning/saves/unlearn/sud/results/original-unlearned/target-Llama-3.2-3B-Instruct/draft-Llama-3.2-3B-Instruct_PDU/forget01/a0.6_k1_s0
original-unlearned,Llama-3.2-3B-Instruct,Llama-3.2-3B-Instruct_PDU,forget01,0.7,1,0,True,0.0,0.0,0.24575650963813891,0.0,0.2734689152504076,0.6399280341726074,0.02860307028023343,0.9164038851857186,0.2986758702416787,0.09199609630741179,0.1738897647941485,0.559658682544189,0.975,0.99125,1.0,0.994375,-98.02259884790449,0.853034074306488,0.5378261877854961,0.5520404097957924,0.6984316310690045,0.5885094745223267,0.7680073840111172,0.4716193122121484,0.6961666666666667,0.8122507122507122,0.23401188877636536,0.07068446347722784,0.031245977463947937,0.10780000641243533,0.043987183383482266,0.01564475708946702,0.007276641337802742,0.052009374853223565,2504.573,33151.0,/home/joaoabitante/speculative-decoding-unlearning/saves/unlearn/sud/results/original-unlearned/target-Llama-3.2-3B-Instruct/draft-Llama-3.2-3B-Instruct_PDU/forget01/a0.7_k1_s0
original-unlearned,Llama-3.2-3B-Instruct,Llama-3.2-3B-Instruct_PDU,forget01,0.8,1,0,True,0.0,0.0,0.41950764437531707,0.0,0.14725278387423524,0.628388577558049,0.09707484379785862,0.8209295764565467,0.15088475016845043,0.06506297537125647,0.08339786831056699,0.5870939692084247,0.9075000000000001,0.939375,1.0,0.863125,-86.29943500874589,0.8045035106688738,0.5382706984226516,0.5624945966483041,0.7055548495154081,0.6026520545622664,0.78381934124592,0.4225102491345511,0.6453333333333333,0.8511396011396011,0.15766688000665877,0.08461124283261597,0.03961673707205132,0.10603743049781769,0.04320106522727292,0.018052043291196848,0.00889541725425722,0.03852529270574451,2932.652,33151.0,/home/joaoabitante/speculative-decoding-unlearning/saves/unlearn/sud/results/original-unlearned/target-Llama-3.2-3B-Instruct/draft-Llama-3.2-3B-Instruct_PDU/forget01/a0.8_k1_s0
original-unlearned,Llama-3.2-3B-Instruct,Llama-3.2-3B-Instruct_PDU,forget01,0.9,1,0,True,0.0,0.0,0.606669677291474,0.0,0.10820667598490598,0.5894130636494235,0.404587405685253,0.6511097624897957,0.08224382147027229,0.03896364937536419,0.05957152032060549,0.6261797514003895,0.6087499999999999,0.775625,1.0,0.5900000000000001,-49.29378529959463,0.7333660281449557,0.5383679476495028,0.5724155732874864,0.7138526790592712,0.6163252048472839,0.7969029011658971,0.3361821758977325,0.552,0.8084045584045584,0.15274012077509386,0.10072402857826092,0.050285134699882675,0.10153955929912627,0.04127583318020697,0.020664310544113204,0.010894541703506821,0.024673021715134382,4166.846,33151.0,/home/joaoabitante/speculative-decoding-unlearning/saves/unlearn/sud/results/original-unlearned/target-Llama-3.2-3B-Instruct/draft-Llama-3.2-3B-Instruct_PDU/forget01/a0.9_k1_s0
original-unlearned,Llama-3.2-3B-Instruct,Llama-3.2-3B-Instruct_PDU,forget01,0.95,1,0,True,0.016772672283745318,0.018939482257616293,0.6696662681706229,0.006443078500978769,0.045118650878710226,0.5880036832010384,0.5786001416508443,0.5742918834090233,0.0603137599151232,0.028749651391990483,0.023459366543829675,0.6534617201719269,0.39562500000000006,0.594375,0.999375,0.438125,-8.333333331450092,0.6874982026964426,0.5379958563022789,0.5771177537037471,0.7185257525381609,0.6229143323139636,0.802329228025697,0.33136639424056047,0.5703333333333334,0.8029914529914529,0.13343570771704616,0.10954411924118176,0.05662859710849798,0.09805454806890339,0.03981312411427643,0.022021271910562065,0.012054624214315843,0.01904992031864822,4278.261,33151.0,/home/joaoabitante/speculative-decoding-unlearning/saves/unlearn/sud/results/original-unlearned/target-Llama-3.2-3B-Instruct/draft-Llama-3.2-3B-Instruct_PDU/forget01/a0.95_k1_s0
original-unlearned,Llama-3.2-3B-Instruct,Llama-3.2-3B-Instruct_PDU,forget01,0.98,1,0,True,0.042015705847682314,0.05373610251130011,0.7107310096997257,0.018987107425068355,0.05771155665243797,0.5701028080797786,0.5786001416508443,0.5140256606042385,0.05649994610130939,0.023653219314292075,0.030394181120209397,0.672867430008578,0.26937500000000003,0.47625000000000006,0.998125,0.328125,18.361581916754428,0.6564179631322622,0.5375524226780921,0.5798474763033805,0.7209968060333338,0.6267715348249701,0.8064465790760843,0.29316311141953,0.5588333333333333,0.7965811965811966,0.10136920624381354,0.11504194903885946,0.06078631553871549,0.09552705535083078,0.038762200916997246,0.022842780258045727,0.012804409791267691,0.016180220707319677,4469.67,33151.0,/home/joaoabitante/speculative-decoding-unlearning/saves/unlearn/sud/results/original-unlearned/target-Llama-3.2-3B-Instruct/draft-Llama-3.2-3B-Instruct_PDU/forget01/a0.98_k1_s0
original-unlearned,Llama-3.2-3B-Instruct,Llama-3.2-3B-Instruct_PDU,forget01,0.99,1,0,True,0.08179263711173403,0.09912378036092714,0.7191687280199337,0.03686937907831439,0.12247629424258842,0.5708033567580321,0.7659314523482239,0.5013705268502235,0.05649994610130939,0.022120511380489916,0.06859757942147553,0.6784372452029055,0.23125,0.43437499999999996,0.99625,0.29437500000000005,27.82485875077405,0.6454617614671588,0.5373789587204114,0.5807416973026662,0.7217588492269309,0.6280397774968111,0.8077279092400635,0.3004810058109153,0.5453333333333333,0.7951566951566952,0.12390018140447072,0.11690400004736148,0.06223248164681917,0.09460921123041771,0.03838225556999896,0.02311693647750265,0.013063273317186647,0.015305728783132508,4455.484,33151.0,/home/joaoabitante/speculative-decoding-unlearning/saves/unlearn/sud/results/original-unlearned/target-Llama-3.2-3B-Instruct/draft-Llama-3.2-3B-Instruct_PDU/forget01/a0.99_k1_s0
original-unlearned,Llama-3.2-3B-Instruct,Llama-3.2-3B-Instruct_PDU,forget01,0.995,1,0,True,0.049754180230254165,0.11228673582963822,0.7237905344265944,0.04246339729674698,0.028276438867349887,0.559908757159217,0.7659314523482239,0.49384521320462227,0.05649994610130939,0.021384300163481383,0.014504470879910514,0.6807140516308261,0.213125,0.4106250000000001,0.995625,0.27749999999999997,33.192090387979185,0.6398730118945241,0.5372839689406055,0.5811857932873601,0.7221284784436033,0.6286703283286045,0.8083521528844205,0.29348040203474995,0.48816666666666664,0.793019943019943,0.12415738595464369,0.1178399921383243,0.06296693571979024,0.0941359961219132,0.0381866686873982,0.02325397010858675,0.013194374101750457,0.014883465676684865,4681.441,33151.0,/home/joaoabitante/speculative-decoding-unlearning/saves/unlearn/sud/results/original-unlearned/target-Llama-3.2-3B-Instruct/draft-Llama-3.2-3B-Instruct_PDU/forget01/a0.995_k1_s0
original-unlearned,Llama-3.2-3B-Instruct,Llama-3.2-3B-Instruct_PDU,forget05,0.1,1,0,True,0.0,0.0,0.0302378815212691,0.0,0.729592939440787,0.6474234155997917,2.9623487356936016e-13,0.9916780254244805,0.8880509315782074,0.1072867673356086,0.8356520136119798,0.48360667649504213,1.0,1.0,0.9997499999999999,0.999975,-99.99999998436645,0.9385974161326885,0.5337253135403859,0.4829600398993646,0.62588531975508,0.49771440636260983,0.6665741316145811,0.7391066625461403,0.7936666666666667,0.8535612535612537,0.7406943906125761,0.022061523309967013,0.00744023286948314,0.0922283621923998,0.037645590906518464,0.006161617793943605,0.0022629459823711342,0.046748445019591606,1669.082,35673.3,/home/joaoabitante/speculative-decoding-unlearning/saves/unlearn/sud/results/original-unlearned/target-Llama-3.2-3B-Instruct/draft-Llama-3.2-3B-Instruct_PDU/forget05/a0.1_k1_s0
original-unlearned,Llama-3.2-3B-Instruct,Llama-3.2-3B-Instruct_PDU,forget05,0.2,1,0,True,0.0,0.0,0.031747469777299885,0.0,0.6873599716128914,0.6494532478001793,5.951062636424447e-11,0.9912234801054001,0.8880509315782074,0.12332814850844442,0.7299659935291857,0.5048967690111827,1.0,1.0,0.9999,0.99995,-99.99999998436645,0.9326786789298057,0.5270062580519607,0.4875574077232685,0.6291553194955339,0.5021998155918991,0.6705861375784107,0.702687589790436,0.8253333333333334,0.8846153846153846,0.6509535019653084,0.025226936252729502,0.008541515936151408,0.09807305649854242,0.040885836979557666,0.007099281896487355,0.002558647706257503,0.0568973192772828,1755.316,35673.3,/home/joaoabitante/speculative-decoding-unlearning/saves/unlearn/sud/results/original-unlearned/target-Llama-3.2-3B-Instruct/draft-Llama-3.2-3B-Instruct_PDU/forget05/a0.2_k1_s0
original-unlearned,Llama-3.2-3B-Instruct,Llama-3.2-3B-Instruct_PDU,forget05,0.3,1,0,True,0.00028433467967319004,0.00028433902113636945,0.031760119314574425,9.507736920960146e-05,0.5846258466765307,0.6454122266038435,1.2127544312107394e-10,0.9912234801054001,0.8880509315782074,0.13638764052651822,0.5343038997019175,0.5226921127266947,0.99985,0.999975,0.9999,0.9999,-99.9960915969677,0.924777467250824,0.5204609737849095,0.4923850303356041,0.6338227402168406,0.5070570298465257,0.6752222884732854,0.6778459688385001,0.7913333333333332,0.8763532763532763,0.5372789276076003,0.02887178687553387,0.0098232168183846,0.10396029131487011,0.04423264067903745,0.00817272297338377,0.0028945402911774603,0.06604094479884952,2286.083,35673.3,/home/joaoabitante/speculative-decoding-unlearning/saves/unlearn/sud/results/original-unlearned/target-Llama-3.2-3B-Instruct/draft-Llama-3.2-3B-Instruct_PDU/forget05/a0.3_k1_s0
original-unlearned,Llama-3.2-3B-Instruct,Llama-3.2-3B-Instruct_PDU,forget05,0.4,1,0,True,0.003255453287281022,0.0032638523250984324,0.03155425926330488,0.0011287681066196687,0.25525480867051786,0.6467334652609336,1.2127544312107394e-10,0.9912804600596428,0.8895324130596888,0.13562519172206522,0.15900587506301236,0.5343346138372502,0.998825,0.999425,0.999625,0.998625,-99.91010707419524,0.9143058888614177,0.5140557282762555,0.4974650832081173,0.6383088953621717,0.5122731484614372,0.6788623502272306,0.6832793348734161,0.7848333333333332,0.8792022792022791,0.29504625241166776,0.03305793247418478,0.011317307552689403,0.109801877127029,0.047646375340503484,0.009393665461141912,0.003276141307195149,0.06821132092364132,3563.266,35673.3,/home/joaoabitante/speculative-decoding-unlearning/saves/unlearn/sud/results/original-unlearned/target-Llama-3.2-3B-Instruct/draft-Llama-3.2-3B-Instruct_PDU/forget05/a0.4_k1_s0
original-unlearned,Llama-3.2-3B-Instruct,Llama-3.2-3B-Instruct_PDU,forget05,0.5,1,0,True,0.03755610217209099,0.042315808722486095,0.034256021140570705,0.02490628614921312,0.0948943116201128,0.6439003088219689,1.4639479233432268e-07,0.9905144944787025,0.8809471696683283,0.10230113931000233,0.05122152196621755,0.5463899079390905,0.975875,0.9902500000000001,0.986425,0.976875,-98.47572889885474,0.9004288475215435,0.5078632649782396,0.5028369113476339,0.6437343046555403,0.5178186394209515,0.6849391951306529,0.6323136660357488,0.833,0.8457264957264956,0.09876699969942593,0.03784449472092092,0.01306018705062708,0.11547170422039926,0.0510710281464169,0.010767941885048156,0.003709399092677656,0.05377123836055398,3848.931,35673.3,/home/joaoabitante/speculative-decoding-unlearning/saves/unlearn/sud/results/original-unlearned/target-Llama-3.2-3B-Instruct/draft-Llama-3.2-3B-Instruct_PDU/forget05/a0.5_k1_s0
original-unlearned,Llama-3.2-3B-Instruct,Llama-3.2-3B-Instruct_PDU,forget05,0.6,1,0,True,0.06431399288528448,0.09137389532525127,0.040544319737426324,0.1516589836371568,0.06498553650123794,0.635313438289123,2.9607827368482373e-05,0.9886777260899544,0.8670309228341483,0.043013946714345365,0.034244168030127184,0.5648134904834151,0.650925,0.8895249999999999,0.9701749999999999,0.523475,-82.728836069299,0.8819317421317101,0.5017434697868645,0.5085345221412845,0.6505530832001506,0.523648012692409,0.6929445136670352,0.5839373583683496,0.777,0.8450142450142449,0.05154768506636232,0.04327248280285858,0.015091393317110737,0.12078615398146213,0.054428820260674915,0.012290677289705247,0.004200310910769378,0.025855172210372986,3853.384,35673.3,/home/joaoabitante/speculative-decoding-unlearning/saves/unlearn/sud/results/original-unlearned/target-Llama-3.2-3B-Instruct/draft-Llama-3.2-3B-Instruct_PDU/forget05/a0.6_k1_s0
original-unlearned,Llama-3.2-3B-Instruct,Llama-3.2-3B-Instruct_PDU,forget05,0.7,1,0,True,0.059845963267956166,0.09106715004472939,0.052634446616027335,0.08091890821751571,0.05327174141792621,0.6306330421649754,0.008539483949831865,0.985076447725296,0.8424689580934224,0.008726001523900778,0.027810494766745252,0.6131484386454181,0.10305,0.480425,0.9875,0.08410000000000001,-18.771984676186673,0.8572034507989883,0.4956404840222882,0.5145293088457704,0.6613570641477984,0.5296936160834363,0.699726220713844,0.5508707236469386,0.7445,0.8649572649572649,0.041073137895506984,0.049321392835117876,0.017450960402082927,0.12550750005757436,0.05761363148864348,0.013939604781638382,0.004754377934781741,0.008336753623152617,3907.782,35673.3,/home/joaoabitante/speculative-decoding-unlearning/saves/unlearn/sud/results/original-unlearned/target-Llama-3.2-3B-Instruct/draft-Llama-3.2-3B-Instruct_PDU/forget05/a0.7_k1_s0
original-unlearned,Llama-3.2-3B-Instruct,Llama-3.2-3B-Instruct_PDU,forget05,0.8,1,0,True,0.0448764471804681,0.06855986523641126,0.08415942821709786,0.03302101547014822,0.04051165049779208,0.628367951960768,0.0014264303851701861,0.9755958533287048,0.7568900953004283,0.0013929005307727494,0.02093053380755009,0.6956829121684833,0.07875000000000001,0.12485000000000002,0.9952249999999999,0.050675000000000005,36.817009296206194,0.8243879696726799,0.48982487532328617,0.5206167207039932,0.6717181738816239,0.5358547934459205,0.7052328917399913,0.5107355542830657,0.8006666666666666,0.8564102564102564,0.03799795128347252,0.05579665503348224,0.020174353430464288,0.12932921193074434,0.0604795538137405,0.015660912301191276,0.005375791511040045,0.003762920884386404,3985.01,35673.3,/home/joaoabitante/speculative-decoding-unlearning/saves/unlearn/sud/results/original-unlearned/target-Llama-3.2-3B-Instruct/draft-Llama-3.2-3B-Instruct_PDU/forget05/a0.8_k1_s0
original-unlearned,Llama-3.2-3B-Instruct,Llama-3.2-3B-Instruct_PDU,forget05,0.9,1,0,True,0.052660849616452426,0.07904818561012827,0.2295836667230221,0.031297204691657816,0.04840066856333372,0.6082394445429194,1.108718722900174e-14,0.9256705275177955,0.42185658214421295,0.0002674000845217961,0.025203103050153004,0.8069158884736274,0.030024999999999996,0.08592499999999999,0.995075,0.042125,42.90236847605683,0.7812895970791578,0.4839568476122077,0.5265267781635666,0.6814708073627901,0.5419628273581079,0.7118093418198611,0.4717061314868582,0.6659999999999999,0.8247863247863247,0.036124709999462656,0.06232500419719145,0.023285961332064297,0.13182586662005633,0.0628246692899147,0.017342776286277516,0.006066122350365451,0.0025440951571872573,4003.08,35673.3,/home/joaoabitante/speculative-decoding-unlearning/saves/unlearn/sud/results/original-unlearned/target-Llama-3.2-3B-Instruct/draft-Llama-3.2-3B-Instruct_PDU/forget05/a0.9_k1_s0
original-unlearned,Llama-3.2-3B-Instruct,Llama-3.2-3B-Instruct_PDU,forget05,0.95,1,0,True,0.06329458566713472,0.10948677190671867,0.5505648866576538,0.04179200938601045,0.046182798702838514,0.6037790830834124,3.19055175074921e-29,0.7495074191689491,0.11246979402681631,0.00012806994422135176,0.024009642908058595,0.8723865501962946,0.012900000000000005,0.061200000000000004,0.990525,0.0399,46.76776361341861,0.7551197408884763,0.48093211069621644,0.5294125264756224,0.6858734475797315,0.5449139374727848,0.7150228021767385,0.44598221639751984,0.6503333333333333,0.8756410256410256,0.0295535044934491,0.06548154090414755,0.024989726644508842,0.13241342863067984,0.06372174800529865,0.01811205951955344,0.006436282413094017,0.0021871480244517443,3967.092,35673.3,/home/joaoabitante/speculative-decoding-unlearning/saves/unlearn/sud/results/original-unlearned/target-Llama-3.2-3B-Instruct/draft-Llama-3.2-3B-Instruct_PDU/forget05/a0.95_k1_s0
original-unlearned,Llama-3.2-3B-Instruct,Llama-3.2-3B-Instruct_PDU,forget05,0.98,1,0,True,0.06830988316443581,0.11877603441711991,0.8903141234841931,0.044505663681775366,0.0491998605281812,0.6004667965221931,7.776686295567051e-41,0.263583094663918,0.035528480794648855,8.440466074716824e-05,0.02565079219843028,0.9107897988209764,0.006275000000000003,0.031000000000000003,0.9600000000000001,0.038849999999999996,51.48909559110619,0.7377511685341597,0.4790659746709306,0.5311230377637215,0.6886590801554618,0.5466310333005376,0.716645745129868,0.42847644690768755,0.6661666666666666,0.868945868945869,0.028890159085152103,0.0672958462627139,0.02605859872244018,0.13251195701770485,0.06415093045058712,0.018533261928641877,0.0066658092619605565,0.002002272332303619,4016.268,35673.3,/home/joaoabitante/speculative-decoding-unlearning/saves/unlearn/sud/results/original-unlearned/target-Llama-3.2-3B-Instruct/draft-Llama-3.2-3B-Instruct_PDU/forget05/a0.98_k1_s0
original-unlearned,Llama-3.2-3B-Instruct,Llama-3.2-3B-Instruct_PDU,forget05,0.99,1,0,True,0.05377071394458426,0.10964307077939615,0.9517981188882535,0.040593723892527016,0.03321436002899703,0.596474611694805,1.3043607772628193e-43,0.07472351901233196,0.03265219234440614,7.372698335530004e-05,0.017082803256926127,0.9191296876566187,0.005650000000000004,0.019775000000000004,0.939225,0.038525000000000004,53.24396153314406,0.7316682065278292,0.4784334708244453,0.5316886338314395,0.6895384869336648,0.5471933131818162,0.7171336226694548,0.4412605400316441,0.6123333333333334,0.8478632478632478,0.03230694674477629,0.06788204157375731,0.026422520925695848,0.13249861274845898,0.0642739533737731,0.018665266717374226,0.006743474049091591,0.0019441899704270326,4036.587,35673.3,/home/joaoabitante/speculative-decoding-unlearning/saves/unlearn/sud/results/original-unlearned/target-Llama-3.2-3B-Instruct/draft-Llama-3.2-3B-Instruct_PDU/forget05/a0.99_k1_s0
original-unlearned,Llama-3.2-3B-Instruct,Llama-3.2-3B-Instruct_PDU,forget05,0.995,1,0,True,0.05989200243608939,0.10191479825526444,0.9616081039340881,0.03742997502945151,0.044775423951588095,0.595283031386033,8.931938671053316e-46,0.03927477571181953,0.03265219234440614,6.895111760968575e-05,0.023262583231553436,0.921663167738989,0.005500000000000005,0.013825000000000002,0.9283999999999999,0.03845,54.17415773404608,0.728570221066475,0.4781150458374884,0.531970505770951,0.6899685967189694,0.547472536570228,0.7173672523458833,0.421433890992818,0.6466666666666666,0.8433048433048432,0.027906768927157103,0.06817104102345184,0.02660589686759825,0.13248288634698838,0.06433151824137713,0.01872951836575036,0.006782518052607901,0.001915739318407759,4123.065,35673.3,/home/joaoabitante/speculative-decoding-unlearning/saves/unlearn/sud/results/original-unlearned/target-Llama-3.2-3B-Instruct/draft-Llama-3.2-3B-Instruct_PDU/forget05/a0.995_k1_s0
original-unlearned,Llama-3.2-3B-Instruct,Llama-3.2-3B-Instruct_PDU,forget10,0.1,1,0,True,0.006568216835562524,0.00656570235629942,0.03306845928321787,0.002352214266460502,0.7281544652787668,0.6458882459993752,4.346199600129006e-25,0.9908050735294819,0.8896199077141123,0.10956470739096404,0.8344358241860754,0.49433840314880567,0.99770625,0.99779375,0.9989687500000001,0.998975,-99.63591355170776,0.9404971806704998,0.5359766733179981,0.48255751722994594,0.6262552041312557,0.4964384632815439,0.6655399267219297,0.7340501171757643,0.777,0.8547008547008547,0.735173806006205,0.02167051916301716,0.007320705854686222,0.09064283105311916,0.03672978585081603,0.00603360800844295,0.002237382407849109,0.048120417259764514,1972.161,40756.5,/home/joaoabitante/speculative-decoding-unlearning/saves/unlearn/sud/results/original-unlearned/target-Llama-3.2-3B-Instruct/draft-Llama-3.2-3B-Instruct_PDU/forget10/a0.1_k1_s0
original-unlearned,Llama-3.2-3B-Instruct,Llama-3.2-3B-Instruct_PDU,forget10,0.2,1,0,True,0.005789965449823,0.005788788694612528,0.033463788948204454,0.002054174871477864,0.6938239397386857,0.6465729887467546,1.876936326891253e-22,0.9906914372742176,0.8891653622595667,0.125526524935849,0.7485254839976551,0.51593600597413,0.9970687500000001,0.99716875,0.9995375,0.99840625,-99.5327729194727,0.9369535410404205,0.5315139833755292,0.48691875393961,0.630100755976092,0.49961294344042284,0.6686834383648812,0.7181608098381439,0.7559999999999999,0.8945868945868947,0.6523916107687775,0.024337667476793286,0.008278508218241908,0.09475504220928997,0.0389293694541451,0.00680346477019081,0.002502495027919986,0.05853598441233044,2074.27,40756.5,/home/joaoabitante/speculative-decoding-unlearning/saves/unlearn/sud/results/original-unlearned/target-Llama-3.2-3B-Instruct/draft-Llama-3.2-3B-Instruct_PDU/forget10/a0.2_k1_s0
original-unlearned,Llama-3.2-3B-Instruct,Llama-3.2-3B-Instruct_PDU,forget10,0.3,1,0,True,0.002642949116909748,0.002643578264741506,0.03436473658254856,0.000905650409895727,0.5502922280062866,0.6463815984018627,1.3990395281788573e-20,0.9904449738562107,0.8851733198192484,0.13799371615983547,0.47907431384548543,0.5340263578579577,0.9959937500000001,0.9962375000000001,0.9998687500000001,0.9971875,-99.37909337744249,0.9321031683683395,0.5274500952026514,0.49171671622864777,0.6346617305874882,0.5031391168865565,0.672484092036729,0.6989135954895693,0.7888333333333333,0.8528490028490028,0.4926208077973511,0.027348323972255457,0.009386699762516455,0.09877599587314762,0.041111267848522745,0.007657857729226787,0.0028015254069138616,0.06760412145260489,3637.504,40756.5,/home/joaoabitante/speculative-decoding-unlearning/saves/unlearn/sud/results/original-unlearned/target-Llama-3.2-3B-Instruct/draft-Llama-3.2-3B-Instruct_PDU/forget10/a0.3_k1_s0
original-unlearned,Llama-3.2-3B-Instruct,Llama-3.2-3B-Instruct_PDU,forget10,0.4,1,0,True,0.0008576067388121941,0.0008582537756849569,0.03515995121355918,0.00028855969628745713,0.23935115186666225,0.6490380048200987,4.353260441808186e-19,0.9902257688343525,0.8818895165174613,0.13519868944771588,0.14673122380976567,0.5455598542424934,0.9943124999999999,0.994875,0.9999625000000001,0.9945624999999999,-99.15424679917004,0.9256150002777577,0.523660617892639,0.49701063762590114,0.640421905634737,0.5070165163853685,0.6751240535921269,0.6947042300460875,0.7853333333333333,0.8796296296296295,0.27829141597339346,0.030724715996184385,0.010669417266935618,0.10262826131656766,0.04323629571866468,0.008593202592710441,0.0031383806036371356,0.06868011258656043,5486.873,40756.5,/home/joaoabitante/speculative-decoding-unlearning/saves/unlearn/sud/results/original-unlearned/target-Llama-3.2-3B-Instruct/draft-Llama-3.2-3B-Instruct_PDU/forget10/a0.4_k1_s0
original-unlearned,Llama-3.2-3B-Instruct,Llama-3.2-3B-Instruct_PDU,forget10,0.5,1,0,True,0.03431096119836259,0.04800573009169974,0.036298345533433495,0.02993430407259772,0.03776483367750269,0.6507934585337485,3.1508505165833036e-15,0.9899003225564956,0.8791974494503941,0.098101175413467,0.01944665079281549,0.5561567658130488,0.97431875,0.98658125,0.9878062500000001,0.9705999999999999,-97.78557060941087,0.9169687582552433,0.5201681388866751,0.5028729960022873,0.64790315309764,0.5112368154306706,0.6801631563234547,0.6790861071556421,0.815,0.8632478632478633,0.09110592688136876,0.03446881158160977,0.01215305533043694,0.10617704240838066,0.04524253601124019,0.009594621623499127,0.0035169598123561048,0.05176086933599436,6629.673,40756.5,/home/joaoabitante/speculative-decoding-unlearning/saves/unlearn/sud/results/original-unlearned/target-Llama-3.2-3B-Instruct/draft-Llama-3.2-3B-Instruct_PDU/forget10/a0.5_k1_s0
original-unlearned,Llama-3.2-3B-Instruct,Llama-3.2-3B-Instruct_PDU,forget10,0.6,1,0,True,0.041020062875161974,0.08336898389549979,0.03774875096393475,0.1260632640110714,0.025832132963223488,0.6405584612176963,6.027592497096867e-11,0.9894910123944283,0.8756734549754764,0.03824354447191581,0.013181862378696679,0.5800372040058406,0.70011875,0.9211437500000001,0.9753187500000001,0.54245,-86.98674641440064,0.9053190805017948,0.516939623029283,0.50937521397165,0.6571448848862328,0.5157999617479139,0.6845361702807715,0.643022481389027,0.7113333333333333,0.8578347578347578,0.04128573704760664,0.0385397082392592,0.013864649272596953,0.10919071370968596,0.04703418021409447,0.010630076904059628,0.0039405577000710115,0.02247364848542202,6006.714,40756.5,/home/joaoabitante/speculative-decoding-unlearning/saves/unlearn/sud/results/original-unlearned/target-Llama-3.2-3B-Instruct/draft-Llama-3.2-3B-Instruct_PDU/forget10/a0.6_k1_s0
original-unlearned,Llama-3.2-3B-Instruct,Llama-3.2-3B-Instruct_PDU,forget10,0.7,1,0,True,0.040409802948416985,0.070366773821259,0.04354195523923487,0.055250515978397016,0.03014438106012026,0.6377451531885538,3.913229651378406e-08,0.9878329586982727,0.8587093208599859,0.007127435702714137,0.015437022377591347,0.6283840435267167,0.056587499999999985,0.6037937500000001,0.9913375,0.057999999999999975,-34.61605899072915,0.8895709940046072,0.5139987480156774,0.5165346917926144,0.6675208324111047,0.5207401014855503,0.6889691869029255,0.6197048956749066,0.6936666666666667,0.8464387464387464,0.027953033427602643,0.042800274080364034,0.015827852393337328,0.11147631800035014,0.04851631177671334,0.011642814567142827,0.004410720517100108,0.005691621215082705,6771.736,40756.5,/home/joaoabitante/speculative-decoding-unlearning/saves/unlearn/sud/results/original-unlearned/target-Llama-3.2-3B-Instruct/draft-Llama-3.2-3B-Instruct_PDU/forget10/a0.7_k1_s0
original-unlearned,Llama-3.2-3B-Instruct,Llama-3.2-3B-Instruct_PDU,forget10,0.8,1,0,True,0.015928733891686305,0.019611956253551114,0.06716320616869671,0.007326706700763139,0.027054219203362127,0.6282049467259647,3.081974946564706e-07,0.9808727337419987,0.7946263288406331,0.0009718718579097185,0.013824798379646381,0.7118017064905309,0.043574999999999996,0.11856875,0.99903125,0.029631249999999998,45.45820225127812,0.8684851455688477,0.5113460398869423,0.5242037659132228,0.6774992235266616,0.5261332141444951,0.6932009094879512,0.57733039816973,0.6383333333333333,0.8376068376068376,0.025310421812403738,0.04691160086425952,0.018055466908453336,0.11303493927698582,0.049653138715093054,0.012539568772602554,0.0049254821580073434,0.0015100212722900324,6811.812,40756.5,/home/joaoabitante/speculative-decoding-unlearning/saves/unlearn/sud/results/original-unlearned/target-Llama-3.2-3B-Instruct/draft-Llama-3.2-3B-Instruct_PDU/forget10/a0.8_k1_s0
original-unlearned,Llama-3.2-3B-Instruct,Llama-3.2-3B-Instruct_PDU,forget10,0.9,1,0,True,0.023255530458882415,0.032382020972589694,0.18891939480320538,0.011664596257000302,0.02633047203680998,0.6168121459279775,2.0132797133922014e-23,0.9412635423243045,0.4796795300595923,0.00012979874249140265,0.013452363205797156,0.8157752884395709,0.0379,0.04706875,0.998375,0.025356250000000004,57.25749057896841,0.8411718585854396,0.5089792781191825,0.5320745584475133,0.68651515061572,0.532070647238495,0.6965788530184464,0.5309176905915087,0.5796666666666667,0.8490028490028491,0.023397850484965278,0.050359299615956844,0.02053573752047482,0.11379646522225811,0.05040579533480831,0.013181020795758131,0.005476540249582644,0.0006222264208627167,6988.718,40756.5,/home/joaoabitante/speculative-decoding-unlearning/saves/unlearn/sud/results/original-unlearned/target-Llama-3.2-3B-Instruct/draft-Llama-3.2-3B-Instruct_PDU/forget10/a0.9_k1_s0
original-unlearned,Llama-3.2-3B-Instruct,Llama-3.2-3B-Instruct_PDU,forget10,0.95,1,0,True,0.03557479869506943,0.06335127415224685,0.4728727023588688,0.022937842816291503,0.025894293666028256,0.6082008095874202,9.679925598696468e-48,0.8055423398315906,0.15128615408011503,4.782844164310518e-05,0.013228755534655648,0.8786363562566919,0.026299999999999997,0.03948125,0.9962875000000001,0.024243749999999998,58.509617854301965,0.8248930454882794,0.507924158800097,0.5360543083832958,0.6910124013320695,0.5352582518012365,0.697920606678642,0.5182816496957375,0.5508333333333333,0.7948717948717948,0.02090474430715776,0.051684918499086054,0.021855850366646182,0.11377781953429804,0.050599867889393406,0.013351707959221432,0.005760462183678444,0.00045834073141031703,6915.411,40756.5,/home/joaoabitante/speculative-decoding-unlearning/saves/unlearn/sud/results/original-unlearned/target-Llama-3.2-3B-Instruct/draft-Llama-3.2-3B-Instruct_PDU/forget10/a0.95_k1_s0
original-unlearned,Llama-3.2-3B-Instruct,Llama-3.2-3B-Instruct_PDU,forget10,0.98,1,0,True,0.0470812679222892,0.10549958082054982,0.8246437824630725,0.039141388158936,0.027057330876657945,0.5969853152290832,2.4187976672304276e-70,0.4183074202761054,0.041775553038512714,2.6363590613982524e-05,0.013842355904635041,0.9192571365169323,0.009568749999999999,0.025412499999999998,0.9842125,0.02364375,60.831313485913064,0.8141601420869119,0.5073104139307848,0.5384540287044852,0.6935373101764499,0.5372370171579063,0.6995638029811532,0.5057092305663891,0.4811666666666666,0.8125356125356125,0.0222768792827573,0.05230725312139839,0.022667133446850486,0.11360576838022098,0.050645761071825744,0.013393025994343286,0.005931653142667375,0.0003908497879633614,6299.387,40756.5,/home/joaoabitante/speculative-decoding-unlearning/saves/unlearn/sud/results/original-unlearned/target-Llama-3.2-3B-Instruct/draft-Llama-3.2-3B-Instruct_PDU/forget10/a0.98_k1_s0
original-unlearned,Llama-3.2-3B-Instruct,Llama-3.2-3B-Instruct_PDU,forget10,0.99,1,0,True,0.03928746153728807,0.08071061597777546,0.9381915002683031,0.029055533417647744,0.024463331084602163,0.5927334969815033,1.061066706383898e-76,0.13576347860042007,0.03270494251993808,2.1629344694247265e-05,0.012489397101162467,0.9323149684061248,0.004993750000000001,0.014725,0.97224375,0.023418750000000002,62.5950182971325,0.8104087714850903,0.5071084427611836,0.5392541664751286,0.6943632509180837,0.5379065783693435,0.70010654928823,0.48211677361454575,0.4701666666666667,0.8368945868945868,0.0225637519465951,0.05248069832334295,0.02294002186799766,0.1135186873038765,0.05064825835380635,0.013395639500182976,0.005988662261411763,0.000371572571615161,6277.31,40756.5,/home/joaoabitante/speculative-decoding-unlearning/saves/unlearn/sud/results/original-unlearned/target-Llama-3.2-3B-Instruct/draft-Llama-3.2-3B-Instruct_PDU/forget10/a0.99_k1_s0
original-unlearned,Llama-3.2-3B-Instruct,Llama-3.2-3B-Instruct_PDU,forget10,0.995,1,0,True,0.0353921087877855,0.06493516062212619,0.9647091082366517,0.02298147747992856,0.024866483846829737,0.6060434476018071,1.117156757706692e-78,0.044357937655877325,0.03250892997513522,1.959362792376851e-05,0.012693657770796563,0.9378313143615057,0.003731250000000001,0.009787500000000001,0.96441875,0.02331875,63.409829291789436,0.8084993674233556,0.5070074207130726,0.5396539218342267,0.6947626009573017,0.5382432141583728,0.7003737628500281,0.486438815067567,0.5526666666666666,0.8347578347578347,0.022816448039659095,0.05256053787888959,0.023076873769412518,0.11346930307918228,0.05064701307984388,0.013394759884819602,0.006017137231739047,0.0003624221185036731,6346.391,40756.5,/home/joaoabitante/speculative-decoding-unlearning/saves/unlearn/sud/results/original-unlearned/target-Llama-3.2-3B-Instruct/draft-Llama-3.2-3B-Instruct_PDU/forget10/a0.995_k1_s0
original-unlearned,Llama-3.2-3B-Instruct,Llama-3.2-3B-Instruct_RMU,forget01,0.1,1,0,True,0.0,0.0,0.012239467306145075,0.0,0.7397528674389726,0.6504151731521363,0.02860307028023343,0.9967869073152542,0.9201856657297066,0.09624406755901874,0.8575401927344501,0.5129757056183695,1.0,1.0,1.0,1.0,-99.99999997740113,0.9405799272656441,0.5364274358097734,0.481900602384452,0.626564799877494,0.49695772996006055,0.6678472408194978,0.7427594974475298,0.812,0.8685185185185185,0.7593726983289086,0.01984456936857896,0.006820391322033866,0.08730630969745107,0.03521100845417931,0.005394475864776495,0.002067964225372377,0.04914672584272921,0.017,12852.0,/home/joaoabitante/speculative-decoding-unlearning/saves/unlearn/sud/results/original-unlearned/target-Llama-3.2-3B-Instruct/draft-Llama-3.2-3B-Instruct_RMU/forget01/a0.1_k1_s0
original-unlearned,Llama-3.2-3B-Instruct,Llama-3.2-3B-Instruct_RMU,forget01,0.2,1,0,True,0.0,0.0,0.027540733848214077,0.0,0.7314779449625219,0.649570262447843,0.02860307028023343,0.9924949422478676,0.8884943980477267,0.09985458119772375,0.8370224451646209,0.5216911017406979,1.0,1.0,1.0,1.0,-99.99999997740113,0.9369504810869693,0.5327225739831989,0.48546627827406463,0.6305720302475379,0.5003905142227306,0.6719815680640991,0.7202136638647029,0.7879999999999999,0.8920227920227921,0.7098535497175755,0.020419794308254496,0.007179073342874686,0.08775336085120217,0.03569266321399962,0.005436638130812905,0.0021358003019933372,0.052777252355590464,0.01,12852.0,/home/joaoabitante/speculative-decoding-unlearning/saves/unlearn/sud/results/original-unlearned/target-Llama-3.2-3B-Instruct/draft-Llama-3.2-3B-Instruct_RMU/forget01/a0.2_k1_s0
original-unlearned,Llama-3.2-3B-Instruct,Llama-3.2-3B-Instruct_RMU,forget01,0.3,1,0,True,0.0,0.0,0.06424285844116734,0.0,0.7417665615638721,0.6497950067189795,0.054141077480362725,0.981783889234066,0.7712920941846875,0.10151626355946064,0.8640658728778362,0.5313794440304006,1.0,1.0,0.999375,1.0,-99.99999997740113,0.9317458865046501,0.5295369491906159,0.48919233026499526,0.634595698194266,0.5038854211137829,0.6754248529089196,0.7108248464849565,0.8103333333333333,0.8599715099715101,0.7237753677301295,0.021056120927241864,0.007571568274384752,0.08782053721952252,0.035976579968188815,0.00547453239458567,0.0022061045532460735,0.055447239478817203,0.017,12852.0,/home/joaoabitante/speculative-decoding-unlearning/saves/unlearn/sud/results/original-unlearned/target-Llama-3.2-3B-Instruct/draft-Llama-3.2-3B-Instruct_RMU/forget01/a0.3_k1_s0
original-unlearned,Llama-3.2-3B-Instruct,Llama-3.2-3B-Instruct_RMU,forget01,0.4,1,0,True,0.0,0.0,0.12062178048105579,0.0,0.7426190992786441,0.6496022772474719,0.054141077480362725,0.9641083389520645,0.5735125336052911,0.10108584808185697,0.8667259510606528,0.5426837601494267,1.0,1.0,0.9981249999999999,1.0,-99.99999997740113,0.9244473385810852,0.526778059055004,0.4929952351369921,0.639363751322403,0.5074188184532724,0.6782749636458636,0.6878589598120197,0.7753333333333333,0.9145299145299145,0.6276101988843428,0.02177045783639187,0.008001594404409207,0.0874998199462425,0.03605871941157725,0.005509371208750053,0.0022787885807651026,0.05711053515435196,0.017,12852.0,/home/joaoabitante/speculative-decoding-unlearning/saves/unlearn/sud/results/original-unlearned/target-Llama-3.2-3B-Instruct/draft-Llama-3.2-3B-Instruct_RMU/forget01/a0.4_k1_s0
original-unlearned,Llama-3.2-3B-Instruct,Llama-3.2-3B-Instruct_RMU,forget01,0.5,1,0,True,0.0,0.0,0.23236821617664105,0.0,0.7324288381640146,0.6464445857037453,0.16497269950224194,0.9221531271934509,0.31609229416212636,0.09832184216938913,0.8447960163466632,0.5564525940827804,0.998125,0.998125,0.993125,1.0,-99.57627116393756,0.914393805116415,0.5243556335276803,0.49680077519679594,0.6444741748249656,0.5109653200526413,0.6806739716310101,0.6621367837895497,0.807,0.8464387464387464,0.47802965105987666,0.02258180377917597,0.008473280256117878,0.0867841399507597,0.03593751519092518,0.005542001754191309,0.0023535648570961382,0.057650721211684866,0.021,12852.0,/home/joaoabitante/speculative-decoding-unlearning/saves/unlearn/sud/results/original-unlearned/target-Llama-3.2-3B-Instruct/draft-Llama-3.2-3B-Instruct_RMU/forget01/a0.5_k1_s0
original-unlearned,Llama-3.2-3B-Instruct,Llama-3.2-3B-Instruct_RMU,forget01,0.6,1,0,True,0.04298977152787175,0.04290205996341624,0.3264454108037879,0.015309624901458969,0.7130859692174958,0.6472382281307618,0.2656871402817289,0.8772637486457825,0.20087650875555146,0.09275915399193764,0.7938494170550257,0.5707661724043855,0.986875,0.9893750000000001,0.98,0.9974999999999999,-97.59887003444095,0.9008848769962787,0.5221952958373212,0.5005485340036953,0.6491773696397187,0.5145022881234418,0.6837613943369093,0.6479714740560054,0.8270000000000001,0.8450142450142449,0.4316999728098542,0.02350985886732815,0.00899152379063,0.08565903878770768,0.0356132486239122,0.0055734272945134455,0.0024299091638849083,0.05672420825925656,0.017,12852.0,/home/joaoabitante/speculative-decoding-unlearning/saves/unlearn/sud/results/original-unlearned/target-Llama-3.2-3B-Instruct/draft-Llama-3.2-3B-Instruct_RMU/forget01/a0.6_k1_s0
original-unlearned,Llama-3.2-3B-Instruct,Llama-3.2-3B-Instruct_RMU,forget01,0.7,1,0,True,0.1668164423947731,0.16524011225966717,0.41694053643005496,0.07042306360897045,0.7217497701040031,0.6422273567055455,0.404587405685253,0.8230005726218224,0.12858885378861,0.08360223434865474,0.823748667165637,0.5864534196369335,0.958125,0.964375,0.945625,0.984375,-91.9491525215934,0.8832763266563416,0.5202417913411437,0.5041974847398601,0.6537860491196963,0.5180141990942853,0.6864802632938097,0.6014919903862884,0.8023333333333332,0.8692307692307691,0.3982377198979866,0.024570938962860965,0.00956201914713207,0.08410763088846579,0.03508769108111247,0.005604622716764426,0.00250697802847379,0.053649584102677186,0.02,12852.0,/home/joaoabitante/speculative-decoding-unlearning/saves/unlearn/sud/results/original-unlearned/target-Llama-3.2-3B-Instruct/draft-Llama-3.2-3B-Instruct_RMU/forget01/a0.7_k1_s0
original-unlearned,Llama-3.2-3B-Instruct,Llama-3.2-3B-Instruct_RMU,forget01,0.8,1,0,True,0.3577234195617326,0.35123731264550206,0.5006585504324719,0.2011205865549861,0.7057877057626768,0.6362443899784327,0.5786001416508443,0.7607948526740074,0.07223248116273914,0.07098221417982131,0.7923991831950843,0.6043380157823657,0.9137500000000001,0.924375,0.87625,0.9275,-82.90960450103736,0.860984888523817,0.518530765339128,0.5077231335888179,0.658516134234738,0.5214914848826477,0.6888238147086254,0.5830319367129734,0.7743333333333333,0.8393162393162393,0.3578511788417334,0.02576998254546197,0.010190772292008838,0.08214095153147355,0.034365060819933575,0.005636296219314924,0.0025836768660804374,0.04825023855897598,0.021,12852.0,/home/joaoabitante/speculative-decoding-unlearning/saves/unlearn/sud/results/original-unlearned/target-Llama-3.2-3B-Instruct/draft-Llama-3.2-3B-Instruct_RMU/forget01/a0.8_k1_s0
original-unlearned,Llama-3.2-3B-Instruct,Llama-3.2-3B-Instruct_RMU,forget01,0.9,1,0,True,0.5535431108877916,0.5345660604993243,0.5581324911359077,0.4457552073836817,0.7222516212668233,0.6341332993619699,0.7659314523482239,0.7088078677654266,0.061324579908735466,0.05717153975274414,0.8388117954134942,0.6224211957228458,0.8231250000000001,0.8306250000000001,0.7712499999999999,0.8062499999999999,-61.72316382785918,0.8338271297514439,0.5173935778672321,0.5111050383452244,0.6628563224690126,0.5249245398974265,0.691003659893587,0.5643775002606354,0.7776666666666666,0.8435897435897436,0.34562201298401674,0.027087455407890957,0.010883337651699144,0.07979137828573585,0.03345215551366516,0.005669206608235983,0.002658995177706941,0.041573841148056095,0.012,12852.0,/home/joaoabitante/speculative-decoding-unlearning/saves/unlearn/sud/results/original-unlearned/target-Llama-3.2-3B-Instruct/draft-Llama-3.2-3B-Instruct_RMU/forget01/a0.9_k1_s0
original-unlearned,Llama-3.2-3B-Instruct,Llama-3.2-3B-Instruct_RMU,forget01,0.95,1,0,True,0.6292180566326849,0.6092363343734853,0.5860993022220276,0.6158721709413605,0.695452171007117,0.627239101800205,0.9188052214121167,0.6808825492858886,0.058497198956354524,0.050521690282039344,0.7803121315548196,0.6345991467524696,0.754375,0.76875,0.691875,0.7243749999999999,-47.740112983561566,0.8184807865321636,0.5169327311036125,0.512734513280822,0.6651098385082643,0.5266202500918102,0.6924128341844732,0.5414422976998171,0.727,0.8525641025641025,0.3266950573813715,0.027773509980470408,0.011254877017468334,0.07848447881056927,0.03292824223542454,0.005686377565604439,0.0026959498404291,0.03810396178392693,0.013,12852.0,/home/joaoabitante/speculative-decoding-unlearning/saves/unlearn/sud/results/original-unlearned/target-Llama-3.2-3B-Instruct/draft-Llama-3.2-3B-Instruct_RMU/forget01/a0.95_k1_s0
original-unlearned,Llama-3.2-3B-Instruct,Llama-3.2-3B-Instruct_RMU,forget01,0.98,1,0,True,0.6647078843459767,0.6536715402417856,0.6021553775883576,0.7419215339295313,0.6645806029700382,0.6325476491186783,0.9188052214121167,0.6643497593700886,0.056564831806596064,0.046698749146889894,0.7000309923663736,0.6432649532385379,0.696875,0.718125,0.6456249999999999,0.669375,-36.29943502004533,0.8087332500517368,0.5166877955556057,0.5136904549575035,0.666402703053945,0.527629398124791,0.6933064555372225,0.5449081103383685,0.7853333333333333,0.85997150997151,0.33756290080992013,0.02818752099396079,0.011486049914872202,0.07766136678634211,0.03259376098779166,0.00569694045907454,0.0027178918852886155,0.03601611261605285,0.017,12852.0,/home/joaoabitante/speculative-decoding-unlearning/saves/unlearn/sud/results/original-unlearned/target-Llama-3.2-3B-Instruct/draft-Llama-3.2-3B-Instruct_RMU/forget01/a0.98_k1_s0
original-unlearned,Llama-3.2-3B-Instruct,Llama-3.2-3B-Instruct_RMU,forget01,0.99,1,0,True,0.6781933382297676,0.6641788838084599,0.6095377413396565,0.7837317935791742,0.6635774280806759,0.624874546078806,0.9188052214121167,0.6567223310470581,0.05177389104004554,0.04545538807287812,0.7073911442188546,0.6463975403927634,0.680625,0.699375,0.6368750000000001,0.644375,-32.062146885409675,0.805396038889885,0.5166115714243622,0.5140054685577183,0.666823804220743,0.5279643570818994,0.6935954263632987,0.5347473850894705,0.742,0.8150997150997151,0.3088852581911534,0.02832532114247442,0.01156448505184343,0.07738077474292368,0.032479049304156016,0.005700505378972593,0.0027251686771356596,0.03532053990173154,0.017,12852.0,/home/joaoabitante/speculative-decoding-unlearning/saves/unlearn/sud/results/original-unlearned/target-Llama-3.2-3B-Instruct/draft-Llama-3.2-3B-Instruct_RMU/forget01/a0.99_k1_s0
original-unlearned,Llama-3.2-3B-Instruct,Llama-3.2-3B-Instruct_RMU,forget01,0.995,1,0,True,0.693547350264815,0.6717793533655698,0.6129873424790233,0.8015899216584274,0.6912225162201827,0.6301688483302772,0.7659314523482239,0.6529389590024948,0.05119249569120834,0.04483981027733534,0.765375642676372,0.6480111480938182,0.673125,0.69125,0.6331249999999999,0.634375,-30.225988693734244,0.8037111737579107,0.5165744496816497,0.5141622027865385,0.6670324440970796,0.5281315282273875,0.6937382388014933,0.5383696082095971,0.7743333333333333,0.8518518518518519,0.3342588762705879,0.028394118866563078,0.011603961065449968,0.07723935169517063,0.03242110480677037,0.005702300235489019,0.002728800554566799,0.034973019058816134,0.015,12852.0,/home/joaoabitante/speculative-decoding-unlearning/saves/unlearn/sud/results/original-unlearned/target-Llama-3.2-3B-Instruct/draft-Llama-3.2-3B-Instruct_RMU/forget01/a0.995_k1_s0
original-unlearned,Llama-3.2-3B-Instruct,Llama-3.2-3B-Instruct_RMU,forget05,0.1,1,0,True,0.0,0.0,0.03540120331975298,0.0,0.729921448189816,0.648899260483614,1.4275699621532978e-12,0.9901846340298652,0.8736270978647298,0.10483882805332541,0.8340634102816693,0.4809467807037494,1.0,1.0,0.999825,0.99995,-99.99999998436645,0.9410963320732116,0.5372601355127918,0.4800693188100133,0.62457787175376,0.496537314178241,0.6656795059405007,0.7451245213693021,0.782,0.8891737891737892,0.7300162043339009,0.019916107180615653,0.006836646601575817,0.08821007564198226,0.03554750752493658,0.0054860375778544804,0.002077628605506591,0.04556597983720713,0.019,12852.0,/home/joaoabitante/speculative-decoding-unlearning/saves/unlearn/sud/results/original-unlearned/target-Llama-3.2-3B-Instruct/draft-Llama-3.2-3B-Instruct_RMU/forget05/a0.1_k1_s0
original-unlearned,Llama-3.2-3B-Instruct,Llama-3.2-3B-Instruct_RMU,forget05,0.2,1,0,True,0.0,0.0,0.04729078967646674,0.0,0.7209666602385353,0.647562700684883,2.8873674273022313e-11,0.9866524249315262,0.8468543588268599,0.11720718528144061,0.8131394406501203,0.4998525555586734,0.999975,1.0,0.99985,0.999925,-99.99999998436645,0.9387445186078548,0.5340313447490082,0.4815961834972956,0.6263006601372759,0.499719626458993,0.6697314926101962,0.7229538052674183,0.787,0.8777777777777778,0.6849355467797321,0.020557342784886714,0.007213493900992081,0.08980054786545225,0.036496424080545466,0.005620981809066354,0.002154989363373082,0.053841782281175254,0.019,12852.0,/home/joaoabitante/speculative-decoding-unlearning/saves/unlearn/sud/results/original-unlearned/target-Llama-3.2-3B-Instruct/draft-Llama-3.2-3B-Instruct_RMU/forget05/a0.2_k1_s0
original-unlearned,Llama-3.2-3B-Instruct,Llama-3.2-3B-Instruct_RMU,forget05,0.3,1,0,True,0.0007030551627490848,0.0007030378470731743,0.07104119644237512,0.00023520700591208102,0.6943896740873976,0.6471607532448475,3.602472544567432e-09,0.9794425520300866,0.7818636037842513,0.12709544231183828,0.7490546763094608,0.517786109426133,0.9999,0.9999,0.9997499999999999,0.999675,-99.98436643477146,0.9358274479210377,0.5309581162470713,0.48315560507509653,0.6274846151059263,0.5031563543952503,0.6737547858884299,0.7436586032379789,0.77,0.8499999999999999,0.5868336423434204,0.021248050782305655,0.0076264933128025085,0.09124780744314194,0.03737743757302377,0.005748445033890828,0.0022344704491980066,0.061463404112495484,0.02,12852.0,/home/joaoabitante/speculative-decoding-unlearning/saves/unlearn/sud/results/original-unlearned/target-Llama-3.2-3B-Instruct/draft-Llama-3.2-3B-Instruct_RMU/forget05/a0.3_k1_s0
original-unlearned,Llama-3.2-3B-Instruct,Llama-3.2-3B-Instruct_RMU,forget05,0.4,1,0,True,0.003253834159872628,0.0032541458088632437,0.14341002777626935,0.001094825340436472,0.6140617589834472,0.649265510109045,2.4125498977354686e-08,0.955366513133049,0.5944299927506698,0.13078830796293914,0.5824792196886847,0.5344117255132462,0.9990749999999999,0.999475,0.99945,0.9991249999999999,-99.91792384899274,0.9322365532815456,0.528091588387908,0.48473020378082915,0.6284123544904422,0.5068398455136306,0.6768628133958418,0.6950232208490965,0.8296666666666667,0.872079772079772,0.4703846421736801,0.02199739119649166,0.008080085848974766,0.09253763361019082,0.038181207819921605,0.005868370744359102,0.0023158981677193265,0.0664604001129046,0.02,12852.0,/home/joaoabitante/speculative-decoding-unlearning/saves/unlearn/sud/results/original-unlearned/target-Llama-3.2-3B-Instruct/draft-Llama-3.2-3B-Instruct_RMU/forget05/a0.4_k1_s0
original-unlearned,Llama-3.2-3B-Instruct,Llama-3.2-3B-Instruct_RMU,forget05,0.5,1,0,True,0.015817207614121125,0.015886511046764647,0.26648869119201013,0.00544830975045565,0.42172971896158923,0.6477594917921552,1.4639479233432268e-07,0.9054853796958924,0.32488274068022,0.1228470422513783,0.3126376570283901,0.5529848053733447,0.9934999999999999,0.9959,0.99855,0.994325,-99.35902445097177,0.927813877761364,0.525399861992089,0.4862933386921662,0.6291657571515663,0.5107417970888546,0.6796202205942395,0.6914041339366181,0.812,0.8621082621082622,0.33883880022814283,0.02281144522203249,0.008579012739489418,0.09365438038599677,0.038897636415402136,0.005982597066757383,0.0023992161346554457,0.06581015669880434,0.023,12852.0,/home/joaoabitante/speculative-decoding-unlearning/saves/unlearn/sud/results/original-unlearned/target-Llama-3.2-3B-Instruct/draft-Llama-3.2-3B-Instruct_RMU/forget05/a0.5_k1_s0
original-unlearned,Llama-3.2-3B-Instruct,Llama-3.2-3B-Instruct_RMU,forget05,0.6,1,0,True,0.061464590264237215,0.06315921058818486,0.4085512476746978,0.02298676997214703,0.3499400759813739,0.645973017899508,2.9607827368482373e-05,0.8260842931270599,0.17252404648731468,0.09818098453804851,0.23996859532548115,0.580242564790734,0.9535,0.9675249999999999,0.9959,0.95265,-94.92300475339277,0.922340663075447,0.5228930396540781,0.4878105242208596,0.6295283448819623,0.5148178608544641,0.6831721898454951,0.6695598017012878,0.797,0.8749287749287749,0.25471862299999604,0.023675664942711592,0.009128003517672276,0.09457967528724112,0.03951640997765986,0.006092782981938095,0.002484550637160908,0.05623090877104551,0.013,12852.0,/home/joaoabitante/speculative-decoding-unlearning/saves/unlearn/sud/results/original-unlearned/target-Llama-3.2-3B-Instruct/draft-Llama-3.2-3B-Instruct_RMU/forget05/a0.6_k1_s0
original-unlearned,Llama-3.2-3B-Instruct,Llama-3.2-3B-Instruct_RMU,forget05,0.7,1,0,True,0.1216509075964247,0.13003411696523978,0.5721130834101659,0.05056185594242941,0.31897242289275946,0.6471624027588178,0.0014264303851701861,0.6887067638337612,0.08566507225551774,0.06086777657736093,0.2116434668027796,0.6170113692981453,0.7504500000000001,0.8372250000000001,0.9927,0.6555249999999999,-74.5524896311182,0.9155389158427716,0.5206091689693182,0.4892481988707848,0.6293215258777224,0.5190176083124859,0.6880389954387404,0.6605785028360097,0.797,0.8991452991452992,0.17915500942124107,0.02452326917220489,0.009731272180497049,0.09529255889356136,0.040028168898797956,0.006199464674524886,0.002572162093994861,0.03812033644365147,0.025,12852.0,/home/joaoabitante/speculative-decoding-unlearning/saves/unlearn/sud/results/original-unlearned/target-Llama-3.2-3B-Instruct/draft-Llama-3.2-3B-Instruct_RMU/forget05/a0.7_k1_s0
original-unlearned,Llama-3.2-3B-Instruct,Llama-3.2-3B-Instruct_RMU,forget05,0.8,1,0,True,0.23154247137357192,0.2640477519834247,0.7157809784762507,0.11887852434657642,0.317706156638348,0.6440984873266185,0.016258459276759563,0.5035587525367737,0.04914848416304268,0.02808560848934576,0.21085625036997954,0.6696226293822923,0.270875,0.4477,0.9827,0.21257500000000001,-13.655905571225532,0.9070831933617591,0.5186467126549781,0.4906486203625574,0.62949018592463,0.5232891532993649,0.6932881686248191,0.62643030663806,0.8220000000000001,0.8699430199430199,0.15556375215347656,0.025306669052079088,0.010392176456941972,0.09577027767780237,0.04042372794993836,0.006302282351219523,0.002662377598812154,0.020037571080029012,0.024,12852.0,/home/joaoabitante/speculative-decoding-unlearning/saves/unlearn/sud/results/original-unlearned/target-Llama-3.2-3B-Instruct/draft-Llama-3.2-3B-Instruct_RMU/forget05/a0.8_k1_s0
original-unlearned,Llama-3.2-3B-Instruct,Llama-3.2-3B-Instruct_RMU,forget05,0.9,1,0,True,0.33538292979265555,0.4043858359589444,0.8119609523904606,0.21563784153208004,0.3250967062435267,0.6453002730600441,0.016258459276759563,0.32318603578954935,0.03673161115948673,0.009993259350885637,0.21728033037827119,0.7139756531502848,0.07865000000000003,0.129525,0.922975,0.06527500000000001,36.08614085264031,0.8965772888064385,0.5169042364538889,0.49210912854028577,0.6309610979379524,0.5275820624539415,0.6989819402667294,0.6231680895750848,0.818,0.8874643874643874,0.12606587529076088,0.02606687977051479,0.011114563938792506,0.09599036711151712,0.040694203195080096,0.006400389447586955,0.002755505520079377,0.009070499838970136,0.026,12852.0,/home/joaoabitante/speculative-decoding-unlearning/saves/unlearn/sud/results/original-unlearned/target-Llama-3.2-3B-Instruct/draft-Llama-3.2-3B-Instruct_RMU/forget05/a0.9_k1_s0
original-unlearned,Llama-3.2-3B-Instruct,Llama-3.2-3B-Instruct_RMU,forget05,0.95,1,0,True,0.31944193819434047,0.37470260999654714,0.8405267875002252,0.19032500865604698,0.339273135936057,0.6400208824845535,0.0002829222008740643,0.2454046113230288,0.03487916338056835,0.005581436866923468,0.230813278806163,0.7184143620022487,0.057025000000000006,0.08187500000000002,0.86405,0.04510000000000001,43.53552723465401,0.8904480962455272,0.5161175465442878,0.4928721507276695,0.6319738347254142,0.5297233688784015,0.7018377902975446,0.6270760880717716,0.782,0.8304843304843305,0.11422460550847742,0.02644829210898024,0.011500696374303858,0.09599691038485617,0.0407797448644649,0.00644745711810477,0.002803250236954774,0.006187617696035886,0.017,12852.0,/home/joaoabitante/speculative-decoding-unlearning/saves/unlearn/sud/results/original-unlearned/target-Llama-3.2-3B-Instruct/draft-Llama-3.2-3B-Instruct_RMU/forget05/a0.95_k1_s0
original-unlearned,Llama-3.2-3B-Instruct,Llama-3.2-3B-Instruct_RMU,forget05,0.98,1,0,True,0.2905064290658881,0.3522797711446019,0.8535065555635256,0.17288528598125513,0.2966501288756334,0.6409683845446864,1.1150402145378719e-05,0.20489059222862124,0.03330255999146496,0.0038995454525138484,0.1929827789394767,0.7191681138425561,0.04915000000000002,0.06872500000000002,0.824475,0.038475000000000016,45.59133900639546,0.8864839616417884,0.5156716404085984,0.49333780897008944,0.632551919080388,0.5310040041100487,0.7039863785421244,0.5964705725630575,0.807,0.872079772079772,0.11100860257945212,0.026677233544905903,0.011740950024401002,0.0959662028006278,0.040814489953280145,0.006475052507198597,0.0028322921957177594,0.005037553831702097,0.02,12852.0,/home/joaoabitante/speculative-decoding-unlearning/saves/unlearn/sud/results/original-unlearned/target-Llama-3.2-3B-Instruct/draft-Llama-3.2-3B-Instruct_RMU/forget05/a0.98_k1_s0
original-unlearned,Llama-3.2-3B-Instruct,Llama-3.2-3B-Instruct_RMU,forget05,0.99,1,0,True,0.2796385404142203,0.34425339954303735,0.8565540429210818,0.16707050761832318,0.2797070237450747,0.6403912573168474,2.3797467071606504e-06,0.19352434895932674,0.03330255999146496,0.003459402755543124,0.17892949557426618,0.7183957810186243,0.04697500000000002,0.06497500000000002,0.810125,0.03662500000000001,46.177597116207664,0.8851139709353447,0.5155274032354622,0.4934936528156196,0.6327393461866362,0.5314300017579794,0.7046777241190696,0.5773663408320082,0.8270000000000001,0.8806267806267806,0.10629267545083795,0.02675336415763013,0.011822515792911686,0.09595009129261597,0.04082325093361534,0.0064841420757390245,0.0028420380786767737,0.004728659681786667,0.02,12852.0,/home/joaoabitante/speculative-decoding-unlearning/saves/unlearn/sud/results/original-unlearned/target-Llama-3.2-3B-Instruct/draft-Llama-3.2-3B-Instruct_RMU/forget05/a0.99_k1_s0
original-unlearned,Llama-3.2-3B-Instruct,Llama-3.2-3B-Instruct_RMU,forget05,0.995,1,0,True,0.29668118402945926,0.3404536978083715,0.8581723580063177,0.16440029760049668,0.3491762031892915,0.6394721314619815,1.3921047931216453e-06,0.18743919409811496,0.033146309991464964,0.0032586164582608036,0.24015500271430937,0.7179579265314655,0.04607500000000001,0.06340000000000001,0.8019750000000001,0.035675000000000005,46.42382552232879,0.8844196531176567,0.515456089816619,0.493571729416568,0.6328320742501045,0.5316428217536564,0.7050188170827204,0.5854567911018842,0.8170000000000001,0.8578347578347578,0.115497118287604,0.026791392139130038,0.011863589929682861,0.0959409251587931,0.0408270982893361,0.006488666711009803,0.002846924498309604,0.004586287296922819,0.02,12852.0,/home/joaoabitante/speculative-decoding-unlearning/saves/unlearn/sud/results/original-unlearned/target-Llama-3.2-3B-Instruct/draft-Llama-3.2-3B-Instruct_RMU/forget05/a0.995_k1_s0
original-unlearned,Llama-3.2-3B-Instruct,Llama-3.2-3B-Instruct_RMU,forget10,0.1,1,0,True,0.0064982462941726585,0.0064957568395426785,0.035225931986791865,0.0023152541215486835,0.737022306033374,0.6520008847928892,1.9834474538770552e-25,0.9901996582746506,0.8804365054477077,0.10760841952171177,0.8475425064517185,0.49234177065126744,0.9977375,0.99785,0.99899375,0.9989812500000002,-99.64519620860891,0.9415012454986572,0.5387182586668996,0.48076551596416,0.6246510753017105,0.4960248081051772,0.6662079481792343,0.7541813918809984,0.8220000000000001,0.8735042735042735,0.7209067806678903,0.01992297278775368,0.006836275412867146,0.08801012486801482,0.03538623813228077,0.005444634035974333,0.0020745454973834735,0.04715693522434595,1922.73,40756.5,/home/joaoabitante/speculative-decoding-unlearning/saves/unlearn/sud/results/original-unlearned/target-Llama-3.2-3B-Instruct/draft-Llama-3.2-3B-Instruct_RMU/forget10/a0.1_k1_s0
original-unlearned,Llama-3.2-3B-Instruct,Llama-3.2-3B-Instruct_RMU,forget10,0.2,1,0,True,0.006676635787045224,0.006674740369764778,0.04193292047719499,0.0023580699777678987,0.7118185590700794,0.6525509058605431,2.0132797133922014e-23,0.9882318653166294,0.8634725513167446,0.12057376602198928,0.7829276209196542,0.5118826607827561,0.99715625,0.99728125,0.99940625,0.9983125,-99.551338233275,0.9397538042068482,0.5368925849135244,0.48297878467377253,0.6255994670709393,0.49852945146330985,0.6691012765900017,0.7276908112202622,0.8496666666666667,0.8735042735042735,0.663615335628711,0.02058105747564696,0.007216506939337794,0.08946714364225045,0.03620291860175786,0.0055420867421351735,0.0021498155910094937,0.055963426816146244,1971.719,40756.5,/home/joaoabitante/speculative-decoding-unlearning/saves/unlearn/sud/results/original-unlearned/target-Llama-3.2-3B-Instruct/draft-Llama-3.2-3B-Instruct_RMU/forget10/a0.2_k1_s0
original-unlearned,Llama-3.2-3B-Instruct,Llama-3.2-3B-Instruct_RMU,forget10,0.3,1,0,True,0.007824081240289727,0.007824623360098613,0.06705425884157862,0.002725095932641848,0.6415408325357369,0.6526641361203838,1.3990395281788573e-20,0.9806764981150627,0.7944322289746737,0.1301583646191284,0.6307903226354392,0.5295155058168005,0.99611875,0.99636875,0.9994375,0.9971875000000001,-99.40075291021184,0.9376672863960266,0.5351609340523072,0.4852024863906836,0.6266024562123981,0.501107483798254,0.6719871509229997,0.7503004586040939,0.8370000000000001,0.8428774928774929,0.5437223432300988,0.021297847952664598,0.00763817530265504,0.09084967320319265,0.03698221241133803,0.005637202556320819,0.002228566859005968,0.06348618734147748,2430.536,40756.5,/home/joaoabitante/speculative-decoding-unlearning/saves/unlearn/sud/results/original-unlearned/target-Llama-3.2-3B-Instruct/draft-Llama-3.2-3B-Instruct_RMU/forget10/a0.3_k1_s0
original-unlearned,Llama-3.2-3B-Instruct,Llama-3.2-3B-Instruct_RMU,forget10,0.4,1,0,True,0.010256273816016487,0.01028227719517691,0.12547531251325664,0.00354281290636999,0.4400232736060449,0.6523672364082292,1.6558004532094654e-18,0.9619150853157044,0.620872223611584,0.1300317500298843,0.3319683695779531,0.5450883099188377,0.99416875,0.9946812500000001,0.9993375,0.9953124999999999,-99.12227320317719,0.9351684790849686,0.5335263367348507,0.48740924274519154,0.6278874235089072,0.5037494917490148,0.6751393763787772,0.7084515559856465,0.847,0.8699430199430199,0.4146855022964317,0.02208045868523186,0.00810751552913667,0.09214580971980467,0.03771599605767886,0.005729060903560519,0.0023109654638321453,0.06631092687230557,3583.219,40756.5,/home/joaoabitante/speculative-decoding-unlearning/saves/unlearn/sud/results/original-unlearned/target-Llama-3.2-3B-Instruct/draft-Llama-3.2-3B-Instruct_RMU/forget10/a0.4_k1_s0
original-unlearned,Llama-3.2-3B-Instruct,Llama-3.2-3B-Instruct_RMU,forget10,0.5,1,0,True,0.014649545506858942,0.0148519361506204,0.22848411934031512,0.005099910326820684,0.2311626030751224,0.6513320993492467,3.1508505165833036e-15,0.9227166493237019,0.39970752872740556,0.11076529544312506,0.14051647161977598,0.5627865950764597,0.9819187500000001,0.98653125,0.99923125,0.9853187499999999,-97.77731935883206,0.9321423532068729,0.5319844031369563,0.48956429407060903,0.6289452240400124,0.5064413152996474,0.6788218604030032,0.7004091649738939,0.8163333333333332,0.8831908831908831,0.2811116277563355,0.02293429770419607,0.008631511532826153,0.09334201831487007,0.038396400664267104,0.0058180609540765225,0.0023971933759089235,0.059571862331999,4041.483,40756.5,/home/joaoabitante/speculative-decoding-unlearning/saves/unlearn/sud/results/original-unlearned/target-Llama-3.2-3B-Instruct/draft-Llama-3.2-3B-Instruct_RMU/forget10/a0.5_k1_s0
original-unlearned,Llama-3.2-3B-Instruct,Llama-3.2-3B-Instruct_RMU,forget10,0.6,1,0,True,0.02401621813823436,0.02525134729205027,0.39768465760348154,0.008714367560244962,0.13075293548535669,0.6502093361976021,4.2606809322061477e-10,0.8354112254083157,0.18743858869221866,0.07012085933471099,0.07268467965252057,0.5965208716001327,0.9028687499999999,0.93958125,0.99884375,0.84948125,-90.02939506533474,0.9284520545601844,0.5304992682605616,0.4916350903490985,0.6297851302500008,0.5091634109380164,0.6825642912174593,0.680137444329501,0.8153333333333334,0.8834757834757834,0.16588379143346535,0.023863428951444804,0.009217559417597219,0.09441595599520952,0.039015769550469204,0.005905922971090453,0.0024874769954323825,0.04129053710238077,4487.324,40756.5,/home/joaoabitante/speculative-decoding-unlearning/saves/unlearn/sud/results/original-unlearned/target-Llama-3.2-3B-Instruct/draft-Llama-3.2-3B-Instruct_RMU/forget10/a0.6_k1_s0
original-unlearned,Llama-3.2-3B-Instruct,Llama-3.2-3B-Instruct_RMU,forget10,0.7,1,0,True,0.04017679254206566,0.043682774471723675,0.6347374996456348,0.01525127459390028,0.13286868404842042,0.6522256388180205,2.5720789009736948e-05,0.620341412872076,0.06374010622560722,0.02867439507972449,0.0739686325204093,0.6368323993569788,0.4284875,0.7021062499999999,0.9980375,0.31904375,-50.84008044130326,0.9240316380560398,0.5290673759916887,0.49361480919630624,0.6304307585622444,0.5118900014094027,0.6859749914466367,0.6865722582958105,0.851,0.8535612535612537,0.10512392619260445,0.024876457006757845,0.009873063108363925,0.09535252949339337,0.03956710234273442,0.005994291660827004,0.002582118577989239,0.019928159115137532,4545.322,40756.5,/home/joaoabitante/speculative-decoding-unlearning/saves/unlearn/sud/results/original-unlearned/target-Llama-3.2-3B-Instruct/draft-Llama-3.2-3B-Instruct_RMU/forget10/a0.7_k1_s0
original-unlearned,Llama-3.2-3B-Instruct,Llama-3.2-3B-Instruct_RMU,forget10,0.8,1,0,True,0.10029545937028232,0.13064106973814782,0.8018306542979475,0.04955754535094216,0.11784232769447985,0.6502060348786504,0.010032513978788836,0.3328089902177453,0.035101225051715916,0.007766339724621502,0.06479262060049223,0.6917743360659824,0.0625375,0.19686875,0.9923250000000001,0.04901875,32.53674384487043,0.9188468535989522,0.5276933024955444,0.4955262047061702,0.630917559043202,0.5145932704710433,0.6896689605202203,0.6758143675948611,0.8170000000000001,0.8632478632478633,0.07507219790535315,0.025990539347403682,0.010605207556189768,0.09616619726992212,0.04004819250112781,0.006084022273222824,0.0026814817808557254,0.007375174279426573,4255.609,40756.5,/home/joaoabitante/speculative-decoding-unlearning/saves/unlearn/sud/results/original-unlearned/target-Llama-3.2-3B-Instruct/draft-Llama-3.2-3B-Instruct_RMU/forget10/a0.8_k1_s0
original-unlearned,Llama-3.2-3B-Instruct,Llama-3.2-3B-Instruct_RMU,forget10,0.9,1,0,True,0.1413020848948904,0.18882628309664795,0.8801503550288095,0.07570249429119225,0.14523620847717608,0.6485736742590532,2.196072998681761e-11,0.15129752029664814,0.03288150776106345,0.001750201003778784,0.08177399982792849,0.7515089678073105,0.025649999999999992,0.04141249999999999,0.949025,0.01738749999999998,58.190913300695655,0.9128495432436466,0.526435854779951,0.49739646855666275,0.6314111112224317,0.5172519301046449,0.692961806580735,0.6569266121035667,0.8395,0.835042735042735,0.0629264905162536,0.027222822845506017,0.011421710085342911,0.09686789691448211,0.040461537039302636,0.0061752741767062014,0.0027859366205698973,0.002874107549643668,3700.836,40756.5,/home/joaoabitante/speculative-decoding-unlearning/saves/unlearn/sud/results/original-unlearned/target-Llama-3.2-3B-Instruct/draft-Llama-3.2-3B-Instruct_RMU/forget10/a0.9_k1_s0
original-unlearned,Llama-3.2-3B-Instruct,Llama-3.2-3B-Instruct_RMU,forget10,0.95,1,0,True,0.1267336481886696,0.1573808420155415,0.8996703913465903,0.06095347705028044,0.1624901355545621,0.647430454520034,6.159412995752159e-18,0.0999303082562983,0.032749928813695026,0.0008652049005604568,0.09290337121055928,0.7690397498461511,0.017743749999999975,0.02464999999999998,0.904,0.014156249999999981,60.957145057239835,0.9095896146446466,0.5258608976385504,0.49832115869844834,0.631628795452878,0.5185604435542839,0.6944643779797169,0.6479647603502613,0.8203333333333334,0.8478632478632477,0.05871202846538384,0.027884078500646864,0.01186448503408642,0.09717674241983332,0.04064581571078088,0.006221352337644628,0.0028401807549626353,0.001994199943144849,3628.511,40756.5,/home/joaoabitante/speculative-decoding-unlearning/saves/unlearn/sud/results/original-unlearned/target-Llama-3.2-3B-Instruct/draft-Llama-3.2-3B-Instruct_RMU/forget10/a0.95_k1_s0
original-unlearned,Llama-3.2-3B-Instruct,Llama-3.2-3B-Instruct_RMU,forget10,0.98,1,0,True,0.11182450152853189,0.13821637334261647,0.9059319480514895,0.052480350271175966,0.14994379714973838,0.646616396215281,4.2615726229002236e-23,0.07870680044405162,0.03262797759418284,0.0005885761212243778,0.0848045578572055,0.7718464327825524,0.014499999999999973,0.01916874999999997,0.8735937500000001,0.012818749999999981,61.861688401941265,0.9075528203696013,0.5255314546346397,0.4988731548382424,0.6317478070209743,0.519338322572944,0.6953808529453366,0.6326299370889226,0.81,0.8713675213675214,0.05797842902809853,0.02829361222626176,0.012141972938505975,0.09734816182288342,0.04074992356039155,0.006249092967880946,0.002873396013098602,0.0016650027642617718,2880.132,40756.5,/home/joaoabitante/speculative-decoding-unlearning/saves/unlearn/sud/results/original-unlearned/target-Llama-3.2-3B-Instruct/draft-Llama-3.2-3B-Instruct_RMU/forget10/a0.98_k1_s0
original-unlearned,Llama-3.2-3B-Instruct,Llama-3.2-3B-Instruct_RMU,forget10,0.99,1,0,True,0.11138354023600376,0.13273549597503975,0.9071645432428809,0.05009119406835196,0.17041473991611086,0.6512897999296733,4.346199600129006e-25,0.07260269816499204,0.03262797759418284,0.0005214917771718319,0.09803288000883185,0.7711249688015015,0.013724999999999973,0.01772499999999997,0.860425,0.012412499999999979,62.09994326240423,0.9068594654090703,0.5254243163968578,0.4990566913163715,0.6317856333790187,0.5195964274015273,0.6957106738016916,0.6333274823351498,0.867,0.8834757834757834,0.05585015291559171,0.028431954969564684,0.012236509710005405,0.0974029278382659,0.04078356750235167,0.00625834859661154,0.002884581119367756,0.001577342287740521,2937.451,40756.5,/home/joaoabitante/speculative-decoding-unlearning/saves/unlearn/sud/results/original-unlearned/target-Llama-3.2-3B-Instruct/draft-Llama-3.2-3B-Instruct_RMU/forget10/a0.99_k1_s0
original-unlearned,Llama-3.2-3B-Instruct,Llama-3.2-3B-Instruct_RMU,forget10,0.995,1,0,True,0.10815794601839034,0.13033738093417754,0.90747105449943,0.04906740973228243,0.15986894692043738,0.6514240694323414,4.059470396507229e-26,0.07037440459709615,0.03262797759418284,0.000491573872641311,0.0911149395481334,0.7704564310532195,0.013424999999999975,0.01702499999999997,0.85338125,0.01227499999999998,62.215460770507505,0.9065099949575961,0.525371429398678,0.49914838926428723,0.6318042190394525,0.5197252426508824,0.6958741998306798,0.6455508599628746,0.845,0.8853276353276353,0.054162280102474654,0.02850143968986231,0.012284166685723406,0.09742986301076599,0.04080019448840067,0.006262977614686254,0.0028901949439102876,0.0015369020058710703,3035.245,40756.5,/home/joaoabitante/speculative-decoding-unlearning/saves/unlearn/sud/results/original-unlearned/target-Llama-3.2-3B-Instruct/draft-Llama-3.2-3B-Instruct_RMU/forget10/a0.995_k1_s0
original-unlearned,Llama-3.2-3B-Instruct,Llama-3.2-3B-Instruct_SatImp,forget01,0.1,1,0,True,0.0,0.0,0.016909553350730685,0.0,0.7672775225907623,0.6512197812513922,0.01430154804770646,0.9955361261963844,0.8942475794257666,0.08889996032230556,0.9336729124188423,0.5054646294190911,1.0,1.0,1.0,1.0,-99.99999997740113,0.944517273157835,0.5411486887436975,0.47836996654145575,0.6235953849636013,0.49211262935473976,0.6615011669768869,0.7548282609165646,0.8440000000000001,0.8575498575498575,0.8217187254155585,0.018700329785351643,0.006149695579504791,0.08393681698362343,0.03341916171002023,0.005154676768395538,0.0018987706528142082,0.04387848373735323,0.018,12852.0,/home/joaoabitante/speculative-decoding-unlearning/saves/unlearn/sud/results/original-unlearned/target-Llama-3.2-3B-Instruct/draft-Llama-3.2-3B-Instruct_SatImp/forget01/a0.1_k1_s0
original-unlearned,Llama-3.2-3B-Instruct,Llama-3.2-3B-Instruct_SatImp,forget01,0.2,1,0,True,0.0,0.0,0.06101768070420026,0.0,0.756134042670344,0.6540800074919783,0.01430154804770646,0.9829009726643563,0.7500731845706634,0.08664960619062186,0.8959219042211771,0.5061062943273267,1.0,1.0,0.999375,1.0,-99.99999997740113,0.9455539247393608,0.5416745646729347,0.4781482368525775,0.6236918024294065,0.49065079375092735,0.6594179782882469,0.7662706668354383,0.863,0.874928774928775,0.6871681914007256,0.018106376283976714,0.005829979527897793,0.0813890685874503,0.03230643819586802,0.004969864458799975,0.0018006561488961132,0.042969224493717775,0.017,12852.0,/home/joaoabitante/speculative-decoding-unlearning/saves/unlearn/sud/results/original-unlearned/target-Llama-3.2-3B-Instruct/draft-Llama-3.2-3B-Instruct_SatImp/forget01/a0.2_k1_s0
original-unlearned,Llama-3.2-3B-Instruct,Llama-3.2-3B-Instruct_SatImp,forget01,0.3,1,0,True,0.0,0.0,0.10170201498100095,0.0,0.7590326707460567,0.6487046843500296,0.01430154804770646,0.9702787354588509,0.6182588291368718,0.08427937147207558,0.9145790502429009,0.5068342814426564,1.0,1.0,0.9975,1.0,-99.99999997740113,0.9461291463673115,0.5421911664500945,0.4779195622888926,0.6237047211435314,0.48921705419003175,0.6574084174066965,0.7717049833712923,0.7903333333333333,0.8692307692307691,0.6592562818032979,0.01753333413544169,0.00553115048934878,0.07885640903608873,0.03120499239174225,0.004791060815398396,0.001707903505207425,0.042015062962891536,0.017,12852.0,/home/joaoabitante/speculative-decoding-unlearning/saves/unlearn/sud/results/original-unlearned/target-Llama-3.2-3B-Instruct/draft-Llama-3.2-3B-Instruct_SatImp/forget01/a0.3_k1_s0
original-unlearned,Llama-3.2-3B-Instruct,Llama-3.2-3B-Instruct_SatImp,forget01,0.4,1,0,True,0.0,0.0,0.15076762507277605,0.0,0.7380823689467513,0.6482033315763491,0.01430154804770646,0.953318364918232,0.5122404884005315,0.08181978813372552,0.8568988587707281,0.507641803003537,1.0,1.0,0.9925,1.0,-99.99999997740113,0.9462989395856858,0.5426969837000135,0.4776838565574898,0.623799283417149,0.48781303550000915,0.6554073148198177,0.7740874941750875,0.792,0.8632478632478633,0.6538945102756248,0.016980415022408123,0.005251647574464886,0.07634672466665507,0.03011780659578065,0.004618119043877774,0.0016202167826820945,0.04102091465494595,0.017,12852.0,/home/joaoabitante/speculative-decoding-unlearning/saves/unlearn/sud/results/original-unlearned/target-Llama-3.2-3B-Instruct/draft-Llama-3.2-3B-Instruct_SatImp/forget01/a0.4_k1_s0
original-unlearned,Llama-3.2-3B-Instruct,Llama-3.2-3B-Instruct_SatImp,forget01,0.5,1,0,True,0.0,0.0,0.19198455266523906,0.0,0.7458407832965943,0.6493031490988433,0.01430154804770646,0.9369997709989548,0.4762850739316704,0.07929992703720927,0.8760980131104589,0.5085213796613605,0.998125,0.9987499999999999,0.9762499999999998,1.0,-99.71751410175872,0.9461085502803326,0.543191408365316,0.47744086704589683,0.6239451789115906,0.48643976055922544,0.6532432292527846,0.7680727570384113,0.828,0.854985754985755,0.6108186724612699,0.0164468603838759,0.0049900355538911425,0.07386689423117787,0.02904740233987178,0.004450909894328467,0.0015373207548147476,0.039992358738090844,2018.524,33151.0,/home/joaoabitante/speculative-decoding-unlearning/saves/unlearn/sud/results/original-unlearned/target-Llama-3.2-3B-Instruct/draft-Llama-3.2-3B-Instruct_SatImp/forget01/a0.5_k1_s0
original-unlearned,Llama-3.2-3B-Instruct,Llama-3.2-3B-Instruct_SatImp,forget01,0.6,1,0,True,0.0,0.0,0.23688854639678916,0.0,0.7433186827770584,0.6480873140068508,0.01430154804770646,0.9176184386014938,0.4121035049626194,0.07674529198557138,0.871357923746109,0.5094672046917317,0.996875,0.996875,0.96625,1.0,-99.29378528829518,0.945588750243187,0.5436925879095876,0.4771903400790029,0.6240186141439736,0.4850977163024365,0.6509084438743292,0.7684724992151263,0.843,0.8286324786324786,0.5572680243758323,0.015931949097430332,0.004744986428861991,0.07142279976163991,0.027995863701067707,0.004289282263643959,0.0014589566801218958,0.03893565389036667,0.017,12852.0,/home/joaoabitante/speculative-decoding-unlearning/saves/unlearn/sud/results/original-unlearned/target-Llama-3.2-3B-Instruct/draft-Llama-3.2-3B-Instruct_SatImp/forget01/a0.6_k1_s0
original-unlearned,Llama-3.2-3B-Instruct,Llama-3.2-3B-Instruct_SatImp,forget01,0.7,1,0,True,0.023463440966409132,0.02342511982849857,0.2628942461337125,0.008148546574483611,0.7499616394490768,0.6482708394760681,0.01430154804770646,0.9055725082755088,0.36949559747931415,0.07417766666039824,0.8894914311589673,0.5104762994203786,0.99375,0.994375,0.9524999999999999,0.9987499999999999,-98.72881353701044,0.9447581654787064,0.54421070597104,0.47693204698135694,0.6241361793426191,0.4837871507954476,0.6483951942007486,0.7730816325429235,0.818,0.8599715099715101,0.5633459541189756,0.01543496743630385,0.0045152847064665975,0.06901930842082947,0.02696493660805759,0.004133088669189533,0.001384881570192043,0.03785762803861872,2018.973,33151.0,/home/joaoabitante/speculative-decoding-unlearning/saves/unlearn/sud/results/original-unlearned/target-Llama-3.2-3B-Instruct/draft-Llama-3.2-3B-Instruct_SatImp/forget01/a0.7_k1_s0
original-unlearned,Llama-3.2-3B-Instruct,Llama-3.2-3B-Instruct_SatImp,forget01,0.8,1,0,True,0.0415956742089085,0.04147899013341824,0.2766491112484636,0.014889417774423657,0.7427192501223816,0.6454561855263475,0.02860307028023343,0.8986063435673713,0.36070239792524506,0.07161525576375424,0.8744960777461529,0.5115501659571668,0.988125,0.9924999999999999,0.9325,0.9975,-98.30508472354686,0.9436279386281967,0.5447188387633389,0.476665913952662,0.6241747616115367,0.48250761013285987,0.6459108555543841,0.7781259423834743,0.787,0.8535612535612537,0.555018553308086,0.014955243805197825,0.004299800830266515,0.06666046994097996,0.025956065019217264,0.003982182553496851,0.0013148640416709865,0.03676520349981729,1734.708,33151.0,/home/joaoabitante/speculative-decoding-unlearning/saves/unlearn/sud/results/original-unlearned/target-Llama-3.2-3B-Instruct/draft-Llama-3.2-3B-Instruct_SatImp/forget01/a0.8_k1_s0
original-unlearned,Llama-3.2-3B-Instruct,Llama-3.2-3B-Instruct_SatImp,forget01,0.9,1,0,True,0.07144126418979616,0.07113281502778089,0.300754587394032,0.026814534298117535,0.7276113422715628,0.6424877341408441,0.02860307028023343,0.8861731797456741,0.32882078966178463,0.06907298781443387,0.8387360090389848,0.5126913061486209,0.985,0.9862500000000001,0.9043749999999999,0.995,-96.89265534533502,0.9422039049863815,0.5452166020373997,0.4763915579170226,0.6242492049088078,0.48125849234018536,0.6435687022123656,0.7689059863391909,0.767,0.8507122507122507,0.5353283772974897,0.014492133591120364,0.004097501212510637,0.06434960390732158,0.024970454933718217,0.003836428233513232,0.0012486857346853883,0.03566500401066151,1655.32,33151.0,/home/joaoabitante/speculative-decoding-unlearning/saves/unlearn/sud/results/original-unlearned/target-Llama-3.2-3B-Instruct/draft-Llama-3.2-3B-Instruct_SatImp/forget01/a0.9_k1_s0
original-unlearned,Llama-3.2-3B-Instruct,Llama-3.2-3B-Instruct_SatImp,forget01,0.95,1,0,True,0.0842157781676751,0.08374638728033187,0.3050416668638695,0.032261298444959396,0.7420350820343193,0.6462839013198228,0.02860307028023343,0.8844784751534462,0.3034249460200232,0.06781329705845565,0.8710932334885001,0.5132876539456641,0.9806250000000001,0.985625,0.893125,0.99375,-96.7514124075138,0.9413826408982277,0.5454614175487144,0.4762512547624247,0.6244950246993174,0.4806449948054336,0.642541066001672,0.7546425881010812,0.8113333333333332,0.8813390313390312,0.5495135116235345,0.014266613429608697,0.004000992989835588,0.06321300388255623,0.024486692282647354,0.0037654391808991266,0.0012169704079786445,0.03511390948959161,1352.736,33151.0,/home/joaoabitante/speculative-decoding-unlearning/saves/unlearn/sud/results/original-unlearned/target-Llama-3.2-3B-Instruct/draft-Llama-3.2-3B-Instruct_SatImp/forget01/a0.95_k1_s0
original-unlearned,Llama-3.2-3B-Instruct,Llama-3.2-3B-Instruct_SatImp,forget01,0.98,1,0,True,0.09720654947782174,0.09660354048420726,0.31006444719126897,0.03806031698706003,0.7337310937671229,0.6428629247641974,0.02860307028023343,0.8818991094827652,0.2930082793533565,0.06706195645965636,0.8545163011178374,0.5136420935484247,0.97875,0.9824999999999999,0.884375,0.9925,-96.04519771840785,0.9408550857007504,0.5456069473534865,0.4761659854995446,0.6246364515482742,0.4802802825893569,0.6419348815799242,0.7592522975318093,0.7953333333333333,0.8411680911680911,0.5203564277915553,0.014133188075065846,0.003944508091088586,0.06253723852569237,0.024199393294736162,0.0037234404751858587,0.0011983660391233037,0.03478335914784111,0.017,12852.0,/home/joaoabitante/speculative-decoding-unlearning/saves/unlearn/sud/results/original-unlearned/target-Llama-3.2-3B-Instruct/draft-Llama-3.2-3B-Instruct_SatImp/forget01/a0.98_k1_s0
original-unlearned,Llama-3.2-3B-Instruct,Llama-3.2-3B-Instruct_SatImp,forget01,0.99,1,0,True,0.10697787206991094,0.10621333946610172,0.31121412034008067,0.042587061990293856,0.741481734287133,0.6449498758446449,0.02860307028023343,0.8812580838799476,0.29236725371233085,0.06681231914553791,0.8719964284449816,0.513741795297444,0.97875,0.9824999999999999,0.88125,0.990625,-96.04519771840785,0.9406734105944633,0.5456552062411864,0.47613740111070507,0.6246825888595984,0.4801593333972622,0.641729976433606,0.7672023001039594,0.799,0.8606837606837607,0.5506123413867623,0.014089026949295657,0.003925910945904205,0.06231303262640722,0.02410412675562883,0.0037095396038905903,0.0011922346418390447,0.034673208719468676,0.017,12852.0,/home/joaoabitante/speculative-decoding-unlearning/saves/unlearn/sud/results/original-unlearned/target-Llama-3.2-3B-Instruct/draft-Llama-3.2-3B-Instruct_SatImp/forget01/a0.99_k1_s0
original-unlearned,Llama-3.2-3B-Instruct,Llama-3.2-3B-Instruct_SatImp,forget01,0.995,1,0,True,0.10738736116123142,0.10673663089445996,0.3112221820385919,0.04286163158870032,0.7182772170987668,0.6399851773798232,0.02860307028023343,0.8812580838799476,0.29236725371233085,0.06668765656650066,0.8183948518708348,0.5137918941603188,0.978125,0.9824999999999999,0.88125,0.990625,-96.04519771840785,0.9405814819037914,0.5456792872170367,0.476123033954391,0.62470542593001,0.48009895568801764,0.6416269525513688,0.752174964926244,0.753,0.8568376068376068,0.5265145938740485,0.014067002647061599,0.0039166562802384446,0.062201128455926666,0.024056589062088348,0.0037026071089369833,0.0011891819146159206,0.03461814852722454,0.017,12852.0,/home/joaoabitante/speculative-decoding-unlearning/saves/unlearn/sud/results/original-unlearned/target-Llama-3.2-3B-Instruct/draft-Llama-3.2-3B-Instruct_SatImp/forget01/a0.995_k1_s0
original-unlearned,Llama-3.2-3B-Instruct,Llama-3.2-3B-Instruct_SatImp,forget05,0.1,1,0,True,0.0,0.0,0.033824255806344565,0.0,0.7342794638305958,0.6453916795894793,2.9623487356936016e-13,0.9906508830189705,0.8764130005437246,0.10429400723893195,0.8515625144960359,0.47882334125364684,1.0,1.0,0.999775,0.99995,-99.99999998436645,0.9449230527877808,0.5358181520547578,0.4734755564690525,0.616914258405192,0.49597835297030357,0.6661040985554768,0.7535413816076187,0.7829999999999999,0.8578347578347578,0.7562768777669288,0.020524880956509152,0.0069873798977947155,0.0903265064500738,0.036628643152656536,0.0057958032401578905,0.0021503631126816606,0.04490966419060714,0.02,12852.0,/home/joaoabitante/speculative-decoding-unlearning/saves/unlearn/sud/results/original-unlearned/target-Llama-3.2-3B-Instruct/draft-Llama-3.2-3B-Instruct_SatImp/forget05/a0.1_k1_s0
original-unlearned,Llama-3.2-3B-Instruct,Llama-3.2-3B-Instruct_SatImp,forget05,0.2,1,0,True,0.0,0.0,0.03632862297877733,0.0,0.7213803705122278,0.6444434547785979,1.4275699621532978e-12,0.9898931810259819,0.8752165824857654,0.11725738199427724,0.8191779762832447,0.49598272866927057,1.0,1.0,0.999825,0.999925,-99.99999998436645,0.9451103061437607,0.5309434638343262,0.4683036764020497,0.6105118117022565,0.49839723165429045,0.6698688452498999,0.7584803289138011,0.782,0.8663817663817664,0.6983721389114368,0.0218252553298953,0.007536509046027805,0.09413223032956011,0.0387607982866354,0.006285003738998967,0.002311107393587782,0.05296935267141089,0.02,12852.0,/home/joaoabitante/speculative-decoding-unlearning/saves/unlearn/sud/results/original-unlearned/target-Llama-3.2-3B-Instruct/draft-Llama-3.2-3B-Instruct_SatImp/forget05/a0.2_k1_s0
original-unlearned,Llama-3.2-3B-Instruct,Llama-3.2-3B-Instruct_SatImp,forget05,0.3,1,0,True,0.0002495870471262982,0.0002495847330956772,0.0457036621522228,8.335742884041016e-05,0.6929050373066341,0.6432350852755966,5.951062636424447e-11,0.9871291464567185,0.8512987627884473,0.1298535799793899,0.7508878230827395,0.5124818906229602,0.99995,0.999975,0.9998,0.9999,-99.9960915969677,0.9437967813014985,0.5262861303686377,0.463088479006692,0.6033624624108953,0.5008591580988172,0.673621994185648,0.7420625144008953,0.8270000000000001,0.8492877492877493,0.6192699646448391,0.023226935945567673,0.008145856822493365,0.09786749191116542,0.04091140650375889,0.0068161619486598575,0.002485882276083798,0.061346371012739834,0.02,12852.0,/home/joaoabitante/speculative-decoding-unlearning/saves/unlearn/sud/results/original-unlearned/target-Llama-3.2-3B-Instruct/draft-Llama-3.2-3B-Instruct_SatImp/forget05/a0.3_k1_s0
original-unlearned,Llama-3.2-3B-Instruct,Llama-3.2-3B-Instruct_SatImp,forget05,0.4,1,0,True,0.001046579460245181,0.0010466281744499874,0.07702483805865382,0.000350655332107856,0.5900268469042388,0.640442344179496,4.869254633582969e-10,0.9776110351085663,0.7624642571213838,0.13963695062324405,0.5469695128081367,0.5279143154116448,0.9996499999999999,0.999875,0.999775,0.999675,-99.98045804737271,0.9410589584708213,0.5216787905100643,0.45785444108998374,0.5954093958788055,0.5033719875122995,0.6768475226602839,0.7377209291715559,0.7879999999999999,0.892022792022792,0.5095956135515562,0.024740738455293468,0.008822486882634536,0.10147415129933507,0.04304484852742922,0.007391914451523767,0.002675770435693315,0.06880767512973397,1737.857,35670.2,/home/joaoabitante/speculative-decoding-unlearning/saves/unlearn/sud/results/original-unlearned/target-Llama-3.2-3B-Instruct/draft-Llama-3.2-3B-Instruct_SatImp/forget05/a0.4_k1_s0
original-unlearned,Llama-3.2-3B-Instruct,Llama-3.2-3B-Instruct_SatImp,forget05,0.5,1,0,True,0.004649423578326653,0.004654027455275479,0.12686617829800242,0.0015744373875121094,0.4521949961566989,0.6356684974684639,1.2940880677508261e-08,0.9613166213035583,0.625671899222261,0.1417898506950587,0.3509112146584084,0.5429704433380875,0.996525,0.9984999999999999,0.999675,0.99795,-99.76549674044156,0.9368468199670315,0.5171516684280326,0.45263197139051026,0.5869912276149463,0.5059498417240148,0.6796338845442614,0.7189572366840542,0.792,0.874928774928775,0.35156590974195145,0.02637852915097028,0.009573933913064403,0.10487060333136469,0.04511105056085762,0.008014432456688309,0.0028817934704566004,0.07284445385541767,2863.152,35673.3,/home/joaoabitante/speculative-decoding-unlearning/saves/unlearn/sud/results/original-unlearned/target-Llama-3.2-3B-Instruct/draft-Llama-3.2-3B-Instruct_SatImp/forget05/a0.5_k1_s0
original-unlearned,Llama-3.2-3B-Instruct,Llama-3.2-3B-Instruct_SatImp,forget05,0.6,1,0,True,0.010357574439668761,0.010416989717834117,0.2094271444756711,0.0035507190469716886,0.3091117239983163,0.6316952417909575,2.6127403909667314e-07,0.9301435953378677,0.45935760326255104,0.1288861328456551,0.20461987995702657,0.5595863963712607,0.9720249999999999,0.986375,0.9994999999999999,0.9732249999999999,-97.86992885204879,0.9310625676810741,0.5128437244703551,0.4474582755416319,0.5787290239572315,0.5086150020512925,0.6829366203742895,0.7332300983714335,0.777,0.8478632478632477,0.22226023243081794,0.028152697559125955,0.010407810198402385,0.10794213849352673,0.04703995361638409,0.008685035609050828,0.0031047667317968624,0.06920406405627727,2956.435,35673.3,/home/joaoabitante/speculative-decoding-unlearning/saves/unlearn/sud/results/original-unlearned/target-Llama-3.2-3B-Instruct/draft-Llama-3.2-3B-Instruct_SatImp/forget05/a0.6_k1_s0
original-unlearned,Llama-3.2-3B-Instruct,Llama-3.2-3B-Instruct_SatImp,forget05,0.7,1,0,True,0.0141535035723478,0.014537686567658033,0.32794001245024107,0.004957251635070105,0.13912784365454534,0.6304422423136906,4.024806511439489e-06,0.8742998674511909,0.2979110541445153,0.09589813183061778,0.07819170978633337,0.5842757577988786,0.815475,0.9185,0.99935,0.765475,-87.25865706444796,0.9235688170790672,0.5087961075109192,0.44238214844362617,0.5701625631458773,0.5113957269647432,0.6858957719927449,0.7256954984460975,0.7979999999999999,0.8556980056980058,0.11273144273206523,0.030075972310005455,0.011331173947969819,0.11052693664329126,0.04873562631810126,0.009403655489024158,0.0033451557252776446,0.054272716970182946,4233.805,35673.3,/home/joaoabitante/speculative-decoding-unlearning/saves/unlearn/sud/results/original-unlearned/target-Llama-3.2-3B-Instruct/draft-Llama-3.2-3B-Instruct_SatImp/forget05/a0.7_k1_s0
original-unlearned,Llama-3.2-3B-Instruct,Llama-3.2-3B-Instruct_SatImp,forget05,0.8,1,0,True,0.026037634132360783,0.02784620635040202,0.4816389453316223,0.009609473225077925,0.11016102838587884,0.6272020657001701,0.00018395764501293307,0.7745686084032058,0.16832382778132637,0.05437269809888676,0.06038334369790391,0.6214473929791291,0.42107500000000003,0.6676000000000001,0.99875,0.350675,-48.034081130612996,0.9141680008172989,0.5050394193694623,0.43746573650689524,0.561960432048864,0.5143246979384799,0.6901258443722542,0.6966017253307918,0.809,0.8732193732193732,0.0783356340696255,0.03216029581744806,0.01234952677871828,0.11239978666417301,0.05006998748171156,0.010168116711591514,0.003602852085778368,0.033428127919789406,4453.561,35673.3,/home/joaoabitante/speculative-decoding-unlearning/saves/unlearn/sud/results/original-unlearned/target-Llama-3.2-3B-Instruct/draft-Llama-3.2-3B-Instruct_SatImp/forget05/a0.8_k1_s0
original-unlearned,Llama-3.2-3B-Instruct,Llama-3.2-3B-Instruct_SatImp,forget05,0.9,1,0,True,0.049515761201222995,0.05729936281832954,0.6715599275174798,0.020304148121486378,0.10155708171607505,0.6186154919936618,0.0030098470801667434,0.5798666832596063,0.0796776256696591,0.02452258499659365,0.05531938696978614,0.6828875932694934,0.10407500000000001,0.31357500000000005,0.9972749999999999,0.08797500000000001,7.312592823057501,0.9026206383109092,0.5015845790900887,0.4327860773581939,0.5537428889532764,0.5174317184757724,0.6956632774797822,0.6834354630333379,0.767,0.8378917378917379,0.05592125965679662,0.03441408013037289,0.013465269384621732,0.11325871538836509,0.050877164873348424,0.01097345880683406,0.003876846598317068,0.017641761828388555,3798.061,35673.3,/home/joaoabitante/speculative-decoding-unlearning/saves/unlearn/sud/results/original-unlearned/target-Llama-3.2-3B-Instruct/draft-Llama-3.2-3B-Instruct_SatImp/forget05/a0.9_k1_s0
original-unlearned,Llama-3.2-3B-Instruct,Llama-3.2-3B-Instruct_SatImp,forget05,0.95,1,0,True,0.06421059248700768,0.07770767661284597,0.7556712484808937,0.02803373681341885,0.1028105241310212,0.6205045385429393,0.0020827633834865906,0.45498007990419864,0.05817511006987006,0.015837620047823294,0.05604856610269053,0.7242961012255006,0.05007500000000002,0.18130000000000002,0.995925,0.041475000000000005,27.991870549833198,0.8959647300839424,0.49992422863711666,0.4305646853995166,0.5500291303515283,0.5190595690601927,0.6980945319224898,0.6614118296802002,0.812,0.8735042735042734,0.05711652969650883,0.035604948213003806,0.014059150173790693,0.11319571415660903,0.05102286562100835,0.011388868373975736,0.0040193542144507585,0.012825092760947883,3890.454,35673.3,/home/joaoabitante/speculative-decoding-unlearning/saves/unlearn/sud/results/original-unlearned/target-Llama-3.2-3B-Instruct/draft-Llama-3.2-3B-Instruct_SatImp/forget05/a0.95_k1_s0
original-unlearned,Llama-3.2-3B-Instruct,Llama-3.2-3B-Instruct_SatImp,forget05,0.98,1,0,True,0.07952139970320828,0.10205523784779559,0.7990923187912332,0.03771198453578729,0.10042676577912235,0.6143803848704333,7.536785951251345e-05,0.37861999635584653,0.04798913409741365,0.012221638953851652,0.05468259823246626,0.7498628286610969,0.03855000000000003,0.12555,0.9938499999999999,0.029100000000000015,36.70757444904124,0.8916730074584485,0.4989879152532245,0.4292774691526155,0.5479087562661813,0.5200611363671244,0.6994567111328001,0.6397551241478431,0.777,0.8575498575498575,0.050038144083156225,0.036339114052971126,0.014426588124545241,0.1129749176511541,0.05101353244345422,0.011641402355720252,0.004106432721544566,0.010765035780190373,0.021,12852.0,/home/joaoabitante/speculative-decoding-unlearning/saves/unlearn/sud/results/original-unlearned/target-Llama-3.2-3B-Instruct/draft-Llama-3.2-3B-Instruct_SatImp/forget05/a0.98_k1_s0
original-unlearned,Llama-3.2-3B-Instruct,Llama-3.2-3B-Instruct_SatImp,forget05,0.99,1,0,True,0.08980576486389603,0.12021762738344534,0.8124799344952314,0.04524176508818301,0.09929344590932031,0.6171036369674773,6.734842895808746e-06,0.35299848997034133,0.044266399188177485,0.011231616872537415,0.053990307532221775,0.7576152516757776,0.03590000000000003,0.11165,0.99195,0.026300000000000018,38.88063784274514,0.8901916815340519,0.49868631267668173,0.42885668102447944,0.547194979009285,0.5203990424147062,0.699895133849719,0.6454203392310001,0.7929999999999999,0.8806267806267806,0.04656199323423829,0.03658698141327477,0.01455085833726909,0.11286897359648719,0.05099315961141395,0.011726044047624482,0.004135699758978101,0.010194373719801662,0.021,12852.0,/home/joaoabitante/speculative-decoding-unlearning/saves/unlearn/sud/results/original-unlearned/target-Llama-3.2-3B-Instruct/draft-Llama-3.2-3B-Instruct_SatImp/forget05/a0.99_k1_s0
original-unlearned,Llama-3.2-3B-Instruct,Llama-3.2-3B-Instruct_SatImp,forget05,0.995,1,0,True,0.09776059496714146,0.13309493026460023,0.8193920441580834,0.05077581079517781,0.1023292516699756,0.6152072900284719,4.024806511439489e-06,0.33868797300383446,0.04352899805355493,0.01077226287619851,0.05580579768778989,0.7615432632660153,0.03477500000000003,0.1052,0.9903249999999999,0.024975000000000015,39.88900179162213,0.8894414374977351,0.4985353674553645,0.4286478863867513,0.5468368157476758,0.520568832710256,0.7001114066690561,0.6446033078567066,0.787,0.8575498575498575,0.052605191130302736,0.03671148798661306,0.014613321967977233,0.1128098040772602,0.050979644969422575,0.011768447497058028,0.004150376740090935,0.009928618175654264,0.021,12852.0,/home/joaoabitante/speculative-decoding-unlearning/saves/unlearn/sud/results/original-unlearned/target-Llama-3.2-3B-Instruct/draft-Llama-3.2-3B-Instruct_SatImp/forget05/a0.995_k1_s0
original-unlearned,Llama-3.2-3B-Instruct,Llama-3.2-3B-Instruct_SatImp,forget10,0.1,1,0,True,0.00654157615674667,0.006539113068855682,0.03520842318679693,0.0023318650940726605,0.7344829546595133,0.6517864819801557,8.999307866955786e-26,0.99020164757967,0.8807855864023031,0.10649337677983567,0.8412132584792562,0.48929188597007006,0.997775,0.99786875,0.9989625000000001,0.998975,-99.64829042757596,0.9470280349254608,0.5377289293748939,0.4760276832084234,0.621209983926356,0.49206630838522286,0.6608210405482672,0.7571117661823524,0.8370000000000001,0.8920227920227921,0.7512761539521071,0.01962039346268284,0.006603212227959468,0.08786100942175835,0.035323264910945514,0.005509605250388935,0.002053298670729793,0.04617080708102003,1934.568,40756.5,/home/joaoabitante/speculative-decoding-unlearning/saves/unlearn/sud/results/original-unlearned/target-Llama-3.2-3B-Instruct/draft-Llama-3.2-3B-Instruct_SatImp/forget10/a0.1_k1_s0
original-unlearned,Llama-3.2-3B-Instruct,Llama-3.2-3B-Instruct_SatImp,forget10,0.2,1,0,True,0.006447685241584779,0.006445485868003673,0.038681224643189925,0.0022828648020899902,0.722108562377837,0.6478360099202076,2.0132797133922014e-23,0.9891688269376755,0.8745855547893098,0.11938230477739126,0.8156166919169482,0.5065574946987179,0.9973500000000001,0.9974375000000001,0.9993875,0.9985062499999999,-99.57712339133379,0.9490071454644203,0.5347543023759499,0.4735136100296419,0.6188722168708614,0.4905046962302825,0.6586994425071045,0.7541461220713964,0.8170000000000001,0.8817663817663817,0.6873182556260129,0.01992812352225883,0.006720589675762087,0.08898302904446609,0.03600952638781308,0.005674514061785581,0.0021056036934917442,0.05445639662265602,1951.662,40756.5,/home/joaoabitante/speculative-decoding-unlearning/saves/unlearn/sud/results/original-unlearned/target-Llama-3.2-3B-Instruct/draft-Llama-3.2-3B-Instruct_SatImp/forget10/a0.2_k1_s0
original-unlearned,Llama-3.2-3B-Instruct,Llama-3.2-3B-Instruct_SatImp,forget10,0.3,1,0,True,0.005644074578727301,0.005642966072643719,0.04673938925584915,0.0019658493654763362,0.6898035679637612,0.643458339934927,1.3990395281788573e-20,0.9868330417573452,0.8478009457607968,0.1317545191105455,0.7433430113538634,0.5232464953502576,0.9968375,0.99696875,0.999625,0.99765,-99.49976791715748,0.9492938248813152,0.5317104547649599,0.4710510945678638,0.6163276769865143,0.48892430473675785,0.65784688642742,0.7450710617087253,0.8103333333333333,0.8578347578347578,0.6092514839836332,0.020239571315032664,0.0068442709914613735,0.08985535497195088,0.036593675392481206,0.005839894010014556,0.0021593318867079783,0.06300367375824134,2077.234,40756.5,/home/joaoabitante/speculative-decoding-unlearning/saves/unlearn/sud/results/original-unlearned/target-Llama-3.2-3B-Instruct/draft-Llama-3.2-3B-Instruct_SatImp/forget10/a0.3_k1_s0
original-unlearned,Llama-3.2-3B-Instruct,Llama-3.2-3B-Instruct_SatImp,forget10,0.4,1,0,True,0.005007384680263846,0.0050081217359807416,0.06631199331598708,0.0017170416082984631,0.6105572940709579,0.6452966341574651,1.11924339764853e-19,0.9809709846973419,0.7894148518554602,0.1409443715400994,0.5793672419496579,0.5385480093292919,0.99584375,0.9962437500000001,0.99971875,0.99689375,-99.38012478376483,0.948064143359661,0.5286179572981483,0.46865058526061404,0.6135228204875527,0.48733646029407934,0.6567680041860694,0.7722808923736713,0.813,0.8792022792022792,0.4806870781121986,0.020555180835654028,0.006974322717728993,0.09047824348439462,0.037071205557921476,0.006005060221602888,0.002214286203972494,0.07039043634853442,2788.52,40756.5,/home/joaoabitante/speculative-decoding-unlearning/saves/unlearn/sud/results/original-unlearned/target-Llama-3.2-3B-Instruct/draft-Llama-3.2-3B-Instruct_SatImp/forget10/a0.4_k1_s0
original-unlearned,Llama-3.2-3B-Instruct,Llama-3.2-3B-Instruct_SatImp,forget10,0.5,1,0,True,0.005182134499772167,0.005189957397953423,0.11703560801203114,0.0017607531003804577,0.4117220632831454,0.6425824836732944,7.975373070421785e-17,0.9646983663737774,0.6521799732477233,0.1413867248594761,0.30289946231947396,0.5522992121209471,0.993375,0.9945375000000002,0.9997375,0.9950687500000001,-99.09855085776314,0.9453615154325962,0.5255029681637725,0.46632491039521395,0.6109378879120461,0.48575770053963174,0.6555482957643013,0.7546445562288866,0.841,0.8578347578347578,0.34437423372835796,0.020875448144215623,0.007110735815784085,0.09085454560932703,0.03743874004767338,0.006169107016102846,0.00227018320658942,0.07364835729682818,5054.51,40756.5,/home/joaoabitante/speculative-decoding-unlearning/saves/unlearn/sud/results/original-unlearned/target-Llama-3.2-3B-Instruct/draft-Llama-3.2-3B-Instruct_SatImp/forget10/a0.5_k1_s0
original-unlearned,Llama-3.2-3B-Instruct,Llama-3.2-3B-Instruct_SatImp,forget10,0.6,1,0,True,0.007249836708531858,0.007344693637592922,0.18505422181730494,0.0024907086897458515,0.14479225749654806,0.6401325470575102,3.1508505165833036e-15,0.9403742019832134,0.48400636845110784,0.12396846829447895,0.08162787659588502,0.5667319709476089,0.9787999999999999,0.98694375,0.9996625,0.97695,-97.84539217610721,0.9411922399699688,0.5223909002404995,0.46409076029299795,0.6083329852248149,0.48421092975384733,0.6539321545520169,0.7580681571735067,0.8170000000000001,0.872079772079772,0.18559584762647077,0.021200790570874234,0.007253365726824008,0.09098774823825806,0.0376936595785275,0.006330804557336098,0.00232661652489799,0.06761909282847772,5646.085,40756.5,/home/joaoabitante/speculative-decoding-unlearning/saves/unlearn/sud/results/original-unlearned/target-Llama-3.2-3B-Instruct/draft-Llama-3.2-3B-Instruct_SatImp/forget10/a0.6_k1_s0
original-unlearned,Llama-3.2-3B-Instruct,Llama-3.2-3B-Instruct_SatImp,forget10,0.7,1,0,True,0.009871272870327416,0.01014031883714576,0.29454777318075603,0.0034378449490830455,0.10376417268752725,0.6354252675138553,1.6027740307205098e-12,0.8930410934984684,0.305159287808535,0.08399146492825821,0.05649485703535902,0.5882756696661944,0.8859812499999999,0.9516000000000001,0.9995562499999999,0.8248750000000001,-92.01278942321485,0.9354937125742435,0.5194495769100534,0.4619705536596779,0.6056410163689072,0.4827265279980428,0.6527056492644455,0.7428468765883968,0.812,0.8528490028490028,0.09942217653016208,0.021531349662400317,0.007401919735349484,0.09087559451931156,0.03783147353692334,0.006488505919216248,0.002383028499541729,0.04856628092873143,6535.618,40756.5,/home/joaoabitante/speculative-decoding-unlearning/saves/unlearn/sud/results/original-unlearned/target-Llama-3.2-3B-Instruct/draft-Llama-3.2-3B-Instruct_SatImp/forget10/a0.7_k1_s0
original-unlearned,Llama-3.2-3B-Instruct,Llama-3.2-3B-Instruct_SatImp,forget10,0.8,1,0,True,0.014430291920905499,0.015001853425581213,0.4605300642134142,0.005096052313480168,0.10532672457214264,0.635503625152035,1.7473118094396964e-09,0.7931379937380553,0.17771546732379562,0.039412783285370095,0.05742183541151462,0.6272151824963756,0.4766875,0.80965,0.99935,0.37629999999999997,-68.58748902998917,0.9280972577631473,0.516721125678685,0.4599945713937417,0.6029865592484347,0.48133881443214943,0.6521826358665868,0.7195407360380267,0.8420000000000001,0.8860398860398859,0.06767356350508208,0.021866535247390857,0.007555851026868601,0.0905078472639434,0.03784413626503664,0.00664003477263653,0.0024386811588522892,0.02515146322513465,8487.592,40756.5,/home/joaoabitante/speculative-decoding-unlearning/saves/unlearn/sud/results/original-unlearned/target-Llama-3.2-3B-Instruct/draft-Llama-3.2-3B-Instruct_SatImp/forget10/a0.8_k1_s0
original-unlearned,Llama-3.2-3B-Instruct,Llama-3.2-3B-Instruct_SatImp,forget10,0.9,1,0,True,0.02083852516646405,0.022083197098136463,0.6760930330536096,0.007531264339958327,0.10303747852272938,0.6285441524577223,1.4629553806612078e-06,0.5771800917759538,0.07879978232404038,0.01370872600004077,0.056118502866884225,0.6887845450068708,0.06919375000000003,0.45699999999999996,0.9990249999999999,0.06745625,-10.391418697681768,0.9187891463935375,0.5140606354144915,0.45819599650835857,0.6009405411810045,0.48009086299369835,0.6521545513818714,0.7088040235432345,0.8029999999999999,0.8575498575498575,0.05556179383412703,0.02220507739271852,0.007714432773595906,0.08986425272771158,0.037718184422724906,0.006782913032733784,0.002492630975793942,0.010771049743925686,6489.565,40756.5,/home/joaoabitante/speculative-decoding-unlearning/saves/unlearn/sud/results/original-unlearned/target-Llama-3.2-3B-Instruct/draft-Llama-3.2-3B-Instruct_SatImp/forget10/a0.9_k1_s0
original-unlearned,Llama-3.2-3B-Instruct,Llama-3.2-3B-Instruct_SatImp,forget10,0.95,1,0,True,0.028016573116846213,0.03024303924294456,0.7614178903860712,0.010385816114435512,0.10547438838972706,0.625830369569064,3.596289960343452e-05,0.44673769902437926,0.052910996825859966,0.007983912849522313,0.0575901775683451,0.7235989973517394,0.034906250000000014,0.26836875,0.9986,0.029931249999999996,20.737455517180145,0.9133362255990505,0.5127568565818391,0.45737124663540846,0.5998834432364102,0.47953373481425965,0.6521415424533139,0.7087799134537011,0.7979999999999999,0.8336182336182336,0.059757057225551156,0.022374702723318478,0.007795178402652243,0.08942917645093985,0.03759778810483954,0.0068502379897995526,0.002518623791027768,0.007419949816263397,6577.366,40756.5,/home/joaoabitante/speculative-decoding-unlearning/saves/unlearn/sud/results/original-unlearned/target-Llama-3.2-3B-Instruct/draft-Llama-3.2-3B-Instruct_SatImp/forget10/a0.95_k1_s0
original-unlearned,Llama-3.2-3B-Instruct,Llama-3.2-3B-Instruct_SatImp,forget10,0.98,1,0,True,0.039867835130540166,0.04431519924145836,0.8068357721601089,0.015416446786865563,0.10936813512154366,0.6282732938894301,9.074891594369707e-08,0.36121784745249896,0.04600092292507124,0.005922813799516007,0.05989746263119741,0.7473940330258506,0.03087500000000001,0.1783875,0.9978,0.02208749999999999,35.58661234006101,0.9097882325202227,0.5119836888564738,0.45690132358730684,0.5992453688246652,0.47922450237891484,0.6521165860320746,0.7001128987999213,0.8370000000000001,0.8532763532763532,0.05782086344053248,0.02247630298457807,0.007844009539091033,0.08912912225117907,0.037505927239109955,0.006889118845373711,0.0025338111620529517,0.0061979819605548995,0.024,12852.0,/home/joaoabitante/speculative-decoding-unlearning/saves/unlearn/sud/results/original-unlearned/target-Llama-3.2-3B-Instruct/draft-Llama-3.2-3B-Instruct_SatImp/forget10/a0.98_k1_s0
original-unlearned,Llama-3.2-3B-Instruct,Llama-3.2-3B-Instruct_SatImp,forget10,0.99,1,0,True,0.04588609688427317,0.05181925343375949,0.8218200078593523,0.01815644137807271,0.11006431464129345,0.6250562522912283,6.834081702543897e-09,0.33006447088439017,0.043554519473707386,0.005395229948844644,0.06034515788691351,0.7555138468439772,0.030093750000000013,0.15403125,0.997325,0.020549999999999985,39.60600277826109,0.9085579278320074,0.5117275241647316,0.4567489485782682,0.5991184387490222,0.47912566118853656,0.6521053553444165,0.6951604795112084,0.777,0.8777777777777777,0.057374336128627655,0.022510108012502316,0.007860340167824758,0.0890223776269704,0.03747194746362658,0.006901804484715133,0.0025387995830847563,0.005884889271652355,0.024,12852.0,/home/joaoabitante/speculative-decoding-unlearning/saves/unlearn/sud/results/original-unlearned/target-Llama-3.2-3B-Instruct/draft-Llama-3.2-3B-Instruct_SatImp/forget10/a0.99_k1_s0
original-unlearned,Llama-3.2-3B-Instruct,Llama-3.2-3B-Instruct_SatImp,forget10,0.995,1,0,True,0.04941990169231566,0.05663052710471472,0.8278443271495075,0.019932208561959867,0.10722391626203809,0.626193667680213,1.0973970510505411e-09,0.3174477039882913,0.04277406528116081,0.005156012102670502,0.058631751824577805,0.7593770184047395,0.02976875000000001,0.14245625,0.997,0.019843749999999986,41.516167287254326,0.9079337108135224,0.5115997220041484,0.45667353537394945,0.5990550201591683,0.4790770829060003,0.652099132698684,0.691256632547086,0.8079999999999999,0.8678062678062678,0.04936132557730172,0.022526996790111296,0.007868516474476735,0.08896772434585727,0.03745432164130381,0.006908095309973609,0.0025412792965766305,0.00574305752302098,0.024,12852.0,/home/joaoabitante/speculative-decoding-unlearning/saves/unlearn/sud/results/original-unlearned/target-Llama-3.2-3B-Instruct/draft-Llama-3.2-3B-Instruct_SatImp/forget10/a0.995_k1_s0
original-unlearned,Llama-3.2-3B-Instruct,Llama-3.2-3B-Instruct_SimNPO,forget01,0.1,1,0,True,0.0,0.0,0.03507876559730875,0.0,0.7542649636775267,0.6435296855847995,0.01430154804770646,0.9903588935732841,0.861691455082094,0.09333905326202512,0.9110303863883018,0.5067387460776095,1.0,1.0,0.999375,1.0,-99.99999997740113,0.9386437633633613,0.5361422614655795,0.4766914684707335,0.6207888365163636,0.48340561066932186,0.653141489331522,0.7322403886724402,0.8296666666666667,0.8507122507122507,0.8149832878265597,0.018907512073492398,0.005922920995033595,0.08731647670851089,0.03542434202425852,0.005343003846693744,0.0018535302092808556,0.04686591221252456,1269.369,33151.0,/home/joaoabitante/speculative-decoding-unlearning/saves/unlearn/sud/results/original-unlearned/target-Llama-3.2-3B-Instruct/draft-Llama-3.2-3B-Instruct_SimNPO/forget01/a0.1_k1_s0
original-unlearned,Llama-3.2-3B-Instruct,Llama-3.2-3B-Instruct_SimNPO,forget01,0.2,1,0,True,0.0,0.0,0.1006471612749161,0.0,0.7311343298004509,0.6374321274953552,0.01430154804770646,0.9706103652715683,0.622302494046281,0.09410526435822249,0.8571323551237583,0.508725648113491,1.0,1.0,0.99625,1.0,-99.99999997740113,0.92986088052392,0.5315342043379911,0.47476971667968415,0.6183023300319825,0.4733361025757714,0.6429528279440193,0.6986843011833521,0.8293333333333334,0.882051282051282,0.6961808579349897,0.01849046577102854,0.005437200170672732,0.08740908545441925,0.036007200263165916,0.005322102190692516,0.001719899998698581,0.04818541431799531,1247.817,33151.0,/home/joaoabitante/speculative-decoding-unlearning/saves/unlearn/sud/results/original-unlearned/target-Llama-3.2-3B-Instruct/draft-Llama-3.2-3B-Instruct_SimNPO/forget01/a0.2_k1_s0
original-unlearned,Llama-3.2-3B-Instruct,Llama-3.2-3B-Instruct_SimNPO,forget01,0.3,1,0,True,0.0,0.0,0.16214979979700891,0.0,0.7219148026763037,0.626625702000394,0.02860307028023343,0.9495766147971153,0.4370751244262884,0.09335583290085196,0.8513819091022015,0.5109666673052955,0.999375,1.0,0.980625,1.0,-99.99999997740113,0.9158559176325798,0.5267877849860259,0.47281500059881104,0.6165565558578303,0.4634949428196623,0.6343215026851464,0.6734269042780535,0.807,0.8492877492877492,0.5850768693067881,0.018067046981159365,0.005016315937886448,0.08680303733097389,0.036284121489903474,0.005283630947807296,0.0015993258455025549,0.0486899169581011,1252.641,33151.0,/home/joaoabitante/speculative-decoding-unlearning/saves/unlearn/sud/results/original-unlearned/target-Llama-3.2-3B-Instruct/draft-Llama-3.2-3B-Instruct_SimNPO/forget01/a0.3_k1_s0
original-unlearned,Llama-3.2-3B-Instruct,Llama-3.2-3B-Instruct_SimNPO,forget01,0.4,1,0,True,0.0,0.0,0.2234714767636073,0.0,0.7084821186634456,0.6237395434593315,0.02860307028023343,0.9245733559131623,0.37241764862750826,0.09138677446171642,0.8198716120328754,0.5134875598377867,0.995625,0.99625,0.9612499999999999,1.0,-99.152542350474,0.8960316601395607,0.5219003596305417,0.47084968947783723,0.6143344403118466,0.4539810390813656,0.6235119541911032,0.6602581602600912,0.8323333333333331,0.8905982905982907,0.5457650453812483,0.017639129870876787,0.004646307836357011,0.0855418644263409,0.036259906009991225,0.005228530263927572,0.0014899918431559881,0.04852140355738811,1279.149,33151.0,/home/joaoabitante/speculative-decoding-unlearning/saves/unlearn/sud/results/original-unlearned/target-Llama-3.2-3B-Instruct/draft-Llama-3.2-3B-Instruct_SimNPO/forget01/a0.4_k1_s0
original-unlearned,Llama-3.2-3B-Instruct,Llama-3.2-3B-Instruct_SimNPO,forget01,0.5,1,0,True,0.05777517081012312,0.05751393485693375,0.292440079964868,0.02123265595218685,0.7098985210757633,0.6080860065288203,0.054141077480362725,0.8915073826909066,0.2991536753681916,0.08840425596572458,0.8526603971142321,0.5162689637248119,0.985625,0.9887499999999999,0.9456249999999999,0.99625,-97.45762709661973,0.869731260985136,0.5167884585664808,0.46891597293392145,0.6120551687461304,0.44487269625147885,0.6099578667401231,0.6032407418484067,0.7836666666666666,0.8863247863247862,0.4852273071434718,0.017207853996369524,0.004316737523401442,0.0836587921960745,0.03593594804644709,0.0051580186895653435,0.0013904401387827298,0.0477655288844835,0.021,12852.0,/home/joaoabitante/speculative-decoding-unlearning/saves/unlearn/sud/results/original-unlearned/target-Llama-3.2-3B-Instruct/draft-Llama-3.2-3B-Instruct_SimNPO/forget01/a0.5_k1_s0
original-unlearned,Llama-3.2-3B-Instruct,Llama-3.2-3B-Instruct_SimNPO,forget01,0.6,1,0,True,0.12292782227829276,0.12170727594217569,0.3443739939291151,0.049784250918799525,0.7071778694744832,0.6028405009222203,0.054141077480362725,0.8627104923129082,0.23894848901481724,0.08449941431172192,0.8551911380141973,0.519445163489831,0.969375,0.9731249999999999,0.921875,0.990625,-93.92655365109002,0.836343839764595,0.5113290400051134,0.4670614681021676,0.6104762376932519,0.4362075789264453,0.5953912035626812,0.5727783960665732,0.8783333333333334,0.8753561253561253,0.46718920489063437,0.01677310370225314,0.004019700700104578,0.0811938578938134,0.03531572105970165,0.005073414947817506,0.0012994771256270251,0.04647481823572889,1287.281,33151.0,/home/joaoabitante/speculative-decoding-unlearning/saves/unlearn/sud/results/original-unlearned/target-Llama-3.2-3B-Instruct/draft-Llama-3.2-3B-Instruct_SimNPO/forget01/a0.6_k1_s0
original-unlearned,Llama-3.2-3B-Instruct,Llama-3.2-3B-Instruct_SimNPO,forget01,0.7,1,0,True,0.24831450943320285,0.24323503585474537,0.3874046591444802,0.12398351456725322,0.6970661823648595,0.5928101124896631,0.02860307028023343,0.8349931821227073,0.2108229389729656,0.07972947973757982,0.8458181612193585,0.5232901698676534,0.9524999999999999,0.9574999999999999,0.861875,0.956875,-90.39548020556032,0.7958945364505052,0.505765887948191,0.46533153595468396,0.6094400251552997,0.42797605498900476,0.5791598961346046,0.5432724121759898,0.8893333333333334,0.8849002849002849,0.4461338176783737,0.01633185867269276,0.003749157322548313,0.07821551887551323,0.03442134937627739,0.004975273559350532,0.0012161151358281012,0.04471675101318397,0.022,12852.0,/home/joaoabitante/speculative-decoding-unlearning/saves/unlearn/sud/results/original-unlearned/target-Llama-3.2-3B-Instruct/draft-Llama-3.2-3B-Instruct_SimNPO/forget01/a0.7_k1_s0
original-unlearned,Llama-3.2-3B-Instruct,Llama-3.2-3B-Instruct_SimNPO,forget01,0.8,1,0,True,0.3440142216076043,0.3325684512173995,0.4300213612822896,0.20135769200894224,0.6998795567427276,0.5783867690469161,0.02860307028023343,0.8041488111019135,0.18193277703181687,0.07415698296390474,0.8859846968203783,0.5281348222633327,0.9299999999999999,0.9299999999999999,0.789375,0.9218749999999999,-84.18079094142806,0.7487375051900744,0.500302992461375,0.46376740359850266,0.608642366058355,0.4201314550765389,0.5634658292925578,0.5027685644100808,0.8653333333333333,0.8870370370370371,0.4205623098663468,0.015878041788582778,0.003500517632291093,0.0748022039834177,0.033292258106949336,0.004862749045919799,0.0011394911294455574,0.04254236007109284,0.019,12852.0,/home/joaoabitante/speculative-decoding-unlearning/saves/unlearn/sud/results/original-unlearned/target-Llama-3.2-3B-Instruct/draft-Llama-3.2-3B-Instruct_SimNPO/forget01/a0.8_k1_s0
original-unlearned,Llama-3.2-3B-Instruct,Llama-3.2-3B-Instruct_SimNPO,forget01,0.9,1,0,True,0.4403122814587686,0.4216492214026671,0.45041954586799043,0.3192930207203458,0.6843341319888225,0.5672641513023836,0.054141077480362725,0.7888341695070267,0.1674536103651502,0.06789489551447332,0.8622906424105168,0.5344678364921595,0.8931250000000001,0.890625,0.70625,0.860625,-75.28248585869322,0.6952437797561288,0.4949108423425679,0.46241592518446223,0.6084170608412103,0.4126044131168645,0.5532728546270896,0.4806277172499226,0.8673333333333332,0.8803418803418803,0.4105553034865471,0.015404331097151953,0.003270313019580645,0.07102239665633533,0.031968497352232804,0.004733215156297987,0.0010688415835352551,0.03997028928832151,0.019,12852.0,/home/joaoabitante/speculative-decoding-unlearning/saves/unlearn/sud/results/original-unlearned/target-Llama-3.2-3B-Instruct/draft-Llama-3.2-3B-Instruct_SimNPO/forget01/a0.9_k1_s0
original-unlearned,Llama-3.2-3B-Instruct,Llama-3.2-3B-Instruct_SimNPO,forget01,0.95,1,0,True,0.4897309004567325,0.4643701484507621,0.46575998731304574,0.39509712663617574,0.6907215590078104,0.5610690550303512,0.09707484379785862,0.7763942807912827,0.15932828331125173,0.06457427581772208,0.8983023285865783,0.5383870443104312,0.86625,0.86625,0.663125,0.8212499999999999,-69.77401128366688,0.666332705039531,0.4921928422018851,0.46183985102607567,0.6081378923308423,0.40893733617892347,0.5485976126315871,0.4769282515411807,0.8440000000000001,0.8703703703703703,0.39816926046436685,0.015157868008018341,0.0031613049216670723,0.06901039963180665,0.031243924852191397,0.004660775736952445,0.0010355346362230862,0.03854865309491288,0.022,12852.0,/home/joaoabitante/speculative-decoding-unlearning/saves/unlearn/sud/results/original-unlearned/target-Llama-3.2-3B-Instruct/draft-Llama-3.2-3B-Instruct_SimNPO/forget01/a0.95_k1_s0
original-unlearned,Llama-3.2-3B-Instruct,Llama-3.2-3B-Instruct_SimNPO,forget01,0.98,1,0,True,0.5171548297740772,0.4880565660540215,0.47754205969138336,0.44207181675200824,0.692118929283557,0.558442018439785,0.09707484379785862,0.766666229069233,0.14928278522696053,0.06254499026108533,0.9099341847002507,0.5410310656023215,0.8512500000000001,0.8474999999999999,0.640625,0.7987500000000001,-65.53672314903123,0.6483918110281229,0.490520398165135,0.46153173553971477,0.6079183070044176,0.40676348956361197,0.5461823482070315,0.46073289317324084,0.875,0.892022792022792,0.3848629081743796,0.015006393900180229,0.0030976991488969687,0.06776763845817185,0.0307912995645528,0.004614498056058405,0.0010161461701926507,0.03766082686954177,1414.745,33151.0,/home/joaoabitante/speculative-decoding-unlearning/saves/unlearn/sud/results/original-unlearned/target-Llama-3.2-3B-Instruct/draft-Llama-3.2-3B-Instruct_SimNPO/forget01/a0.98_k1_s0
original-unlearned,Llama-3.2-3B-Instruct,Llama-3.2-3B-Instruct_SimNPO,forget01,0.99,1,0,True,0.5236009676358588,0.4967492524958752,0.4809808664480866,0.4627340133476024,0.6714110962681622,0.5558301516359628,0.16497269950224194,0.7636413887143135,0.14850153522696052,0.06186452405527234,0.8476801900193095,0.5419655918631614,0.8412499999999999,0.8412499999999999,0.63375,0.7906249999999999,-64.12429377081935,0.6423237992078066,0.4899657665071978,0.4614357992571907,0.6078366078397403,0.4060430203719777,0.5454387012875229,0.4596258365314735,0.861,0.8706552706552706,0.39596140996400375,0.014955252990625922,0.003076785111100116,0.06734788063971792,0.030637621509187075,0.004598571219261178,0.0010097785877044379,0.037359940885799005,1392.508,33151.0,/home/joaoabitante/speculative-decoding-unlearning/saves/unlearn/sud/results/original-unlearned/target-Llama-3.2-3B-Instruct/draft-Llama-3.2-3B-Instruct_SimNPO/forget01/a0.99_k1_s0
original-unlearned,Llama-3.2-3B-Instruct,Llama-3.2-3B-Instruct_SimNPO,forget01,0.995,1,0,True,0.5304076302311526,0.5000082243238488,0.481097197293952,0.4698509896609897,0.6900783430595152,0.5577291785268903,0.16497269950224194,0.7636413887143135,0.14850153522696052,0.06152376029640436,0.9047835223376751,0.5424429859082632,0.84,0.83875,0.6268750000000001,0.7856250000000001,-63.55932201953461,0.639274536035955,0.48968704003829866,0.4613891342643063,0.6077941820457659,0.4056835111766796,0.5450609506319254,0.46234029905083873,0.8963333333333332,0.8774928774928774,0.40599489166020375,0.014929552972166676,0.0030663810704998446,0.06713701198343187,0.03056027188864772,0.004590511486917018,0.0010066127397180625,0.03720864848059136,1380.187,33151.0,/home/joaoabitante/speculative-decoding-unlearning/saves/unlearn/sud/results/original-unlearned/target-Llama-3.2-3B-Instruct/draft-Llama-3.2-3B-Instruct_SimNPO/forget01/a0.995_k1_s0
original-unlearned,Llama-3.2-3B-Instruct,Llama-3.2-3B-Instruct_SimNPO,forget05,0.1,1,0,True,0.0,0.0,0.04530219388816565,0.0,0.7369095397626668,0.6420039633527957,6.540866008411473e-13,0.9872730156779289,0.846466476517946,0.09950551697518677,0.8647418022993952,0.4764175718786183,1.0,1.0,0.9996499999999999,0.999975,-99.99999998436645,0.9382072575390339,0.5314939044545285,0.47427748696743904,0.6158462563662384,0.490173771082146,0.659722345194522,0.742769277698597,0.782,0.8635327635327635,0.7284872436097938,0.02048619959896314,0.00702058597571561,0.09309450856759213,0.03829705227961659,0.005890476409841388,0.0021843926414387596,0.042773819731548424,1667.804,35673.3,/home/joaoabitante/speculative-decoding-unlearning/saves/unlearn/sud/results/original-unlearned/target-Llama-3.2-3B-Instruct/draft-Llama-3.2-3B-Instruct_SimNPO/forget05/a0.1_k1_s0
original-unlearned,Llama-3.2-3B-Instruct,Llama-3.2-3B-Instruct_SimNPO,forget05,0.2,1,0,True,0.00038043118595073054,0.00038042157732502945,0.09974745171221941,0.00012699398189640034,0.7274680172996634,0.635401184662023,6.5689645859369454e-12,0.9702292960882187,0.702408036780031,0.10577490364201367,0.8507359018875286,0.49197742940545697,0.999925,0.99995,0.999325,0.999925,-99.99218320956895,0.9300574213266373,0.52223004518175,0.47001346317234416,0.608884572180877,0.4866755348230995,0.656118499419875,0.6971842319797805,0.8213333333333332,0.852136752136752,0.6338971071937334,0.02172763956070412,0.0076002092883525494,0.0995342600310687,0.04214017107221291,0.006472370802497001,0.002390049924623122,0.0477460717225913,1668.752,35673.3,/home/joaoabitante/speculative-decoding-unlearning/saves/unlearn/sud/results/original-unlearned/target-Llama-3.2-3B-Instruct/draft-Llama-3.2-3B-Instruct_SimNPO/forget05/a0.2_k1_s0
original-unlearned,Llama-3.2-3B-Instruct,Llama-3.2-3B-Instruct_SimNPO,forget05,0.3,1,0,True,0.0019255624956168076,0.0019252921612308023,0.16646367108486376,0.000644907944364643,0.7298808031859958,0.6293872571266413,2.44374577116149e-10,0.9466700997948646,0.5426333775516031,0.10971176934894174,0.8685633183643222,0.5080272213544944,0.999525,0.999725,0.997025,0.9997,-99.95700772298022,0.9173944102227688,0.5130147749179179,0.4658187751724578,0.602881470438063,0.4830860936309488,0.6527343343192832,0.6626719593225736,0.8420000000000001,0.864957264957265,0.5505628879496381,0.02304546925879549,0.008236222285399579,0.10562287760199979,0.045980645094783196,0.007090085837541361,0.0026208627037282873,0.05217743469635025,1653.394,35673.3,/home/joaoabitante/speculative-decoding-unlearning/saves/unlearn/sud/results/original-unlearned/target-Llama-3.2-3B-Instruct/draft-Llama-3.2-3B-Instruct_SimNPO/forget05/a0.3_k1_s0
original-unlearned,Llama-3.2-3B-Instruct,Llama-3.2-3B-Instruct_SimNPO,forget05,0.4,1,0,True,0.015394276992335696,0.015377372548801683,0.26092210769708585,0.005272888996796245,0.7164868396046492,0.621145307358674,1.8694649189611297e-09,0.9071530696749687,0.34896952673685133,0.10883480951189994,0.8464040375314653,0.5258515207177541,0.997475,0.9981249999999999,0.984275,0.99465,-99.70687092946034,0.8985109329223633,0.5036713357655962,0.4617285431458069,0.596744848861381,0.47939206228694486,0.6491826841855569,0.6353013419194142,0.8253333333333334,0.8792022792022791,0.4742154932385503,0.02444439927843632,0.008934150975959648,0.11113747770898044,0.049706723623256954,0.007741000971151758,0.002878434474100052,0.0549010772681795,1675.212,35673.3,/home/joaoabitante/speculative-decoding-unlearning/saves/unlearn/sud/results/original-unlearned/target-Llama-3.2-3B-Instruct/draft-Llama-3.2-3B-Instruct_SimNPO/forget05/a0.4_k1_s0
original-unlearned,Llama-3.2-3B-Instruct,Llama-3.2-3B-Instruct_SimNPO,forget05,0.5,1,0,True,0.0925415438717446,0.09183863158611923,0.3538862690542039,0.035480070058735234,0.7105962091978575,0.6040879465025041,2.3797467071606504e-06,0.8590964284539223,0.21108754992497303,0.10233344063162804,0.8627012291224674,0.5481112731347136,0.984275,0.9858,0.95165,0.95715,-97.78003594187759,0.8712058737874031,0.4940197479591162,0.45777502198596687,0.5899873356498424,0.4755913696776399,0.6452644398099769,0.5709574646982006,0.768,0.8763532763532763,0.41287482704587924,0.025927962439018303,0.009699232940766108,0.11581872947048395,0.05318576539291456,0.008421551675734613,0.0031644420399285357,0.055114625794813035,0.023,12852.0,/home/joaoabitante/speculative-decoding-unlearning/saves/unlearn/sud/results/original-unlearned/target-Llama-3.2-3B-Instruct/draft-Llama-3.2-3B-Instruct_SimNPO/forget05/a0.5_k1_s0
original-unlearned,Llama-3.2-3B-Instruct,Llama-3.2-3B-Instruct_SimNPO,forget05,0.6,1,0,True,0.267071483051482,0.2609522846099914,0.4308423770328942,0.1333840064390617,0.7068324070541662,0.5958873862650039,0.0002829222008740643,0.8100668701529503,0.1522939389351027,0.09248601450119168,0.8685413887351752,0.5755192561251282,0.937775,0.936675,0.863925,0.8792,-90.10005470333776,0.8331767690181732,0.4839737496309,0.4539706595919249,0.5828594997721598,0.47169462937603573,0.6407779506488356,0.5333373905251635,0.8143333333333334,0.881054131054131,0.37046567922999735,0.02749604763550451,0.010535778890368195,0.11937720326939598,0.05626697969145681,0.009127561740903426,0.0034803142940537262,0.053548978761304176,1704.405,35673.3,/home/joaoabitante/speculative-decoding-unlearning/saves/unlearn/sud/results/original-unlearned/target-Llama-3.2-3B-Instruct/draft-Llama-3.2-3B-Instruct_SimNPO/forget05/a0.6_k1_s0
original-unlearned,Llama-3.2-3B-Instruct,Llama-3.2-3B-Instruct_SimNPO,forget05,0.7,1,0,True,0.4687245840373328,0.44798208589838845,0.49751785724444836,0.3381235071629644,0.6979001493931112,0.5782957335821679,0.004304993380033157,0.7601843479275704,0.11312369071192496,0.08071351339109242,0.8798786094784736,0.6043429229161381,0.832575,0.8261500000000002,0.6940249999999999,0.733875,-72.82107401347285,0.7825043059885501,0.47363158945513173,0.45030478000763113,0.5762858026387357,0.46772760086663706,0.6365164143664126,0.49172721174372747,0.764,0.8575498575498575,0.33475239212479013,0.029138526936294512,0.011446254984532885,0.12148954139091074,0.05877352411708534,0.009852321589138836,0.0038268299472704864,0.050583777871914204,0.018,12852.0,/home/joaoabitante/speculative-decoding-unlearning/saves/unlearn/sud/results/original-unlearned/target-Llama-3.2-3B-Instruct/draft-Llama-3.2-3B-Instruct_SimNPO/forget05/a0.7_k1_s0
original-unlearned,Llama-3.2-3B-Instruct,Llama-3.2-3B-Instruct_SimNPO,forget05,0.8,1,0,True,0.6287446904630847,0.593135812209505,0.5525036196686146,0.6764578975502631,0.6742267413920797,0.5650892241797634,0.1420746514551761,0.7128274372220039,0.09232255473825625,0.06824089427944273,0.8356110096583143,0.6318743882999024,0.6326,0.616075,0.49142500000000006,0.527725,-39.97889470179335,0.7182904721796513,0.46324400420643186,0.44672317678246004,0.5697958306224806,0.46371864535387775,0.6307741514645742,0.45830181322436025,0.787,0.8418803418803419,0.33361074744501734,0.030820574311655947,0.012429827708309369,0.12179322449490428,0.06049947020404829,0.010580894014183287,0.004203581863769385,0.04654242846486158,0.022,12852.0,/home/joaoabitante/speculative-decoding-unlearning/saves/unlearn/sud/results/original-unlearned/target-Llama-3.2-3B-Instruct/draft-Llama-3.2-3B-Instruct_SimNPO/forget05/a0.8_k1_s0
original-unlearned,Llama-3.2-3B-Instruct,Llama-3.2-3B-Instruct_SimNPO,forget05,0.9,1,0,True,0.6895608154476894,0.6409302530238797,0.6091457772277099,0.8226939328053217,0.6695980754327268,0.5483855727420129,0.6284308022715471,0.6571593053638936,0.0720024444848013,0.055840805473271755,0.8595998901780695,0.6609238620773703,0.349825,0.3343999999999999,0.28255,0.3121499999999999,4.056906119900433,0.6408652304112912,0.4521348713061919,0.44306351768698554,0.565136047316027,0.4596676459597273,0.6229023138807757,0.4293320993087444,0.7509999999999999,0.8535612535612537,0.3176906136643663,0.032452789126546124,0.013480138980358033,0.11994971272069961,0.06122443276057776,0.0112781617238943,0.0046082913734634395,0.0416350407321006,0.022,12852.0,/home/joaoabitante/speculative-decoding-unlearning/saves/unlearn/sud/results/original-unlearned/target-Llama-3.2-3B-Instruct/draft-Llama-3.2-3B-Instruct_SimNPO/forget05/a0.9_k1_s0
original-unlearned,Llama-3.2-3B-Instruct,Llama-3.2-3B-Instruct_SimNPO,forget05,0.95,1,0,True,0.6141374247467312,0.5747376953241481,0.6353489539713619,0.5593667946548576,0.656501306603413,0.5381845917025506,0.6284308022715471,0.6265580989420414,0.06612987615528762,0.04987332052784041,0.8415001650946214,0.6690501733346588,0.22100000000000003,0.20832499999999998,0.19775,0.21960000000000002,23.76690377178661,0.5977392612025142,0.4463496744921187,0.44111646414352906,0.5626195076301299,0.4576105072763444,0.6183458731107482,0.40154146274166536,0.7773333333333332,0.8433048433048433,0.3049674311650372,0.03320136156806257,0.014026091476411331,0.11813001016387716,0.06114012447559799,0.011595550899107063,0.004819639812247838,0.038929987519863055,0.022,12852.0,/home/joaoabitante/speculative-decoding-unlearning/saves/unlearn/sud/results/original-unlearned/target-Llama-3.2-3B-Instruct/draft-Llama-3.2-3B-Instruct_SimNPO/forget05/a0.95_k1_s0
original-unlearned,Llama-3.2-3B-Instruct,Llama-3.2-3B-Instruct_SimNPO,forget05,0.98,1,0,True,0.5529484051830391,0.5181932273746163,0.6496447573956001,0.42148822145836157,0.6606710166017268,0.5326237742954903,0.2704743832803917,0.6085774004459381,0.06401072401842833,0.04641184567008168,0.8697713846620172,0.6732335302857464,0.159825,0.14802500000000002,0.15545,0.17495000000000002,33.19393417756678,0.5706817590817809,0.44276298433913813,0.4399051697688249,0.5617077445501714,0.4563592518077527,0.6156588955662888,0.3972637699080897,0.7736666666666667,0.827920227920228,0.2996286154002523,0.03361596364178695,0.01435872348231811,0.11672909337561578,0.06092886055953249,0.011770397275771147,0.0049487787713796815,0.037250932699767876,1722.157,35673.3,/home/joaoabitante/speculative-decoding-unlearning/saves/unlearn/sud/results/original-unlearned/target-Llama-3.2-3B-Instruct/draft-Llama-3.2-3B-Instruct_SimNPO/forget05/a0.98_k1_s0
original-unlearned,Llama-3.2-3B-Instruct,Llama-3.2-3B-Instruct_SimNPO,forget05,0.99,1,0,True,0.528583687614109,0.4967782131642944,0.6552311159075873,0.3806180191649943,0.6570047498141055,0.5303837932760372,0.220541217580421,0.6012233363091946,0.06345866861549039,0.045280629586195574,0.8630429541808553,0.6748275193051896,0.14129999999999998,0.13105,0.143625,0.160575,35.84772922131669,0.5614918391779065,0.4415354518566828,0.4394958609467633,0.5614008248746696,0.4559388782946511,0.6147819784432221,0.396788242122201,0.7659999999999999,0.819088319088319,0.30006752215733473,0.033747465725173245,0.014470287881382458,0.11620877189096063,0.060830131964257135,0.011825627759659865,0.004992148195885014,0.036683879483607594,1707.037,35673.3,/home/joaoabitante/speculative-decoding-unlearning/saves/unlearn/sud/results/original-unlearned/target-Llama-3.2-3B-Instruct/draft-Llama-3.2-3B-Instruct_SimNPO/forget05/a0.99_k1_s0
original-unlearned,Llama-3.2-3B-Instruct,Llama-3.2-3B-Instruct_SimNPO,forget05,0.995,1,0,True,0.5164530405429226,0.4857765485845096,0.6565289912073436,0.36167921095185696,0.6575441807074671,0.5297631825823205,0.220541217580421,0.5997187761962414,0.06331581147263325,0.04471948898164555,0.8665625277161598,0.6756776305558759,0.133125,0.1236,0.13765,0.153775,37.012428666143585,0.5568677320331336,0.4409196229922919,0.4392903115211551,0.5612468247126059,0.4557278936318169,0.614334449126468,0.39201853099821915,0.769,0.8378917378917379,0.297648691725046,0.03381187946535647,0.014526183817323703,0.11593845799798146,0.0607753189004909,0.011852630168550602,0.005013892135967229,0.03639915600162931,1701.335,35673.3,/home/joaoabitante/speculative-decoding-unlearning/saves/unlearn/sud/results/original-unlearned/target-Llama-3.2-3B-Instruct/draft-Llama-3.2-3B-Instruct_SimNPO/forget05/a0.995_k1_s0
original-unlearned,Llama-3.2-3B-Instruct,Llama-3.2-3B-Instruct_SimNPO,forget10,0.1,1,0,True,0.008658259657044842,0.008653405668635724,0.04631443856539791,0.003090811267965951,0.7359624790320424,0.6438640595888706,1.9834474538770552e-25,0.9869479158520699,0.8480665713967128,0.10126372855622322,0.8588062666053884,0.486491248894847,0.9975812500000001,0.9976125,0.9982812500000001,0.9986125000000001,-99.60600276835959,0.9412946252524853,0.5329315064040467,0.47542586162931,0.6163713967739914,0.48659370601334856,0.656245815450323,0.7499331028778837,0.779,0.8948717948717949,0.7260348148773261,0.020123374896356835,0.0067585851971335015,0.09280567811336368,0.03800560732538151,0.005724675572837061,0.0021319114690581454,0.04379614851803489,1938.047,40756.5,/home/joaoabitante/speculative-decoding-unlearning/saves/unlearn/sud/results/original-unlearned/target-Llama-3.2-3B-Instruct/draft-Llama-3.2-3B-Instruct_SimNPO/forget10/a0.1_k1_s0
original-unlearned,Llama-3.2-3B-Instruct,Llama-3.2-3B-Instruct_SimNPO,forget10,0.2,1,0,True,0.012655693615488942,0.012644530908520432,0.08402328526516926,0.0044684492636355416,0.7381649378098774,0.6393950054172948,4.2615726229002236e-23,0.9754167182743549,0.7379919060530448,0.10687183575937524,0.87302457462647,0.5021432987985966,0.99689375,0.9969875,0.99784375,0.9974000000000001,-99.50286213612453,0.9364330123364926,0.5249619412512891,0.4722535372189086,0.6096091351249473,0.4794064164886247,0.649179648437855,0.7299987648997674,0.818,0.8877492877492879,0.6677345130731208,0.02089921974693425,0.007041575680869545,0.098844779424835,0.041469564139322304,0.006097055747087932,0.00227126420614753,0.04864354551184806,1926.789,40756.5,/home/joaoabitante/speculative-decoding-unlearning/saves/unlearn/sud/results/original-unlearned/target-Llama-3.2-3B-Instruct/draft-Llama-3.2-3B-Instruct_SimNPO/forget10/a0.2_k1_s0
original-unlearned,Llama-3.2-3B-Instruct,Llama-3.2-3B-Instruct_SimNPO,forget10,0.3,1,0,True,0.019804338976624,0.01977715068481219,0.15156303558108053,0.006968494256879051,0.7241042092375309,0.6292221355206931,1.6558004532094654e-18,0.9527540905773639,0.5407099681086801,0.10992470854194834,0.8526824571937323,0.519471929449221,0.9958625,0.99605,0.99604375,0.99530625,-99.34815118777195,0.9275822557508946,0.5169314559206386,0.4690812123569605,0.6029358532431762,0.47206884634520396,0.6402924513917273,0.6884073242843277,0.8109999999999999,0.8813390313390314,0.5629236825481447,0.021641156950208823,0.007341009738810592,0.1044120928272605,0.04483698432805534,0.006456603542701488,0.0024202632663856446,0.05284671096352394,1913.691,40756.5,/home/joaoabitante/speculative-decoding-unlearning/saves/unlearn/sud/results/original-unlearned/target-Llama-3.2-3B-Instruct/draft-Llama-3.2-3B-Instruct_SimNPO/forget10/a0.3_k1_s0
original-unlearned,Llama-3.2-3B-Instruct,Llama-3.2-3B-Instruct_SimNPO,forget10,0.4,1,0,True,0.038495100580288,0.03838404274844763,0.2420119562314723,0.013809682164708324,0.7209777422026163,0.6201594182098126,1.730834713171486e-15,0.9169678509235382,0.3355877783340345,0.10910318127134815,0.860939259622246,0.5384951243696215,0.9936062499999999,0.99385,0.9880562500000001,0.9873187500000001,-98.98509616230456,0.9135849499702453,0.5088335561889886,0.4659396500278298,0.5959385428320415,0.4646436917325771,0.6307750857865693,0.6801173110505155,0.797,0.8578347578347579,0.4905937702652079,0.02234685172297759,0.007655705305490915,0.10932155540445819,0.04800444822869622,0.006797306169344968,0.0025780616696177284,0.055772029476444,1923.239,40756.5,/home/joaoabitante/speculative-decoding-unlearning/saves/unlearn/sud/results/original-unlearned/target-Llama-3.2-3B-Instruct/draft-Llama-3.2-3B-Instruct_SimNPO/forget10/a0.4_k1_s0
original-unlearned,Llama-3.2-3B-Instruct,Llama-3.2-3B-Instruct_SimNPO,forget10,0.5,1,0,True,0.0914875577057375,0.09083953936042088,0.33979867898804433,0.03514741766039897,0.7159052671228733,0.6132128445946768,2.734462451060329e-12,0.8685244233906269,0.21049942357520038,0.10368877901230007,0.8599113499431406,0.560728801295184,0.98575,0.98623125,0.9456249999999999,0.96199375,-97.72781185535923,0.893018569946289,0.5006438966889135,0.4628629230180797,0.5890274666892881,0.45722365626232775,0.6206084853039554,0.6460015715502416,0.8170000000000001,0.884188034188034,0.43440869519506253,0.023010305621573933,0.007983199894214654,0.11342710144817829,0.050864530531879615,0.007112695251897397,0.0027431078000923668,0.056953748205021845,2285.02,40756.5,/home/joaoabitante/speculative-decoding-unlearning/saves/unlearn/sud/results/original-unlearned/target-Llama-3.2-3B-Instruct/draft-Llama-3.2-3B-Instruct_SimNPO/forget10/a0.5_k1_s0
original-unlearned,Llama-3.2-3B-Instruct,Llama-3.2-3B-Instruct_SimNPO,forget10,0.6,1,0,True,0.21070750967759636,0.20709416141957343,0.4258649012508247,0.09552305826892186,0.703775869521083,0.5990445243760834,5.974773347845895e-08,0.8154469020664692,0.14271596357380173,0.09449268736643716,0.8528865883778781,0.5870861796626146,0.9609874999999999,0.9607812499999999,0.8798062500000001,0.89776875,-93.52792531074779,0.8642337341606617,0.4924932937358555,0.45987930222728324,0.5869400577856629,0.44992206650807287,0.6084752787146654,0.5903090034289965,0.833,0.835042735042735,0.4010079439574461,0.023607357839500763,0.008320004711611888,0.1165572995878756,0.05329729357790757,0.007390198937226463,0.00291316629377227,0.05642158942070091,1934.371,40756.5,/home/joaoabitante/speculative-decoding-unlearning/saves/unlearn/sud/results/original-unlearned/target-Llama-3.2-3B-Instruct/draft-Llama-3.2-3B-Instruct_SimNPO/forget10/a0.6_k1_s0
original-unlearned,Llama-3.2-3B-Instruct,Llama-3.2-3B-Instruct_SimNPO,forget10,0.7,1,0,True,0.40169884797402267,0.3876253990072256,0.4988278755412704,0.24814275957514265,0.6975234573709524,0.5865814269701208,9.532297003197859e-05,0.7605260975658894,0.10995225960829405,0.08301953264977784,0.8602195443038363,0.6139087108536847,0.8918062500000001,0.8876562499999998,0.76288125,0.7712625000000001,-81.46047133924634,0.8258577563613653,0.4844403681159446,0.45682734198174424,0.5846765524216404,0.44286306274694126,0.5952646237884518,0.5708370086360992,0.7595000000000001,0.8603988603988603,0.37516543263362256,0.024085629765249906,0.008662001146825414,0.11848822498461231,0.055165555129208545,0.007614435071470023,0.0030856014176554075,0.05436096249042021,2249.296,40756.5,/home/joaoabitante/speculative-decoding-unlearning/saves/unlearn/sud/results/original-unlearned/target-Llama-3.2-3B-Instruct/draft-Llama-3.2-3B-Instruct_SimNPO/forget10/a0.7_k1_s0
original-unlearned,Llama-3.2-3B-Instruct,Llama-3.2-3B-Instruct_SimNPO,forget10,0.8,1,0,True,0.5896140403344974,0.5564660769732329,0.5622089649866515,0.537288580173374,0.6905223940880774,0.5710145217125067,0.02985302150862578,0.7043982508033514,0.08607558688804345,0.07062611335888505,0.8732945908349938,0.6403332812540856,0.7407937499999999,0.7249125,0.5944375,0.58628125,-54.60368211156042,0.7773511071503162,0.4764168480922548,0.45373481815030325,0.581634715702242,0.4361943001933404,0.5819450115200124,0.539078624977331,0.733,0.8179487179487178,0.34177575391295406,0.024422688964768895,0.00900427233154215,0.11894937551347538,0.05631747128604548,0.007769914284026148,0.0032570032884449915,0.05101392268644122,2249.584,40756.5,/home/joaoabitante/speculative-decoding-unlearning/saves/unlearn/sud/results/original-unlearned/target-Llama-3.2-3B-Instruct/draft-Llama-3.2-3B-Instruct_SimNPO/forget10/a0.8_k1_s0
original-unlearned,Llama-3.2-3B-Instruct,Llama-3.2-3B-Instruct_SimNPO,forget10,0.9,1,0,True,0.7054227390805624,0.6553004249737973,0.6197540220062887,0.8619936470518132,0.6760756917779809,0.5541983407404869,0.8635251702254226,0.6432801314443349,0.07023595125653297,0.058202523835934696,0.8666709124064073,0.6607148322141836,0.47809375,0.45354375,0.38555000000000006,0.37159374999999994,-9.821051001421925,0.7188088540732861,0.4686845000180426,0.45106443360674897,0.5774864977380583,0.4300152966020267,0.5701534861717967,0.5089422373646947,0.66,0.8286324786324786,0.32276756329895107,0.024600981285511806,0.009339568563481773,0.11764605985954404,0.056592001608306415,0.007830052616207391,0.003422648357042265,0.0465320348252717,2240.53,40756.5,/home/joaoabitante/speculative-decoding-unlearning/saves/unlearn/sud/results/original-unlearned/target-Llama-3.2-3B-Instruct/draft-Llama-3.2-3B-Instruct_SimNPO/forget10/a0.9_k1_s0
original-unlearned,Llama-3.2-3B-Instruct,Llama-3.2-3B-Instruct_SimNPO,forget10,0.95,1,0,True,0.681422322272204,0.6317776360315027,0.6428453550646612,0.7403282578391841,0.6683509783692843,0.542838090415247,0.5812138636684575,0.6155835530161857,0.0653962861618649,0.05220611912198365,0.8693612719420344,0.6684774055748695,0.32613125,0.30674375,0.2798,0.2734875,14.404620697947784,0.6859986658394337,0.4647445908161143,0.44991838002881585,0.5749098845164297,0.42709853279336024,0.5640629171179807,0.4847398678812512,0.607,0.845014245014245,0.3148238871006667,0.024602549010378425,0.009501022628086518,0.1162413905770518,0.05634919903502032,0.007815270100700218,0.0035015821676408496,0.04394161480097682,2274.101,40756.5,/home/joaoabitante/speculative-decoding-unlearning/saves/unlearn/sud/results/original-unlearned/target-Llama-3.2-3B-Instruct/draft-Llama-3.2-3B-Instruct_SimNPO/forget10/a0.95_k1_s0
original-unlearned,Llama-3.2-3B-Instruct,Llama-3.2-3B-Instruct_SimNPO,forget10,0.98,1,0,True,0.6307211723884563,0.5883698124164368,0.656299608757606,0.5757082852869319,0.6685498350043485,0.5440255851571032,0.28118158736530297,0.5981504691392183,0.061764201945446275,0.04872096724982839,0.8670013289141935,0.6714846554261049,0.24369999999999997,0.22796875,0.22411874999999998,0.22397499999999998,27.40446598485409,0.6652830753102899,0.4622943039127503,0.44927614428786167,0.5731495288459072,0.42539757229599223,0.5600625189278189,0.49656710331122333,0.657,0.8101139601139601,0.3087950245267494,0.024568488281838653,0.009594707295386447,0.11513704395620153,0.0560701845679082,0.0077904729445227375,0.0035472563675334736,0.04229997563323559,1935.605,40756.5,/home/joaoabitante/speculative-decoding-unlearning/saves/unlearn/sud/results/original-unlearned/target-Llama-3.2-3B-Instruct/draft-Llama-3.2-3B-Instruct_SimNPO/forget10/a0.98_k1_s0
original-unlearned,Llama-3.2-3B-Instruct,Llama-3.2-3B-Instruct_SimNPO,forget10,0.99,1,0,True,0.6090557127329558,0.5679067426438377,0.6602617531865506,0.5249617070096165,0.6639197797254404,0.5367381819460484,0.24405687970418488,0.5929446610063315,0.06036350636828011,0.047580859341542235,0.8700900176051073,0.6723431539487231,0.2184875,0.20440625,0.20685,0.20882499999999998,31.29286782011567,0.6582177172228694,0.46146012677240195,0.44906804921638716,0.5725217645020791,0.4248380751787704,0.5586682029564155,0.46926186726655145,0.662,0.7559829059829059,0.3156402257361034,0.02455087892325537,0.009625284189953287,0.11472359299659729,0.05595398911578923,0.007779448333624259,0.0035621607004350294,0.04174027960758758,1917.202,40756.5,/home/joaoabitante/speculative-decoding-unlearning/saves/unlearn/sud/results/original-unlearned/target-Llama-3.2-3B-Instruct/draft-Llama-3.2-3B-Instruct_SimNPO/forget10/a0.99_k1_s0
original-unlearned,Llama-3.2-3B-Instruct,Llama-3.2-3B-Instruct_SimNPO,forget10,0.995,1,0,True,0.5993990860338436,0.5599122595729947,0.6620046945479233,0.5006688799370187,0.6679485597178585,0.5405139584877379,0.21070561249668102,0.5905359472334385,0.060274220653994404,0.04701509145263117,0.8740100751491263,0.6726932748113073,0.20661875000000002,0.1930875,0.19868124999999998,0.201475,33.16074466989252,0.6546561928838491,0.46104157385582745,0.44896478642850957,0.5721994749415625,0.4245596130211387,0.5580208946282597,0.4737016412557088,0.6705,0.8133903133903133,0.30135300667244436,0.02454084727425652,0.009640438458495154,0.11450821769656613,0.055891464722810265,0.007773413744247742,0.003569554271260301,0.04145828156190692,1922.136,40756.5,/home/joaoabitante/speculative-decoding-unlearning/saves/unlearn/sud/results/original-unlearned/target-Llama-3.2-3B-Instruct/draft-Llama-3.2-3B-Instruct_SimNPO/forget10/a0.995_k1_s0
original-unlearned,Llama-3.2-3B-Instruct,Llama-3.2-3B-Instruct_UNDIAL,forget01,0.1,1,0,True,0.0,0.0,0.014682048872238333,0.0,0.7494080912226403,0.6478054535804202,0.01430154804770646,0.9961290121078491,0.909659349940233,0.10211325329728424,0.8888102263212204,0.519046212806251,1.0,1.0,1.0,1.0,-99.99999997740113,0.935335659980774,0.5280610914158858,0.4815750305444134,0.6236545616235752,0.49641724543529286,0.6644866001197506,0.7175521143020192,0.8246666666666667,0.8891737891737892,0.8244157210325781,0.02470599289343227,0.00870153248358475,0.09532102266908624,0.03961002461333386,0.007052578017548208,0.002643876402543061,0.05230184065294452,1263.342,33151.0,/home/joaoabitante/speculative-decoding-unlearning/saves/unlearn/sud/results/original-unlearned/target-Llama-3.2-3B-Instruct/draft-Llama-3.2-3B-Instruct_UNDIAL/forget01/a0.1_k1_s0
original-unlearned,Llama-3.2-3B-Instruct,Llama-3.2-3B-Instruct_UNDIAL,forget01,0.2,1,0,True,0.0,0.0,0.02387653688092071,0.0,0.7452601290075334,0.6388680536520104,0.006760732303569208,0.9935896947979928,0.8827933027083319,0.11340165212750435,0.8941678263247013,0.534808506445161,1.0,1.0,0.999375,1.0,-99.99999997740113,0.9243087895214558,0.5152747941412161,0.4846323176758397,0.6244057905057719,0.4996465191234768,0.6663842226262229,0.685070428915752,0.797,0.845014245014245,0.6992034030068164,0.031734403002774345,0.011704394857615548,0.10453787638340145,0.045155453157576166,0.009324570326989487,0.0035061569395658182,0.06054801536956802,1275.315,33151.0,/home/joaoabitante/speculative-decoding-unlearning/saves/unlearn/sud/results/original-unlearned/target-Llama-3.2-3B-Instruct/draft-Llama-3.2-3B-Instruct_UNDIAL/forget01/a0.2_k1_s0
original-unlearned,Llama-3.2-3B-Instruct,Llama-3.2-3B-Instruct_UNDIAL,forget01,0.3,1,0,True,0.0,0.0,0.10597490302319064,0.0,0.7239503865620056,0.6359786011697619,0.01430154804770646,0.9690329194068908,0.5997286063648144,0.1236926918849349,0.8401664740405976,0.55158042646718,1.0,1.0,0.9987499999999999,1.0,-99.99999997740113,0.9084114807844162,0.5023698773949418,0.48772096224222333,0.6256178271627884,0.5032310666473238,0.6692956839631626,0.6400143051027223,0.8105,0.8820512820512819,0.5552447643091948,0.04093045338755474,0.015752842779299975,0.11394375304225832,0.051112619873113545,0.012350929089655745,0.0046786164315562265,0.06913548892596737,1296.107,33151.0,/home/joaoabitante/speculative-decoding-unlearning/saves/unlearn/sud/results/original-unlearned/target-Llama-3.2-3B-Instruct/draft-Llama-3.2-3B-Instruct_UNDIAL/forget01/a0.3_k1_s0
original-unlearned,Llama-3.2-3B-Instruct,Llama-3.2-3B-Instruct_UNDIAL,forget01,0.4,1,0,True,0.0,0.0,0.21956477048235984,0.0,0.7040787410686266,0.6248948763489311,0.02860307028023343,0.9275478765368461,0.3414167859808681,0.13077558325603605,0.8062421106849798,0.5724822631628976,0.9975,0.9987499999999999,0.993125,1.0,-99.71751410175872,0.885475969016552,0.4892622095857535,0.4908342792160825,0.6275670381493569,0.5069487907113035,0.6710523153303699,0.5858268744676778,0.797,0.8518518518518517,0.4582550108914096,0.05298510159831494,0.021187905948016464,0.12324317212216557,0.057362630479708965,0.01637491336133583,0.006285382824963605,0.07704821088584139,1290.47,33151.0,/home/joaoabitante/speculative-decoding-unlearning/saves/unlearn/sud/results/original-unlearned/target-Llama-3.2-3B-Instruct/draft-Llama-3.2-3B-Instruct_UNDIAL/forget01/a0.4_k1_s0
original-unlearned,Llama-3.2-3B-Instruct,Llama-3.2-3B-Instruct_UNDIAL,forget01,0.5,1,0,True,0.09032379162553363,0.08987154401113988,0.3824731052124609,0.03433118922441947,0.6796965157235587,0.6103582408258784,0.16497269950224194,0.8445013463497162,0.17000541266582578,0.13371756132692098,0.7668078735703603,0.5994690678909107,0.975,0.985625,0.976875,0.991875,-96.7514124075138,0.8524463775753975,0.4758634987371228,0.4939824047177189,0.6300117576428891,0.5105462760973205,0.6744396395307971,0.5124768408308826,0.787,0.8361823361823362,0.3816690920533068,0.06876245571533218,0.02858852730790585,0.13200668300036342,0.06370793652348584,0.021692695112627308,0.00849357063171437,0.08346944501623511,0.021,12852.0,/home/joaoabitante/speculative-decoding-unlearning/saves/unlearn/sud/results/original-unlearned/target-Llama-3.2-3B-Instruct/draft-Llama-3.2-3B-Instruct_UNDIAL/forget01/a0.5_k1_s0
original-unlearned,Llama-3.2-3B-Instruct,Llama-3.2-3B-Instruct_UNDIAL,forget01,0.6,1,0,True,0.317945924188408,0.3109726021398593,0.4979730979764582,0.16729633259694593,0.689650973891464,0.6018316719609287,0.404587405685253,0.7586959719657898,0.1347196587602732,0.1327581772580743,0.807478229876142,0.6330568087523163,0.9199999999999999,0.938125,0.93625,0.91875,-86.01694913310351,0.8054044775664806,0.4620357098494609,0.4971552186142694,0.6337683192155454,0.5143684857164115,0.6752306334816146,0.4683557991967946,0.8216666666666665,0.8461538461538461,0.3471734830847417,0.08921825056429952,0.03875306164686624,0.13961217520292848,0.06983715680149909,0.028621264472118726,0.011521252676482262,0.08821906306315212,1370.101,33151.0,/home/joaoabitante/speculative-decoding-unlearning/saves/unlearn/sud/results/original-unlearned/target-Llama-3.2-3B-Instruct/draft-Llama-3.2-3B-Instruct_UNDIAL/forget01/a0.6_k1_s0
original-unlearned,Llama-3.2-3B-Instruct,Llama-3.2-3B-Instruct_UNDIAL,forget01,0.7,1,0,True,0.5647422008632466,0.5548486232296197,0.6011237996118858,0.49342894804669474,0.6165329681973171,0.5825146363939102,0.7659314523482239,0.6570817939937115,0.08403251124004643,0.12698003007099032,0.6547710071856272,0.6662824108748766,0.76875,0.81375,0.8106249999999999,0.7637499999999999,-57.90960450668708,0.7401660571247339,0.4476446500286945,0.5002957006652523,0.6389281868769202,0.518574728108994,0.6768657316983534,0.41789156496343993,0.7603333333333333,0.8421652421652421,0.29775813108212446,0.11508731257170439,0.05258194321137654,0.14515768202953042,0.07527288027503529,0.03738304186437744,0.015633591469650696,0.090373617480509,0.019,12852.0,/home/joaoabitante/speculative-decoding-unlearning/saves/unlearn/sud/results/original-unlearned/target-Llama-3.2-3B-Instruct/draft-Llama-3.2-3B-Instruct_UNDIAL/forget01/a0.7_k1_s0
original-unlearned,Llama-3.2-3B-Instruct,Llama-3.2-3B-Instruct_UNDIAL,forget01,0.8,1,0,True,0.7345843502006522,0.686773201484589,0.669362271514858,0.9280027109823762,0.6612008323834432,0.5565722458176269,0.9188052214121167,0.5706629902124405,0.06972928216937549,0.11503428472205997,0.8142741350224242,0.6936152501113876,0.4900000000000001,0.5518750000000001,0.609375,0.501875,1.2711864403906652,0.653604029789567,0.43234580408813644,0.5033228534086339,0.6466094509658089,0.522566227444225,0.6766860700461412,0.38610229065234997,0.6541666666666666,0.7787749287749288,0.26695371829410697,0.14617831759154798,0.07083503182845102,0.14735284887254238,0.07929782365119899,0.04782484342266495,0.021098686912624974,0.08836458298377693,0.019,12852.0,/home/joaoabitante/speculative-decoding-unlearning/saves/unlearn/sud/results/original-unlearned/target-Llama-3.2-3B-Instruct/draft-Llama-3.2-3B-Instruct_UNDIAL/forget01/a0.8_k1_s0
original-unlearned,Llama-3.2-3B-Instruct,Llama-3.2-3B-Instruct_UNDIAL,forget01,0.9,1,0,True,0.5538779411003604,0.5361822782891542,0.7226624930604655,0.4317894819440074,0.582533125788622,0.5275939662995873,0.5786001416508443,0.4909937746822834,0.062089990886941025,0.096783462818712,0.6502440214448143,0.7157580220748525,0.21499999999999997,0.258125,0.36875,0.20375,67.65536721634908,0.5451456928253173,0.4151441582098894,0.5058363767687285,0.6541626411472231,0.5250427895361423,0.6790590847902234,0.33905015172996433,0.5958333333333333,0.7663817663817662,0.24377464594833906,0.17939501076936723,0.09336814656953177,0.14444909798912703,0.08088214095955483,0.05880477310235922,0.028022054540028395,0.08087586258538068,0.023,12852.0,/home/joaoabitante/speculative-decoding-unlearning/saves/unlearn/sud/results/original-unlearned/target-Llama-3.2-3B-Instruct/draft-Llama-3.2-3B-Instruct_UNDIAL/forget01/a0.9_k1_s0
original-unlearned,Llama-3.2-3B-Instruct,Llama-3.2-3B-Instruct_UNDIAL,forget01,0.95,1,0,True,0.41883632232215007,0.40687028521777985,0.7513739365117023,0.24591186795102943,0.5664728072793473,0.5060819488458324,0.404587405685253,0.44737803637981416,0.04710325348641052,0.08582504699006677,0.6432295112987049,0.7295481076985165,0.1325,0.15,0.2575,0.0975,92.09039545941458,0.4836080765351653,0.40541129112563873,0.5064306825280933,0.6564108658802833,0.5250313967913903,0.6790437149254234,0.32381119586666895,0.5126666666666666,0.7490028490028491,0.19868290341945136,0.19420692766085268,0.10547418987306838,0.1404529584245756,0.08035067702468951,0.063697063641157,0.03191746491008087,0.07504127928987145,0.023,12852.0,/home/joaoabitante/speculative-decoding-unlearning/saves/unlearn/sud/results/original-unlearned/target-Llama-3.2-3B-Instruct/draft-Llama-3.2-3B-Instruct_UNDIAL/forget01/a0.95_k1_s0
original-unlearned,Llama-3.2-3B-Instruct,Llama-3.2-3B-Instruct_UNDIAL,forget01,0.98,1,0,True,0.331080425959623,0.3193213474727039,0.7681373061838477,0.16514898436656686,0.5867672797644489,0.49069268577403535,0.404587405685253,0.4183747999370098,0.04293658681974386,0.07887370712123812,0.7296229403233155,0.7365984661593101,0.09,0.108125,0.20625,0.05875000000000001,101.55367229343419,0.44487395584583284,0.39909388358181197,0.5063374046933863,0.6575191746016893,0.5244000200437873,0.6791739629950131,0.3024793916388991,0.5043333333333334,0.7022792022792024,0.21709102349032375,0.2015454601868987,0.11257129272796278,0.13710091010201722,0.07950394311908167,0.06618755244649947,0.03431093199023936,0.07096430141013117,2132.338,33151.0,/home/joaoabitante/speculative-decoding-unlearning/saves/unlearn/sud/results/original-unlearned/target-Llama-3.2-3B-Instruct/draft-Llama-3.2-3B-Instruct_UNDIAL/forget01/a0.98_k1_s0
original-unlearned,Llama-3.2-3B-Instruct,Llama-3.2-3B-Instruct_UNDIAL,forget01,0.99,1,0,True,0.2992249983211573,0.2921515771413132,0.7712334924319388,0.14432077657646666,0.5554732118852834,0.4894741790797445,0.404587405685253,0.41354460790753367,0.04293658681974386,0.07651548790745437,0.6420442776405253,0.7387602170770062,0.081875,0.09187500000000001,0.19125,0.05000000000000001,105.22598867678508,0.4317323401197791,0.3969209635160699,0.5062044997511047,0.6576811862699161,0.5240631065448825,0.6790191967391327,0.29340725608989293,0.5213333333333333,0.7417378917378917,0.20280650731043542,0.20363800520077346,0.11485245127955244,0.13581475401762874,0.07912516248278553,0.06692167529991518,0.03510631559102562,0.06952186837792396,2037.786,33151.0,/home/joaoabitante/speculative-decoding-unlearning/saves/unlearn/sud/results/original-unlearned/target-Llama-3.2-3B-Instruct/draft-Llama-3.2-3B-Instruct_UNDIAL/forget01/a0.99_k1_s0
original-unlearned,Llama-3.2-3B-Instruct,Llama-3.2-3B-Instruct_UNDIAL,forget01,0.995,1,0,True,0.2890596806220775,0.28047443168666786,0.7727965630912352,0.13646879001961987,0.5692183031517969,0.4820490305443873,0.2656871402817289,0.4111554555594921,0.04127515301545291,0.0753309162799269,0.6948726180242375,0.7389643481064633,0.079375,0.08750000000000001,0.18375000000000002,0.046250000000000006,106.21468924153339,0.42512681651860473,0.3958137523819963,0.5061160501014823,0.6577196173636972,0.5238691615777473,0.6789027714532146,0.2836419512939352,0.4843333333333333,0.7556980056980056,0.20515277960868042,0.2046088032051921,0.11597088308364122,0.13513930392451584,0.07891691898345016,0.06726886139484124,0.03550214167804381,0.06878638348542154,2117.61,33151.0,/home/joaoabitante/speculative-decoding-unlearning/saves/unlearn/sud/results/original-unlearned/target-Llama-3.2-3B-Instruct/draft-Llama-3.2-3B-Instruct_UNDIAL/forget01/a0.995_k1_s0
original-unlearned,Llama-3.2-3B-Instruct,Llama-3.2-3B-Instruct_UNDIAL,forget05,0.1,1,0,True,0.0,0.0,0.039812553861259814,0.0,0.7331712398810512,0.6417866332665016,1.108718722900174e-14,0.9889062404632568,0.8587483800764724,0.10220375055912882,0.8549014699552209,0.46802219321701144,1.0,1.0,0.999725,0.999975,-99.99999998436645,0.9381178013980389,0.5315154239642316,0.4775005653493436,0.618373497411142,0.491866721401709,0.6596237322100547,0.7023328526006384,0.7963333333333332,0.8803418803418803,0.7265807121516616,0.020937793809280264,0.007432012128149906,0.093402640291024,0.0384426182765431,0.005950261925988798,0.0023510947170682544,0.042864994489122184,1673.741,35673.3,/home/joaoabitante/speculative-decoding-unlearning/saves/unlearn/sud/results/original-unlearned/target-Llama-3.2-3B-Instruct/draft-Llama-3.2-3B-Instruct_UNDIAL/forget05/a0.1_k1_s0
original-unlearned,Llama-3.2-3B-Instruct,Llama-3.2-3B-Instruct_UNDIAL,forget05,0.2,1,0,True,0.00036897075934903465,0.00036896187757983547,0.06077011721520651,0.000123260549690787,0.7276357216284599,0.6369266494897511,1.108718722900174e-14,0.9825735610723495,0.8078400218856904,0.11261807728093118,0.8484724795445799,0.47464304815094804,0.999925,0.99995,0.9996999999999999,0.999925,-99.99218320956895,0.9297890302538871,0.5224618071720738,0.4764888484486245,0.6132868526381201,0.4900957327250089,0.6549037746929637,0.6934448419882835,0.7953333333333333,0.8735042735042735,0.6702405054122517,0.022691182209237014,0.008532582012587895,0.10017441042815335,0.042439044979899615,0.006611645089662185,0.002760944816155132,0.04839323827996849,1677.499,35673.3,/home/joaoabitante/speculative-decoding-unlearning/saves/unlearn/sud/results/original-unlearned/target-Llama-3.2-3B-Instruct/draft-Llama-3.2-3B-Instruct_UNDIAL/forget05/a0.2_k1_s0
original-unlearned,Llama-3.2-3B-Instruct,Llama-3.2-3B-Instruct_UNDIAL,forget05,0.3,1,0,True,0.001273961763083963,0.0012738593276457304,0.12056625757490101,0.00042640887204577915,0.7155188398929565,0.6301397416200172,1.108718722900174e-14,0.9630647557973862,0.6535311824749983,0.12268853667192162,0.827660482453648,0.4816356758866547,0.9994999999999999,0.9998,0.9994,0.999825,-99.96873288517646,0.9168172676861286,0.5134743009536135,0.4755253383043641,0.608803012532015,0.488268929604804,0.6502396527087317,0.6720334931229854,0.7929999999999999,0.8592592592592593,0.5865295355929353,0.024584300638816784,0.009826535376017784,0.10661508819554001,0.04643667118832662,0.007334834935524365,0.003242537620005051,0.054133778949733834,1679.148,35673.3,/home/joaoabitante/speculative-decoding-unlearning/saves/unlearn/sud/results/original-unlearned/target-Llama-3.2-3B-Instruct/draft-Llama-3.2-3B-Instruct_UNDIAL/forget05/a0.3_k1_s0
original-unlearned,Llama-3.2-3B-Instruct,Llama-3.2-3B-Instruct_UNDIAL,forget05,0.4,1,0,True,0.006089364272678441,0.006086786673964046,0.22621242149371992,0.002054057474178655,0.7141084911794189,0.6215127959416639,2.5656301025789152e-14,0.9210785970091819,0.44955031263023293,0.1316416924074292,0.8391250053513795,0.4893885678222125,0.9977499999999999,0.9988,0.9979,0.9992,-99.81239738922655,0.8975595898926259,0.5046463074293327,0.47461373624013237,0.6038707102044817,0.48638156291868523,0.6457304242345804,0.6186477103562228,0.8095,0.8578347578347579,0.5281883183606666,0.026621499069442507,0.011352876404240911,0.11250327273504808,0.050324422650707155,0.00812315282540112,0.0038077442616304066,0.05986919676745311,1671.211,35673.3,/home/joaoabitante/speculative-decoding-unlearning/saves/unlearn/sud/results/original-unlearned/target-Llama-3.2-3B-Instruct/draft-Llama-3.2-3B-Instruct_UNDIAL/forget05/a0.4_k1_s0
original-unlearned,Llama-3.2-3B-Instruct,Llama-3.2-3B-Instruct_UNDIAL,forget05,0.5,1,0,True,0.0317565302783014,0.03168561906049965,0.3415094799747227,0.011097269479693977,0.7001205913193731,0.6098517112494878,2.9623487356936016e-13,0.860309941470623,0.27984537984312424,0.13864634273573756,0.8217549061961472,0.49889095844451814,0.9890249999999999,0.9941249999999999,0.9911999999999999,0.99475,-99.08152894566065,0.8698775207996369,0.49576803523376706,0.4737888136094056,0.5993820060063559,0.48446025618094934,0.6404089221337596,0.5871918548590321,0.777,0.8358974358974359,0.4534841101838093,0.028799042975588236,0.013156010834954475,0.11757372378604486,0.053966056709783744,0.008975398106501112,0.00446972130239942,0.06527916556131094,0.023,12852.0,/home/joaoabitante/speculative-decoding-unlearning/saves/unlearn/sud/results/original-unlearned/target-Llama-3.2-3B-Instruct/draft-Llama-3.2-3B-Instruct_UNDIAL/forget05/a0.5_k1_s0
original-unlearned,Llama-3.2-3B-Instruct,Llama-3.2-3B-Instruct_UNDIAL,forget05,0.6,1,0,True,0.12233750776587214,0.12146551548804821,0.45357456555431225,0.04797970524424715,0.6777504764160946,0.6055052715181005,3.0799540915748314e-12,0.7782159857451916,0.1580166887143301,0.14273986396379768,0.7695710065914318,0.5113085221790705,0.960425,0.977375,0.969775,0.9677250000000001,-96.46290938849951,0.8312856538593769,0.48677375301379483,0.4730515775455873,0.5943808091041689,0.48256569711368885,0.6338666418903388,0.5560187757719622,0.8063333333333332,0.8917378917378918,0.41681645477530943,0.03109708334086463,0.015283215424880417,0.12149739091983065,0.05720071386210605,0.009881704813066487,0.005242316135192004,0.06991741775395349,1804.059,35673.3,/home/joaoabitante/speculative-decoding-unlearning/saves/unlearn/sud/results/original-unlearned/target-Llama-3.2-3B-Instruct/draft-Llama-3.2-3B-Instruct_UNDIAL/forget05/a0.6_k1_s0
original-unlearned,Llama-3.2-3B-Instruct,Llama-3.2-3B-Instruct_UNDIAL,forget05,0.7,1,0,True,0.2971780079498677,0.29398076038543686,0.5533665737645198,0.1495210260742003,0.6250716070357645,0.5849299258747758,1.2127544312107394e-10,0.6735263603925705,0.09483052142585169,0.14277534054592253,0.6711288143927231,0.5279479352759875,0.8849750000000001,0.933125,0.918725,0.866575,-89.54506369271553,0.7797106645256281,0.4772507498069453,0.47229097929148023,0.5889172743468756,0.4807863964644966,0.6289664289164205,0.5003159157592187,0.768,0.8179487179487178,0.3706609895433126,0.03346429795434233,0.017779415584595688,0.12391850343672559,0.059842740975958576,0.010817000635361182,0.006137653673278574,0.07316952297091484,0.023,12852.0,/home/joaoabitante/speculative-decoding-unlearning/saves/unlearn/sud/results/original-unlearned/target-Llama-3.2-3B-Instruct/draft-Llama-3.2-3B-Instruct_UNDIAL/forget05/a0.7_k1_s0
original-unlearned,Llama-3.2-3B-Instruct,Llama-3.2-3B-Instruct_UNDIAL,forget05,0.8,1,0,True,0.48733913011384544,0.4748264732689222,0.630410703527964,0.33534108597217716,0.6298928373934235,0.5714965955545876,4.448673570292354e-08,0.5649764044582843,0.06588333303104513,0.13761974995024503,0.7015812979423208,0.5505902502775067,0.744525,0.8461750000000002,0.8336250000000001,0.674975,-75.95169231987,0.7142172235995531,0.4671216536003503,0.4713242727811988,0.585745657858263,0.4791922697208994,0.6256466974658318,0.45921744566484235,0.743,0.854985754985755,0.3164101888806829,0.03578965079272166,0.02067737588013421,0.12445886694593356,0.06167263360039539,0.011729076738253448,0.0071614930296042805,0.07425537767913191,0.028,12852.0,/home/joaoabitante/speculative-decoding-unlearning/saves/unlearn/sud/results/original-unlearned/target-Llama-3.2-3B-Instruct/draft-Llama-3.2-3B-Instruct_UNDIAL/forget05/a0.8_k1_s0
original-unlearned,Llama-3.2-3B-Instruct,Llama-3.2-3B-Instruct_UNDIAL,forget05,0.9,1,0,True,0.599529950844232,0.6087942565843114,0.697535773440664,0.5959344729685592,0.5284671853813708,0.5506249856353282,4.6128382074998843e-07,0.4447994808107614,0.04466817885032382,0.12658487163484097,0.5080237107817084,0.5741733794445942,0.5377000000000001,0.716675,0.71595,0.43895000000000006,-55.70624559435531,0.635299713537097,0.45628925733462283,0.4701513126718237,0.5859914057444228,0.4777290829339813,0.6236231421788846,0.4265669186346082,0.6736666666666667,0.8193732193732193,0.2668747472110766,0.037844916792819275,0.023977498486640558,0.12269129296764732,0.062437487428167966,0.012518052113682643,0.0083055053178055,0.07237736298097298,0.024,12852.0,/home/joaoabitante/speculative-decoding-unlearning/saves/unlearn/sud/results/original-unlearned/target-Llama-3.2-3B-Instruct/draft-Llama-3.2-3B-Instruct_UNDIAL/forget05/a0.9_k1_s0
original-unlearned,Llama-3.2-3B-Instruct,Llama-3.2-3B-Instruct_UNDIAL,forget05,0.95,1,0,True,0.624313043438595,0.6549004160796515,0.7225780604686763,0.7435710230836101,0.4815826735558795,0.539941012783782,1.8266119303942767e-05,0.39368973910808563,0.03688429934960697,0.11887889157049358,0.4346089221467264,0.5837033953213971,0.4163,0.641125,0.6461,0.32520000000000004,-43.89509887533884,0.5914684274420142,0.4506045402482104,0.4695814140142593,0.5862274914103441,0.4769599910438654,0.6225296306577589,0.4181587579022768,0.6286666666666667,0.8076923076923077,0.2411556806767141,0.038644037426565775,0.025760787944088027,0.12080994568299502,0.062335997091925034,0.012815668201316537,0.008914366205368668,0.07014283057302237,0.027,12852.0,/home/joaoabitante/speculative-decoding-unlearning/saves/unlearn/sud/results/original-unlearned/target-Llama-3.2-3B-Instruct/draft-Llama-3.2-3B-Instruct_UNDIAL/forget05/a0.95_k1_s0
original-unlearned,Llama-3.2-3B-Instruct,Llama-3.2-3B-Instruct_UNDIAL,forget05,0.98,1,0,True,0.6488596059055327,0.6680066852218743,0.7366569061824928,0.7961218096768942,0.4975314778472512,0.532651602154351,7.536785951251345e-05,0.36320952996611594,0.035421658503134605,0.11361627623438836,0.4667561388609465,0.5900892333507484,0.345125,0.59155,0.6044,0.26385,-36.14476666362156,0.5640187005698681,0.44721716041829873,0.4692520613648248,0.5862664737067419,0.47645155883618406,0.6219070888505549,0.39791590842627383,0.6476666666666666,0.777065527065527,0.23400762583932433,0.039008385323104446,0.026863794425130785,0.11933536970289424,0.06210087228312965,0.012947920894742613,0.009288444131645802,0.06837066637491807,2526.08,35673.3,/home/joaoabitante/speculative-decoding-unlearning/saves/unlearn/sud/results/original-unlearned/target-Llama-3.2-3B-Instruct/draft-Llama-3.2-3B-Instruct_UNDIAL/forget05/a0.98_k1_s0
original-unlearned,Llama-3.2-3B-Instruct,Llama-3.2-3B-Instruct_UNDIAL,forget05,0.99,1,0,True,0.6445555895689852,0.6632854327478578,0.741012430019558,0.7869796996486546,0.49159764849291326,0.525554056809411,0.0001183661896190048,0.353872756510973,0.034865978580753354,0.11176432785578072,0.461762834811816,0.5922821565716707,0.321625,0.574825,0.5911500000000001,0.24492499999999998,-33.530055493859145,0.5547022788599133,0.44606878158630026,0.4691430092730937,0.5862557147540823,0.47627048570524855,0.6217960475738288,0.3969435065824955,0.595,0.749002849002849,0.2354841915179278,0.03910677497799043,0.027235747853286054,0.11878412598744034,0.06199190054051269,0.012982951145616728,0.009414292203453368,0.06770853905985132,2488.309,35673.3,/home/joaoabitante/speculative-decoding-unlearning/saves/unlearn/sud/results/original-unlearned/target-Llama-3.2-3B-Instruct/draft-Llama-3.2-3B-Instruct_UNDIAL/forget05/a0.99_k1_s0
original-unlearned,Llama-3.2-3B-Instruct,Llama-3.2-3B-Instruct_UNDIAL,forget05,0.995,1,0,True,0.6341124792875519,0.6632879469063487,0.7426469080897904,0.7815191589384878,0.47507568407474754,0.5271958060911472,0.0001183661896190048,0.3507502210140228,0.034865978580753354,0.11082095825113356,0.4323338891065214,0.5934217935843256,0.31055000000000005,0.565475,0.584125,0.23525,-32.068318606727374,0.5500153754279018,0.44549311883932463,0.4690884509309084,0.5862451681056087,0.47617735908473663,0.6217263711056397,0.39482061462692924,0.6113333333333333,0.7727920227920229,0.24305784284394608,0.0391512488637818,0.02742238688183417,0.11849711715942249,0.06193153834077226,0.012998634117454158,0.009477405575061755,0.0673642293959856,2332.691,35673.3,/home/joaoabitante/speculative-decoding-unlearning/saves/unlearn/sud/results/original-unlearned/target-Llama-3.2-3B-Instruct/draft-Llama-3.2-3B-Instruct_UNDIAL/forget05/a0.995_k1_s0
original-unlearned,Llama-3.2-3B-Instruct,Llama-3.2-3B-Instruct_UNDIAL,forget10,0.1,1,0,True,0.007830408571103056,0.0078267082384175,0.04119405477585518,0.0027974168282558077,0.7279207845703958,0.6431243602909651,1.585318521208402e-27,0.9884594208002091,0.8619719735259704,0.10426060769008473,0.8384742348082364,0.47862339963768663,0.9975687500000001,0.99766875,0.9987000000000001,0.99870625,-99.61528542526075,0.9410149465501308,0.532137491981005,0.47363748398303057,0.6130215829452453,0.48842756373808294,0.6583737993634307,0.7415943018389831,0.8063333333333332,0.8659544159544159,0.730705488565037,0.020824485841585555,0.007417413346757697,0.09355005509103648,0.03843966005894186,0.006048694905255162,0.002364309405390635,0.04400825331655142,1915.059,40756.5,/home/joaoabitante/speculative-decoding-unlearning/saves/unlearn/sud/results/original-unlearned/target-Llama-3.2-3B-Instruct/draft-Llama-3.2-3B-Instruct_UNDIAL/forget10/a0.1_k1_s0
original-unlearned,Llama-3.2-3B-Instruct,Llama-3.2-3B-Instruct_UNDIAL,forget10,0.2,1,0,True,0.009861925854863923,0.009855605819776906,0.06276852440292587,0.003485582430428962,0.728561214280257,0.637901315309753,3.597702439966823e-27,0.981921080648899,0.8084841594510465,0.11449270576937125,0.8492598385224119,0.4848789623994496,0.99700625,0.9971375,0.9988375,0.99769375,-99.52761588786095,0.935744721442461,0.5236498587569964,0.46869648705338096,0.6040721465233551,0.48328116231227547,0.6534381218247246,0.72627991542687,0.8704999999999999,0.8222222222222221,0.6581856373703399,0.02242178550106473,0.008504566122771713,0.10043889264110475,0.04240466132471647,0.006821953413200391,0.0027930991590014442,0.04959920401374984,1938.597,40756.5,/home/joaoabitante/speculative-decoding-unlearning/saves/unlearn/sud/results/original-unlearned/target-Llama-3.2-3B-Instruct/draft-Llama-3.2-3B-Instruct_UNDIAL/forget10/a0.2_k1_s0
original-unlearned,Llama-3.2-3B-Instruct,Llama-3.2-3B-Instruct_UNDIAL,forget10,0.3,1,0,True,0.012374733530142219,0.012363561801702162,0.10907175063457307,0.004312850759719704,0.7163391685208181,0.6191772938925348,8.116767699925149e-27,0.9671217295527458,0.6754857511525922,0.12438411968760192,0.8496702041849494,0.49156961038783636,0.99631875,0.9966375,0.99865625,0.9966625,-99.4451033820729,0.9261603227257729,0.5151458450227894,0.4637528381287317,0.5948908250710994,0.4781410614809267,0.64794251924427,0.6878938997503906,0.75,0.7965811965811965,0.5757530723987229,0.024112277146487032,0.009788404247585168,0.10691161646740512,0.04631877404818988,0.007665447055756736,0.0033009122444902085,0.05534782909721253,1953.495,40756.5,/home/joaoabitante/speculative-decoding-unlearning/saves/unlearn/sud/results/original-unlearned/target-Llama-3.2-3B-Instruct/draft-Llama-3.2-3B-Instruct_UNDIAL/forget10/a0.3_k1_s0
original-unlearned,Llama-3.2-3B-Instruct,Llama-3.2-3B-Instruct_UNDIAL,forget10,0.4,1,0,True,0.01876191299927823,0.01873854539167929,0.20789950628444367,0.006507025135923421,0.7100594570731051,0.6219943852977783,3.597702439966823e-27,0.9295101447403431,0.4728491486977533,0.13312955026514828,0.8271750292438083,0.49923585203516707,0.99470625,0.9954125000000001,0.9977312500000001,0.9952625000000002,-99.24294774289221,0.9110011400282383,0.5067024678506205,0.45878701375431563,0.5852691782714132,0.47300595022943387,0.6420559958565445,0.6890353108352341,0.8220000000000001,0.8542735042735041,0.5203717883359981,0.025884242149768397,0.011311043363229667,0.1127784587093629,0.050072114310372624,0.008572221064026357,0.003901320708229012,0.061006784224417056,1939.367,40756.5,/home/joaoabitante/speculative-decoding-unlearning/saves/unlearn/sud/results/original-unlearned/target-Llama-3.2-3B-Instruct/draft-Llama-3.2-3B-Instruct_UNDIAL/forget10/a0.4_k1_s0
original-unlearned,Llama-3.2-3B-Instruct,Llama-3.2-3B-Instruct_UNDIAL,forget10,0.5,1,0,True,0.03480778507349694,0.03472507025478151,0.3305065590164558,0.01223699172768436,0.6932283404683363,0.6068608178401894,8.116767699925149e-27,0.8679435035586357,0.28549765130700605,0.13977364012040197,0.8082584761735052,0.5081152387452467,0.990475,0.9929437500000001,0.99499375,0.99099375,-98.83554224556374,0.8885726673901081,0.4984948981100925,0.4535427147010394,0.5758663494707726,0.4679010136287261,0.6351926071035651,0.6375506001079817,0.768,0.8507122507122507,0.44832243576089764,0.027686709721165242,0.01312188778492549,0.11782394170295447,0.05352622853026105,0.009522502443592203,0.004610170724577676,0.06621082050498808,2279.089,40756.5,/home/joaoabitante/speculative-decoding-unlearning/saves/unlearn/sud/results/original-unlearned/target-Llama-3.2-3B-Instruct/draft-Llama-3.2-3B-Instruct_UNDIAL/forget10/a0.5_k1_s0
original-unlearned,Llama-3.2-3B-Instruct,Llama-3.2-3B-Instruct_UNDIAL,forget10,0.6,1,0,True,0.08295974330221179,0.08252542003213066,0.4510276234899922,0.03081993364034473,0.6673672322019941,0.5921563811760424,9.46850627170962e-25,0.7808036015927792,0.1741611257421817,0.14319420075044037,0.7644630663920543,0.5185371672317052,0.9764375000000001,0.9858687500000001,0.9858750000000001,0.97291875,-97.66799028866292,0.857024009525776,0.49035438041761936,0.4479062699405526,0.5664517838572576,0.4628619857881975,0.6278287809138835,0.5955138798837553,0.7070000000000001,0.8713675213675214,0.38951615663182304,0.029474651679047382,0.015277087883147872,0.12177797328913584,0.05651113864633885,0.010481465878498663,0.005446915551997098,0.07044877401491975,1993.505,40756.5,/home/joaoabitante/speculative-decoding-unlearning/saves/unlearn/sud/results/original-unlearned/target-Llama-3.2-3B-Instruct/draft-Llama-3.2-3B-Instruct_UNDIAL/forget10/a0.6_k1_s0
original-unlearned,Llama-3.2-3B-Instruct,Llama-3.2-3B-Instruct_UNDIAL,forget10,0.7,1,0,True,0.1936778194913174,0.19187733741552632,0.5581915158266235,0.08255392529508755,0.6309755986072345,0.5779697088743909,8.969123776103959e-23,0.6678904759138823,0.09631120035153459,0.14218434951268136,0.6946855568641331,0.5311754455825584,0.93655,0.96644375,0.96181875,0.9095625000000002,-94.4623794387974,0.8149705693870782,0.4821779032567447,0.44266003201255316,0.5603730216405864,0.45790748677291265,0.6185654658018709,0.591120710015777,0.6446666666666667,0.8447293447293447,0.35256914147059865,0.03121687781153014,0.017838014485076,0.12430585770169272,0.05883346048674673,0.01140069123654333,0.006435580538929429,0.07305713199271122,2456.042,40756.5,/home/joaoabitante/speculative-decoding-unlearning/saves/unlearn/sud/results/original-unlearned/target-Llama-3.2-3B-Instruct/draft-Llama-3.2-3B-Instruct_UNDIAL/forget10/a0.7_k1_s0
original-unlearned,Llama-3.2-3B-Instruct,Llama-3.2-3B-Instruct_UNDIAL,forget10,0.8,1,0,True,0.3678398759982086,0.3629705408927906,0.6413545694344672,0.20467341827534802,0.5845593144484132,0.5494199621802743,6.916893189690245e-21,0.5437431381270289,0.05914404717804312,0.1357109175156802,0.6245006135682343,0.5478942826360057,0.8330500000000001,0.92261875,0.9057937500000002,0.74678125,-87.23015830647536,0.7617746017873287,0.4737184688144409,0.43806516997184325,0.5555359516106281,0.4530171134983592,0.6094122113606765,0.5358687052499831,0.518,0.8133903133903133,0.3093980469262554,0.03275534080908983,0.02086603856540987,0.12499230404384434,0.06027826180255135,0.0122193862188639,0.007602982434827949,0.0732674493615923,2698.48,40756.5,/home/joaoabitante/speculative-decoding-unlearning/saves/unlearn/sud/results/original-unlearned/target-Llama-3.2-3B-Instruct/draft-Llama-3.2-3B-Instruct_UNDIAL/forget10/a0.8_k1_s0
original-unlearned,Llama-3.2-3B-Instruct,Llama-3.2-3B-Instruct_UNDIAL,forget10,0.9,1,0,True,0.5310388735569691,0.5363123565922974,0.7052776506503226,0.43364737058430586,0.5193721942124608,0.5348014859645638,1.730834713171486e-15,0.42430410869419577,0.040518440378567694,0.12328368381131441,0.5048082231716399,0.5708910484969997,0.6279437500000001,0.8336749999999999,0.8048125,0.49483125000000006,-72.55221493310468,0.6980685910582543,0.4647840624366092,0.43384858408479654,0.5562965327735769,0.4480469881731147,0.6023763148072026,0.5039273678477458,0.498,0.7951566951566952,0.2687733013571891,0.03383308412601764,0.024399669627441615,0.12343951048562303,0.06061675029966027,0.01284279261145154,0.008972657270984924,0.07035030368610751,3146.476,40756.5,/home/joaoabitante/speculative-decoding-unlearning/saves/unlearn/sud/results/original-unlearned/target-Llama-3.2-3B-Instruct/draft-Llama-3.2-3B-Instruct_UNDIAL/forget10/a0.9_k1_s0
original-unlearned,Llama-3.2-3B-Instruct,Llama-3.2-3B-Instruct_UNDIAL,forget10,0.95,1,0,True,0.5859559729886747,0.5989081054117079,0.7300790444392043,0.5851362905298214,0.48992701942534284,0.5180280345878714,1.7928838057651826e-13,0.3730195966362953,0.03778397480462508,0.1149226739956066,0.46471787406364456,0.5831583261107464,0.49454374999999995,0.7690499999999999,0.7375125,0.36719375,-61.88747355999998,0.662900484316051,0.4600126735225335,0.43179779105602045,0.5573741361950052,0.44540229919556346,0.5985205642128978,0.4709019958499565,0.4438333333333333,0.7760683760683761,0.25564036800646905,0.03411676509407698,0.026349435053295883,0.12172252125572414,0.06029896392805506,0.013045945208371752,0.00973714201329572,0.06756521333247656,3352.995,40756.5,/home/joaoabitante/speculative-decoding-unlearning/saves/unlearn/sud/results/original-unlearned/target-Llama-3.2-3B-Instruct/draft-Llama-3.2-3B-Instruct_UNDIAL/forget10/a0.95_k1_s0
original-unlearned,Llama-3.2-3B-Instruct,Llama-3.2-3B-Instruct_UNDIAL,forget10,0.98,1,0,True,0.6052118849127038,0.6302432766517579,0.7433960955126987,0.6749154860445574,0.46946224296679295,0.5172712341020544,1.6027740307205098e-12,0.3453424545004964,0.03646537310378355,0.10929578427225352,0.42974307529832,0.590792090466125,0.410325,0.72398125,0.6951624999999999,0.29841249999999997,-54.450002569530184,0.6409083415195346,0.4570219260607747,0.4305786346847906,0.5578489263584662,0.4437253813880083,0.595962429285349,0.46312337599931225,0.4796666666666667,0.7353276353276353,0.24148117786622808,0.03418721436937631,0.02757137671620963,0.12036856166552752,0.05993624957658051,0.013124091949212014,0.010220887294550538,0.06546147029809073,2980.314,40756.5,/home/joaoabitante/speculative-decoding-unlearning/saves/unlearn/sud/results/original-unlearned/target-Llama-3.2-3B-Instruct/draft-Llama-3.2-3B-Instruct_UNDIAL/forget10/a0.98_k1_s0
original-unlearned,Llama-3.2-3B-Instruct,Llama-3.2-3B-Instruct_UNDIAL,forget10,0.99,1,0,True,0.60107703647872,0.6320808698482501,0.7482226956831692,0.686247097387111,0.455095867290678,0.5121569234013891,7.832452544383501e-12,0.33510499898344276,0.035490614638721295,0.10732847851235419,0.4094749421725282,0.5934803846626052,0.38369375000000006,0.70903125,0.680725,0.27681875,-51.982878646467675,0.6334398815408349,0.45600707955692743,0.4301727054931318,0.5579692248849838,0.44314983822971515,0.5950121343634474,0.46410377158800564,0.43433333333333335,0.7752136752136752,0.24027218334187023,0.03419254573094804,0.027986594699557003,0.11986125027062372,0.05978541406420641,0.013142131915471207,0.01038618647276882,0.06468955745355925,3109.272,40756.5,/home/joaoabitante/speculative-decoding-unlearning/saves/unlearn/sud/results/original-unlearned/target-Llama-3.2-3B-Instruct/draft-Llama-3.2-3B-Instruct_UNDIAL/forget10/a0.99_k1_s0
original-unlearned,Llama-3.2-3B-Instruct,Llama-3.2-3B-Instruct_UNDIAL,forget10,0.995,1,0,True,0.5967180735235605,0.632271502739473,0.7498971009359546,0.6875223835407954,0.4465311502779168,0.5110429423505156,1.3150137716657251e-11,0.33206829492002726,0.03538210769427685,0.10632888077292592,0.39648113244678823,0.5947968454268743,0.37088750000000004,0.7011000000000001,0.6736812499999999,0.26663125,-50.67402402340484,0.6296806930750608,0.4555056557830838,0.4299696296892199,0.558021114574639,0.44285906325299806,0.5945253200408225,0.4711998681059879,0.4365,0.7371794871794872,0.22608391989407445,0.03419164125429233,0.028195618149144355,0.11959687916794792,0.059704271942189,0.013149581115346032,0.010469571703022384,0.06429061284367345,3015.907,40756.5,/home/joaoabitante/speculative-decoding-unlearning/saves/unlearn/sud/results/original-unlearned/target-Llama-3.2-3B-Instruct/draft-Llama-3.2-3B-Instruct_UNDIAL/forget10/a0.995_k1_s0
original-unlearned,Llama-3.2-3B-Instruct,Llama-3.2-3B-Instruct_WGA,forget01,0.1,1,0,True,0.0,0.0,0.021939079200178294,0.0,0.7356720457463217,0.6506013837895214,0.01430154804770646,0.9941366359591484,0.8850231753040582,0.09119561109691858,0.8463364278897643,0.5063933738024178,1.0,1.0,1.0,1.0,-99.99999997740113,0.9438386560976505,0.5411864039365701,0.4789400624762367,0.6243056620358813,0.49365871570622444,0.6633228688274576,0.7621999598215464,0.8,0.8763532763532763,0.7292050301711896,0.01904771703731967,0.006318973129051052,0.08543365409481339,0.034044824677025305,0.005249638490110821,0.0019458710082113817,0.0452058281027712,1265.754,33151.0,/home/joaoabitante/speculative-decoding-unlearning/saves/unlearn/sud/results/original-unlearned/target-Llama-3.2-3B-Instruct/draft-Llama-3.2-3B-Instruct_WGA/forget01/a0.1_k1_s0
original-unlearned,Llama-3.2-3B-Instruct,Llama-3.2-3B-Instruct_WGA,forget01,0.2,1,0,True,0.0,0.0,0.08229253141398798,0.0,0.7450980962158432,0.6502785436465807,0.01430154804770646,0.9761113151907921,0.7281073663901554,0.09094150839373469,0.8722899667918682,0.5080526778308977,1.0,1.0,0.999375,1.0,-99.99999997740113,0.944321836233139,0.5417426512297007,0.4793036139298228,0.6251334094652915,0.4937223547100169,0.6631309293038978,0.7502218610363889,0.8113333333333332,0.8692307692307693,0.7051249775021438,0.018782788681419332,0.006153103716658435,0.08432590182754211,0.03353009015000675,0.0051542369675907675,0.0018907144864494655,0.0455101613100851,1262.015,33151.0,/home/joaoabitante/speculative-decoding-unlearning/saves/unlearn/sud/results/original-unlearned/target-Llama-3.2-3B-Instruct/draft-Llama-3.2-3B-Instruct_WGA/forget01/a0.2_k1_s0
original-unlearned,Llama-3.2-3B-Instruct,Llama-3.2-3B-Instruct_WGA,forget01,0.3,1,0,True,0.0,0.0,0.13341836826373013,0.0,0.7504657426996301,0.6496487283247746,0.01430154804770646,0.9593925654888154,0.5641780061253888,0.09023196920752526,0.888321689516306,0.5099046877595794,1.0,1.0,0.995625,1.0,-99.99999997740113,0.9444246721267701,0.5423115851392638,0.47967535971547703,0.6258992986155236,0.4937928796780084,0.662844687441978,0.7575441890056474,0.802,0.8564102564102565,0.6457718938446204,0.01852113602872123,0.005994009498126286,0.08317114783101714,0.03299708614569198,0.005059456715573939,0.0018370429976261773,0.04563795511494391,1264.512,33151.0,/home/joaoabitante/speculative-decoding-unlearning/saves/unlearn/sud/results/original-unlearned/target-Llama-3.2-3B-Instruct/draft-Llama-3.2-3B-Instruct_WGA/forget01/a0.3_k1_s0
original-unlearned,Llama-3.2-3B-Instruct,Llama-3.2-3B-Instruct_WGA,forget01,0.4,1,0,True,0.0,0.0,0.20406389483316403,0.0,0.7468948060559639,0.6556010538037784,0.01430154804770646,0.9318490475416183,0.46734244615592235,0.08907963521778584,0.8677276026457548,0.5119738266053032,0.996875,0.9987499999999999,0.9893749999999999,1.0,-99.71751410175872,0.9441620881855488,0.5428800886924615,0.48005451145493666,0.6266014112006097,0.49387111529865413,0.6625198761294279,0.7750202391924474,0.8513333333333333,0.8706552706552707,0.5712901177089977,0.018262696625461105,0.00584135328081981,0.08197298331535421,0.032447478697505236,0.0049653226944004316,0.001784816667340455,0.045584680044557895,1266.242,33151.0,/home/joaoabitante/speculative-decoding-unlearning/saves/unlearn/sud/results/original-unlearned/target-Llama-3.2-3B-Instruct/draft-Llama-3.2-3B-Instruct_WGA/forget01/a0.4_k1_s0
original-unlearned,Llama-3.2-3B-Instruct,Llama-3.2-3B-Instruct_WGA,forget01,0.5,1,0,True,0.0,0.0,0.26544784006891414,0.0,0.7479981274297262,0.6504109051468119,0.01430154804770646,0.9037093609571457,0.3914786221325754,0.08752706353552639,0.8800385261885821,0.5142980685662101,0.994375,0.9950000000000001,0.9750000000000001,1.0,-98.87005647483164,0.9435448718070983,0.5434458755536408,0.4804406109058473,0.6272384346432751,0.49395746705891586,0.662285079885838,0.7467469193803086,0.818,0.8578347578347579,0.5615032792000987,0.01800745123393426,0.005694810162227094,0.08073497056611814,0.031882868013721345,0.004871862985270922,0.0017340072563521239,0.04535800412879326,1225.403,33151.0,/home/joaoabitante/speculative-decoding-unlearning/saves/unlearn/sud/results/original-unlearned/target-Llama-3.2-3B-Instruct/draft-Llama-3.2-3B-Instruct_WGA/forget01/a0.5_k1_s0
original-unlearned,Llama-3.2-3B-Instruct,Llama-3.2-3B-Instruct_WGA,forget01,0.6,1,0,True,0.03513706419591408,0.03506988528831246,0.3068019156072063,0.012383980027957656,0.7293885434150145,0.6516513892488961,0.01430154804770646,0.8828540951013565,0.3211814721838059,0.08564435467123985,0.8281848202459514,0.5169158507423603,0.98875,0.9918750000000001,0.9456249999999999,0.998125,-98.16384178572571,0.9425777538120746,0.5440072249914298,0.48083304388692766,0.6278089679081331,0.49405170622873124,0.6619482407324087,0.7527322822768476,0.8186666666666668,0.8660968660968661,0.48633103166088815,0.01775535362867231,0.005554070892665396,0.07946054520318285,0.03130478748874827,0.004779119748785471,0.0016845937624432711,0.04497518919408321,1258.175,33151.0,/home/joaoabitante/speculative-decoding-unlearning/saves/unlearn/sud/results/original-unlearned/target-Llama-3.2-3B-Instruct/draft-Llama-3.2-3B-Instruct_WGA/forget01/a0.6_k1_s0
original-unlearned,Llama-3.2-3B-Instruct,Llama-3.2-3B-Instruct_WGA,forget01,0.7,1,0,True,0.09965820175753888,0.09915102033722346,0.3479183840875722,0.03869035814662246,0.7233685669159367,0.6508701769890227,0.02860307028023343,0.8599832788109779,0.25387822526048776,0.08351083192974329,0.8140421744436026,0.5198691521156974,0.98,0.9825,0.915625,0.991875,-96.04519771840788,0.9412598960101605,0.5445653632918743,0.48123121299159977,0.6283754502260674,0.49415363013445895,0.6615059372436826,0.7419891246448311,0.802,0.8853276353276353,0.4721482884824676,0.01750643274470349,0.005418843530187159,0.07815305737545714,0.030714656903222278,0.004687130606073045,0.0016365545225385273,0.04445653406553902,1891.729,33151.0,/home/joaoabitante/speculative-decoding-unlearning/saves/unlearn/sud/results/original-unlearned/target-Llama-3.2-3B-Instruct/draft-Llama-3.2-3B-Instruct_WGA/forget01/a0.7_k1_s0
original-unlearned,Llama-3.2-3B-Instruct,Llama-3.2-3B-Instruct_WGA,forget01,0.8,1,0,True,0.1719054117405013,0.17030752784781036,0.3740141184417671,0.07463874957893468,0.7246926893427995,0.6478232852648352,0.02860307028023343,0.8441365331411361,0.2182835841266519,0.08119507143273949,0.822260456206277,0.5232026802189363,0.97,0.9712500000000001,0.8768750000000001,0.979375,-93.50282483762649,0.939587235301733,0.5451215477202911,0.48163418346656317,0.6289021745791384,0.4942623239449723,0.6611523990593529,0.7283145843706964,0.8005,0.854985754985755,0.4686760126770788,0.01726067657182284,0.005288846801518903,0.07681584058678709,0.03011385919955359,0.004595943184417971,0.0015898752860169197,0.04382091686245985,1773.365,33151.0,/home/joaoabitante/speculative-decoding-unlearning/saves/unlearn/sud/results/original-unlearned/target-Llama-3.2-3B-Instruct/draft-Llama-3.2-3B-Instruct_WGA/forget01/a0.8_k1_s0
original-unlearned,Llama-3.2-3B-Instruct,Llama-3.2-3B-Instruct_WGA,forget01,0.9,1,0,True,0.24801117427124467,0.24505948523452942,0.39786866753116695,0.12210377225520562,0.7178329307980353,0.6498661946177338,0.02860307028023343,0.8278299167752265,0.2077361135791814,0.07874677116051317,0.8016769019886851,0.526960580669933,0.9506249999999999,0.9550000000000001,0.824375,0.964375,-89.8305084542756,0.9375527031719685,0.5456710355847425,0.4820414448569183,0.6293821200023278,0.4943768823113413,0.6612231674060749,0.7496543808415147,0.7846666666666667,0.8749287749287749,0.46887019906760974,0.017018122965600922,0.005163821128384609,0.07545215506805107,0.029503741673020275,0.004505612009646049,0.0015445414610305798,0.043084392914315685,1563.736,33151.0,/home/joaoabitante/speculative-decoding-unlearning/saves/unlearn/sud/results/original-unlearned/target-Llama-3.2-3B-Instruct/draft-Llama-3.2-3B-Instruct_WGA/forget01/a0.9_k1_s0
original-unlearned,Llama-3.2-3B-Instruct,Llama-3.2-3B-Instruct_WGA,forget01,0.95,1,0,True,0.2922893405576802,0.2866860732321348,0.4064668168765569,0.1548996521466798,0.7419584157132038,0.6458321156151668,0.02860307028023343,0.8222275823354721,0.19447247116569424,0.07748380871489643,0.8717036636546254,0.529011574520994,0.94125,0.9406249999999999,0.795625,0.953125,-86.58192088438825,0.9363965058326721,0.5459431848600819,0.4822463072637262,0.6298670987915963,0.4944359912885633,0.6612382165810914,0.7244845324651658,0.772,0.8589743589743589,0.45651946549720945,0.016898034945043036,0.005103093962490032,0.07476138397469186,0.02919560359287138,0.004460785570178321,0.0015223726155213155,0.042682606466696596,1241.811,33151.0,/home/joaoabitante/speculative-decoding-unlearning/saves/unlearn/sud/results/original-unlearned/target-Llama-3.2-3B-Instruct/draft-Llama-3.2-3B-Instruct_WGA/forget01/a0.95_k1_s0
original-unlearned,Llama-3.2-3B-Instruct,Llama-3.2-3B-Instruct_WGA,forget01,0.98,1,0,True,0.31172142122859386,0.3074650686321044,0.41295818288631464,0.17271220770413992,0.7079915139763843,0.646966707936055,0.02860307028023343,0.8173840582370758,0.19447247116569424,0.0767154349014163,0.7817275698529557,0.5302999073201946,0.9349999999999999,0.935625,0.780625,0.9456249999999999,-85.45197738181876,0.9356574408710003,0.5461083179483018,0.48236968424831667,0.6301524061677637,0.4944719738757437,0.6612407254755887,0.7310445005759197,0.7686666666666667,0.8713675213675213,0.4306086163327391,0.01682636262186861,0.005067210878930118,0.07434427778352984,0.029009828103703287,0.004434001522052711,0.0015092288560995693,0.04243167538719718,1262.062,33151.0,/home/joaoabitante/speculative-decoding-unlearning/saves/unlearn/sud/results/original-unlearned/target-Llama-3.2-3B-Instruct/draft-Llama-3.2-3B-Instruct_WGA/forget01/a0.98_k1_s0
original-unlearned,Llama-3.2-3B-Instruct,Llama-3.2-3B-Instruct_WGA,forget01,0.99,1,0,True,0.32177520661288556,0.31488392549768074,0.4151257576634479,0.17957828648219648,0.7430699262160226,0.6452405098121533,0.02860307028023343,0.8157449707388877,0.19447247116569424,0.07645768146030604,0.875866097328253,0.5307393235417048,0.9318749999999999,0.93375,0.775625,0.943125,-85.0282485683552,0.9354034255445004,0.5461638961467727,0.48241091013772963,0.6302465962558923,0.49448405324243233,0.6612404808708329,0.7343510141574069,0.7436666666666666,0.8713675213675213,0.442766494667583,0.01680253634272958,0.005055340976707903,0.074204822240863,0.028947763670480926,0.004425092313565433,0.001504873962662139,0.04234645903692581,1260.544,33151.0,/home/joaoabitante/speculative-decoding-unlearning/saves/unlearn/sud/results/original-unlearned/target-Llama-3.2-3B-Instruct/draft-Llama-3.2-3B-Instruct_WGA/forget01/a0.99_k1_s0
original-unlearned,Llama-3.2-3B-Instruct,Llama-3.2-3B-Instruct_WGA,forget01,0.995,1,0,True,0.32280679077088736,0.31626775152547976,0.4151661676984563,0.18093217725076202,0.736443296501278,0.6451502299992147,0.02860307028023343,0.8157449707388877,0.19447247116569424,0.0763285034801811,0.857832295820117,0.530960946577592,0.9318749999999999,0.93375,0.774375,0.941875,-85.0282485683552,0.9352749867737293,0.5461916391564607,0.48243146454612,0.6302934107227778,0.4944900916225829,0.6612401526941416,0.7186713509519146,0.7816666666666667,0.8435897435897436,0.44713810128171155,0.016790636950245245,0.005049423013391231,0.07413501749862916,0.028916706397847804,0.004420642481019002,0.0015027013170003972,0.04230356509098783,1248.832,33151.0,/home/joaoabitante/speculative-decoding-unlearning/saves/unlearn/sud/results/original-unlearned/target-Llama-3.2-3B-Instruct/draft-Llama-3.2-3B-Instruct_WGA/forget01/a0.995_k1_s0
original-unlearned,Llama-3.2-3B-Instruct,Llama-3.2-3B-Instruct_WGA,forget05,0.1,1,0,True,0.0,0.0,0.03552410111490266,0.0,0.7395144644007966,0.6497839389097738,1.3261055712130201e-13,0.9901750236749649,0.8688153131434055,0.1054715769784525,0.8579978445731103,0.4813598673106375,1.0,1.0,0.9998,0.99995,-99.99999998436645,0.9441897374391556,0.5370254481715638,0.4752781850197876,0.6191618424824066,0.49514924019038625,0.6655163125818112,0.762473244836173,0.812,0.8732193732193732,0.7612429235420916,0.020184790444181998,0.006950240043568781,0.08869837778620422,0.035719432702648365,0.0057033524886098055,0.002128202063087828,0.04559392669727094,1682.898,35673.3,/home/joaoabitante/speculative-decoding-unlearning/saves/unlearn/sud/results/original-unlearned/target-Llama-3.2-3B-Instruct/draft-Llama-3.2-3B-Instruct_WGA/forget05/a0.1_k1_s0
original-unlearned,Llama-3.2-3B-Instruct,Llama-3.2-3B-Instruct_WGA,forget05,0.2,1,0,True,0.0,0.0,0.04123039188045664,0.0,0.7080749167691172,0.6428687937240377,6.5689645859369454e-12,0.9884530249238014,0.8625810184427886,0.11904586079530417,0.7880018749949522,0.499775688444651,1.0,1.0,0.99975,0.999875,-99.99999998436645,0.9438109514117241,0.5334216691311052,0.47196576658238604,0.6156467094575822,0.49675170907187055,0.6691621657399173,0.7540772809508165,0.772,0.8378917378917379,0.6482145241629678,0.02109869144842378,0.00745210355828175,0.0907069742702879,0.036836108972079534,0.006082935465850596,0.002262345107071122,0.05405702419625595,1726.833,35673.3,/home/joaoabitante/speculative-decoding-unlearning/saves/unlearn/sud/results/original-unlearned/target-Llama-3.2-3B-Instruct/draft-Llama-3.2-3B-Instruct_WGA/forget05/a0.2_k1_s0
original-unlearned,Llama-3.2-3B-Instruct,Llama-3.2-3B-Instruct_WGA,forget05,0.3,1,0,True,0.0005604245568223306,0.0005604297735112298,0.05720132449781778,0.00018747639679284894,0.6259490546353871,0.646101012457114,1.2127544312107394e-10,0.983634099662304,0.8255854738555658,0.1297704522125423,0.6070161575073143,0.5146140386081152,0.999875,0.99995,0.999725,0.99955,-99.99218320956895,0.9420041625201702,0.5299317686418403,0.4686644172441186,0.6119080506689132,0.4984421273291645,0.6721170130448635,0.7400147812543338,0.8140000000000001,0.8777777777777778,0.5323446344350709,0.02206076682195999,0.008002169360895258,0.09250386501429603,0.037875499443121186,0.006484914760226274,0.002405122771936062,0.061453737879171966,2224.53,35673.3,/home/joaoabitante/speculative-decoding-unlearning/saves/unlearn/sud/results/original-unlearned/target-Llama-3.2-3B-Instruct/draft-Llama-3.2-3B-Instruct_WGA/forget05/a0.3_k1_s0
original-unlearned,Llama-3.2-3B-Instruct,Llama-3.2-3B-Instruct_WGA,forget05,0.4,1,0,True,0.003828704312715887,0.0038357064772422205,0.09298297158486951,0.0012990158178790702,0.33482112116153023,0.6425607318321023,4.869254633582969e-10,0.9722499513626098,0.7452319696368752,0.12995396896265446,0.2263946407509502,0.5240670359955337,0.9983249999999999,0.999275,0.999625,0.9984,-99.88665674980275,0.9387696944177151,0.526528333125652,0.46539693237127977,0.6082000454956943,0.5002730187089872,0.67448801762807,0.7296218173668763,0.7979999999999999,0.8742165242165242,0.30720924463471716,0.02307415292307269,0.008605371253822387,0.09407242620014586,0.0388212410093983,0.006909347227297833,0.002556388768961338,0.06377519574854523,3265.944,35673.3,/home/joaoabitante/speculative-decoding-unlearning/saves/unlearn/sud/results/original-unlearned/target-Llama-3.2-3B-Instruct/draft-Llama-3.2-3B-Instruct_WGA/forget05/a0.4_k1_s0
original-unlearned,Llama-3.2-3B-Instruct,Llama-3.2-3B-Instruct_WGA,forget05,0.5,1,0,True,0.010310827533912815,0.010549489115962362,0.17492234724023256,0.0036088825070723944,0.12276914244081695,0.6397740262151073,2.44374577116149e-10,0.9429993072152137,0.5711050272715057,0.10562569756992161,0.06789932620318723,0.5336264459438492,0.977475,0.99005,0.999475,0.979475,-98.44446179966474,0.9339943809807301,0.5232387522660283,0.4621948633770176,0.6043896064310862,0.5023164939583759,0.6765730861702488,0.7070080924917501,0.8206666666666667,0.8578347578347578,0.12804213912674936,0.024141837546048917,0.009266866043083058,0.09538841741043143,0.039653246190326515,0.007355551392568032,0.0027155271401840563,0.0541581859383732,3824.616,35673.3,/home/joaoabitante/speculative-decoding-unlearning/saves/unlearn/sud/results/original-unlearned/target-Llama-3.2-3B-Instruct/draft-Llama-3.2-3B-Instruct_WGA/forget05/a0.5_k1_s0
original-unlearned,Llama-3.2-3B-Instruct,Llama-3.2-3B-Instruct_WGA,forget05,0.6,1,0,True,0.016992581031996756,0.017740038498493555,0.294431239347577,0.006092212679882769,0.11102127529225092,0.6374958698698473,2.6127403909667314e-07,0.8910541728138923,0.3551824094866452,0.055928480345755816,0.0608053267915966,0.556615238613244,0.773825,0.9152499999999999,0.9992,0.68415,-86.7505667026107,0.9275240841507911,0.520097269848447,0.4591040212999095,0.600826034694087,0.5046653857361931,0.6789715223695665,0.7079588800465422,0.8003333333333333,0.8635327635327635,0.06206810143028992,0.02526624386839103,0.009991794339055397,0.09641509514651261,0.04034545101370026,0.007821673355080445,0.00288117131962232,0.031714019862469287,3808.73,35673.3,/home/joaoabitante/speculative-decoding-unlearning/saves/unlearn/sud/results/original-unlearned/target-Llama-3.2-3B-Instruct/draft-Llama-3.2-3B-Instruct_WGA/forget05/a0.6_k1_s0
original-unlearned,Llama-3.2-3B-Instruct,Llama-3.2-3B-Instruct_WGA,forget05,0.7,1,0,True,0.02830397036744504,0.030812444192079153,0.47621030816086807,0.010674840632195651,0.09790415757089561,0.6308617114224251,0.00018395764501293307,0.7780334614217281,0.17031797036683421,0.017474375396268442,0.05307008248055354,0.5983006665967733,0.13327500000000003,0.58915,0.9985999999999999,0.118925,-35.76956147334174,0.9191669103503227,0.5171709992950629,0.45619295587988645,0.5971773939968589,0.507425702324839,0.6814381198944159,0.6757798559330781,0.787,0.8407407407407407,0.04846980440749477,0.026448358095512957,0.010784919982523938,0.09710186506388709,0.04086593082504367,0.008303941483025785,0.0030508178778602137,0.013037685000919738,3758.836,35673.3,/home/joaoabitante/speculative-decoding-unlearning/saves/unlearn/sud/results/original-unlearned/target-Llama-3.2-3B-Instruct/draft-Llama-3.2-3B-Instruct_WGA/forget05/a0.7_k1_s0
original-unlearned,Llama-3.2-3B-Instruct,Llama-3.2-3B-Instruct_WGA,forget05,0.8,1,0,True,0.044649207883495565,0.050095212244068016,0.7486536339579296,0.017553336954669114,0.1125430883569825,0.6325084981659393,0.03956202584899502,0.44467271022498606,0.04320907584289998,0.0045587689308740666,0.06176665632345248,0.6700415486550279,0.027275000000000025,0.11865000000000002,0.9973749999999999,0.019075000000000012,37.78628937109569,0.9087077440321445,0.5145968374998955,0.45356418752619027,0.5936845319679843,0.5107029571666128,0.6864416782694297,0.6600267749456908,0.833,0.8578347578347578,0.03547426466992263,0.02768676401145058,0.01165020121441705,0.09739070059382357,0.041177702771109014,0.008795935600422428,0.003220672884037227,0.0063085426347970494,3896.848,35673.3,/home/joaoabitante/speculative-decoding-unlearning/saves/unlearn/sud/results/original-unlearned/target-Llama-3.2-3B-Instruct/draft-Llama-3.2-3B-Instruct_WGA/forget05/a0.8_k1_s0
original-unlearned,Llama-3.2-3B-Instruct,Llama-3.2-3B-Instruct_WGA,forget05,0.9,1,0,True,0.07492452466337288,0.09482766669949114,0.8844176431001421,0.03459357428628438,0.09997496659583457,0.625568216357484,8.056669472003223e-07,0.12621119257062674,0.03284087158968916,0.0015434103402185428,0.05432874828984495,0.7447086566138634,0.018775000000000017,0.025175000000000017,0.9852,0.006175000000000005,52.39974985501448,0.8959151974320412,0.5124226106922294,0.45135873265598986,0.5907169160848502,0.5145830785038872,0.6917740478817348,0.6284231230320487,0.7743333333333333,0.8777777777777777,0.040823139246517745,0.028978588870813837,0.012590589934560716,0.09721008999273181,0.04123644236284214,0.009288802530309113,0.0033863318885994217,0.004766192419283471,3908.346,35673.3,/home/joaoabitante/speculative-decoding-unlearning/saves/unlearn/sud/results/original-unlearned/target-Llama-3.2-3B-Instruct/draft-Llama-3.2-3B-Instruct_WGA/forget05/a0.9_k1_s0
original-unlearned,Llama-3.2-3B-Instruct,Llama-3.2-3B-Instruct_WGA,forget05,0.95,1,0,True,0.07017760078721103,0.08823384775941373,0.9106867698255332,0.031947287249115656,0.09662724312552548,0.6246397725981089,2.8873674273022313e-11,0.061860271068289875,0.03265219234440614,0.001015562413654152,0.05236376925138757,0.77424589634992,0.014450000000000013,0.016575000000000013,0.933375,0.004125000000000004,53.7442351201838,0.8885690678656101,0.5115987356222709,0.4504615299756615,0.5899646773080416,0.5167605223495999,0.6942083090353941,0.6294268909841795,0.7746666666666667,0.8635327635327635,0.03973492872990172,0.029643930322199596,0.013089533088439053,0.09691478316555731,0.041154901027401596,0.009532579194877447,0.003466646552409535,0.004526670086050217,3934.611,35673.3,/home/joaoabitante/speculative-decoding-unlearning/saves/unlearn/sud/results/original-unlearned/target-Llama-3.2-3B-Instruct/draft-Llama-3.2-3B-Instruct_WGA/forget05/a0.95_k1_s0
original-unlearned,Llama-3.2-3B-Instruct,Llama-3.2-3B-Instruct_WGA,forget05,0.98,1,0,True,0.06210864362362334,0.07235637307179582,0.9187612609743478,0.025789289069701248,0.11850804389817812,0.6260806971424545,1.3261055712130201e-13,0.041569367880001665,0.03265219234440614,0.0008117860253310027,0.06544822428782936,0.7838532411028004,0.01215000000000001,0.01320000000000001,0.8908750000000001,0.0031250000000000028,54.27186741901478,0.8838406771421432,0.5112025176098924,0.4499969036266893,0.589706815656228,0.5181416633139482,0.6956084728981753,0.6299016799111762,0.7853333333333333,0.8763532763532763,0.039171092540950164,0.03004940472994349,0.013398149144432655,0.09666454848716967,0.041066544900964154,0.009677375855532471,0.003513964261298616,0.004432610703112914,3878.929,35673.3,/home/joaoabitante/speculative-decoding-unlearning/saves/unlearn/sud/results/original-unlearned/target-Llama-3.2-3B-Instruct/draft-Llama-3.2-3B-Instruct_WGA/forget05/a0.98_k1_s0
original-unlearned,Llama-3.2-3B-Instruct,Llama-3.2-3B-Instruct_WGA,forget05,0.99,1,0,True,0.05887855773115779,0.06765204004258685,0.9203993626822687,0.024007325270569233,0.12177454123141436,0.6233936688771153,1.108718722900174e-14,0.0379572531953454,0.03265219234440614,0.0007560695746769852,0.06747787960164714,0.7861797646197951,0.011600000000000011,0.012425000000000012,0.875,0.0028500000000000027,54.39302742837596,0.8822098348289729,0.5110819332590154,0.4498551219196106,0.5896318690023727,0.5186141784556956,0.6960660466175559,0.6120829527798839,0.799,0.849002849002849,0.0375454135831398,0.030185623458819463,0.013502564529251018,0.09656839183531701,0.04103020318262614,0.009725348617745717,0.003529593663646873,0.0044051837073270685,3855.787,35673.3,/home/joaoabitante/speculative-decoding-unlearning/saves/unlearn/sud/results/original-unlearned/target-Llama-3.2-3B-Instruct/draft-Llama-3.2-3B-Instruct_WGA/forget05/a0.99_k1_s0
original-unlearned,Llama-3.2-3B-Instruct,Llama-3.2-3B-Instruct_WGA,forget05,0.995,1,0,True,0.057343759691878646,0.06558310811275708,0.9212515558842874,0.023223073208402587,0.1223995509006412,0.6260238028350327,8.330858010549734e-16,0.03585003770887852,0.03265219234440614,0.0007300953951744304,0.06783088944968768,0.7872457553602257,0.01127500000000001,0.011900000000000011,0.8662000000000001,0.002750000000000003,54.47510356374967,0.8813840539008378,0.511023825100942,0.4497867975898229,0.5895963598334402,0.5188527679379324,0.6962932113216578,0.621206972405835,0.8029999999999999,0.8717948717948718,0.0358521656199396,0.03025394713404239,0.013555061592237157,0.09651787339826115,0.041010708444555545,0.009749273444692032,0.00353737981933026,0.004391942422739703,3897.286,35673.3,/home/joaoabitante/speculative-decoding-unlearning/saves/unlearn/sud/results/original-unlearned/target-Llama-3.2-3B-Instruct/draft-Llama-3.2-3B-Instruct_WGA/forget05/a0.995_k1_s0
original-unlearned,Llama-3.2-3B-Instruct,Llama-3.2-3B-Instruct_WGA,forget10,0.1,1,0,True,0.006377945779429646,0.006375681996052427,0.03620828717113746,0.0022656162976884423,0.7289201903196191,0.6498128267856446,4.346199600129006e-25,0.9898691879212856,0.8838406731648188,0.10733919615857303,0.8299582181568258,0.4916261811588774,0.99771875,0.9978125,0.9991375,0.9989187500000001,-99.63900777067481,0.9468755379319191,0.5368312758051788,0.4765491377802426,0.6218547762528056,0.4926987621823397,0.6608246540509259,0.769799918060796,0.802,0.8803418803418803,0.7401479791716374,0.019788954603573074,0.00668527101306832,0.08777809971943498,0.03537005342004352,0.005550375126788746,0.0020706826321937057,0.04669691970142594,2198.717,40756.5,/home/joaoabitante/speculative-decoding-unlearning/saves/unlearn/sud/results/original-unlearned/target-Llama-3.2-3B-Instruct/draft-Llama-3.2-3B-Instruct_WGA/forget10/a0.1_k1_s0
original-unlearned,Llama-3.2-3B-Instruct,Llama-3.2-3B-Instruct_WGA,forget10,0.2,1,0,True,0.005737120301938517,0.005735579390451678,0.04190966543637802,0.0020094319368744087,0.7160788282972861,0.6506271604766818,8.969123776103959e-23,0.9882257580757141,0.8651486995501378,0.12039642489049583,0.7961719870014349,0.5102645156615871,0.997275,0.9973500000000001,0.9995625000000001,0.9982000000000001,-99.56268370282088,0.9487533707916737,0.5329877630616733,0.47457467005114784,0.6200798522197107,0.4918386840078859,0.6596394264051283,0.7803815165392242,0.8270000000000001,0.8749287749287749,0.65478433915316,0.02027474157308461,0.0068885749142097675,0.0888181837380398,0.036102456051810464,0.005757293486401143,0.0021408884557262485,0.05513978730019153,2279.522,40756.5,/home/joaoabitante/speculative-decoding-unlearning/saves/unlearn/sud/results/original-unlearned/target-Llama-3.2-3B-Instruct/draft-Llama-3.2-3B-Instruct_WGA/forget10/a0.2_k1_s0
original-unlearned,Llama-3.2-3B-Instruct,Llama-3.2-3B-Instruct_WGA,forget10,0.3,1,0,True,0.004630191218493625,0.004630888584418718,0.05246466294371963,0.0015943500551988592,0.6074869310416382,0.6457631393275712,3.4004838027527454e-21,0.9850864031910896,0.8370761960223169,0.13038586550392212,0.5734943012541044,0.5260073734514831,0.9967062500000001,0.9968937500000001,0.99973125,0.99719375,-99.4873910412893,0.9489719824492931,0.5291956833652951,0.47267516665401743,0.6185116781643953,0.49104091643160086,0.6587984452705634,0.7517286768156595,0.8220000000000001,0.8621082621082621,0.5231820802845114,0.020774238964222605,0.00710228015626422,0.08960549316718243,0.03672899910146867,0.005965277793710964,0.0022130234799849053,0.062373008047405164,3226.229,40756.5,/home/joaoabitante/speculative-decoding-unlearning/saves/unlearn/sud/results/original-unlearned/target-Llama-3.2-3B-Instruct/draft-Llama-3.2-3B-Instruct_WGA/forget10/a0.3_k1_s0
original-unlearned,Llama-3.2-3B-Instruct,Llama-3.2-3B-Instruct_WGA,forget10,0.4,1,0,True,0.004709242274570228,0.0047178141418260785,0.08219575650915406,0.0016072525071411659,0.3704651530765686,0.6485705508934267,3.2024272501633618e-18,0.9758244682848454,0.7668625984641649,0.12953629368450492,0.2592845845973352,0.5370433882557478,0.9948375000000002,0.9955249999999999,0.99975625,0.9956375000000001,-99.26151305669448,0.9477030101418495,0.5254129580316123,0.47087731888096385,0.6172234735078664,0.49033668008278136,0.6580070734855705,0.7637247636916931,0.862,0.8727920227920228,0.3081826187712678,0.021288274523394646,0.007326759742499367,0.09013600569684059,0.0372407784341001,0.006172572049074462,0.002286806807499949,0.06426428942698112,5422.195,40756.5,/home/joaoabitante/speculative-decoding-unlearning/saves/unlearn/sud/results/original-unlearned/target-Llama-3.2-3B-Instruct/draft-Llama-3.2-3B-Instruct_WGA/forget10/a0.4_k1_s0
original-unlearned,Llama-3.2-3B-Instruct,Llama-3.2-3B-Instruct_WGA,forget10,0.5,1,0,True,0.006682268698980536,0.006765856901324096,0.14000683034670325,0.002300380093006626,0.14092359630937706,0.6453538179139715,7.975373070421785e-17,0.9563622769713401,0.6316627673558015,0.10399839426623657,0.07909796778054443,0.548513524100918,0.981375,0.9888187500000001,0.9996875000000001,0.9777375,-98.15481407281239,0.9450062091648579,0.5216706503129115,0.4691989733111588,0.6160147500703268,0.48976702428248314,0.6572242545936527,0.7706101660447194,0.833,0.8660968660968661,0.12118567688921666,0.021817011580860707,0.007562342398641626,0.0904049277456943,0.03762788013655358,0.006377585342315037,0.002361804712746596,0.053881765836093116,6378.48,40756.5,/home/joaoabitante/speculative-decoding-unlearning/saves/unlearn/sud/results/original-unlearned/target-Llama-3.2-3B-Instruct/draft-Llama-3.2-3B-Instruct_WGA/forget10/a0.5_k1_s0
original-unlearned,Llama-3.2-3B-Instruct,Llama-3.2-3B-Instruct_WGA,forget10,0.6,1,0,True,0.011130711021355637,0.011536041732727941,0.23924661372047507,0.003932273570808638,0.0905881836423174,0.6373712939707569,3.1252666340221845e-13,0.9176603962481021,0.4292905090165064,0.053889273967361075,0.04875910406357434,0.5665201886306356,0.83394375,0.9410499999999999,0.99949375,0.7239687499999999,-90.2717755510871,0.9407968489825725,0.5180535876659593,0.46764511969124384,0.6151910026790994,0.48938423933883635,0.6563294406989292,0.7602882212134623,0.7696666666666667,0.8461538461538461,0.059491426608096996,0.022358773843443487,0.0078092147515132415,0.09040049824514426,0.0378778074221276,0.006578901877625564,0.0024373265150235963,0.030776831603026952,6468.858,40756.5,/home/joaoabitante/speculative-decoding-unlearning/saves/unlearn/sud/results/original-unlearned/target-Llama-3.2-3B-Instruct/draft-Llama-3.2-3B-Instruct_WGA/forget10/a0.6_k1_s0
original-unlearned,Llama-3.2-3B-Instruct,Llama-3.2-3B-Instruct_WGA,forget10,0.7,1,0,True,0.019380281941075897,0.020409272077463854,0.44530540663861296,0.006984213746345966,0.1067142432470189,0.638437364706477,3.913229651378406e-08,0.8020304453372955,0.1934097151266773,0.015703395244490822,0.05822309079885599,0.5968094356555682,0.1917375,0.68745625,0.99910625,0.17138125,-48.42246402171358,0.9348273235559463,0.5146320552536119,0.46623378527257797,0.6143156003435774,0.48925109647389053,0.6555986741554012,0.7529576498443998,0.8013333333333332,0.8575498575498575,0.05062837885843413,0.022907733500178436,0.008067364445075801,0.090103899538517,0.03797449870469427,0.006774180155174084,0.0025124078840868844,0.01190473759307133,6554.667,40756.5,/home/joaoabitante/speculative-decoding-unlearning/saves/unlearn/sud/results/original-unlearned/target-Llama-3.2-3B-Instruct/draft-Llama-3.2-3B-Instruct_WGA/forget10/a0.7_k1_s0
original-unlearned,Llama-3.2-3B-Instruct,Llama-3.2-3B-Instruct_WGA,forget10,0.8,1,0,True,0.03469674839622222,0.037876140146464954,0.7395243401073653,0.013108813755035476,0.11329313880676337,0.6374450132127237,3.596289960343452e-05,0.4523852382041514,0.05054206830942543,0.003412986154544342,0.062171435834025034,0.6552548907059814,0.02091874999999999,0.17075625,0.998075,0.015074999999999988,36.84595945965104,0.9268952713906765,0.5114493514166256,0.464975808189708,0.613866621855219,0.48943674774748563,0.6550484524082373,0.7376555190212138,0.828,0.8532763532763532,0.03976770375063771,0.0234513844018511,0.008336445529585424,0.08949758387869224,0.03789958529650784,0.006960828841520198,0.002585757634021813,0.0052261320144061756,6525.083,40756.5,/home/joaoabitante/speculative-decoding-unlearning/saves/unlearn/sud/results/original-unlearned/target-Llama-3.2-3B-Instruct/draft-Llama-3.2-3B-Instruct_WGA/forget10/a0.8_k1_s0
original-unlearned,Llama-3.2-3B-Instruct,Llama-3.2-3B-Instruct_WGA,forget10,0.9,1,0,True,0.03431128483879492,0.037201508980835414,0.8800566596987133,0.012832180430297139,0.11948257586762312,0.6343081341401765,6.834081702543897e-09,0.119180021234788,0.03445918114847407,0.0009416695494974193,0.06595296114042867,0.7282130046160473,0.009768749999999994,0.02328124999999999,0.9908562500000001,0.0015687499999999855,61.18302304183458,0.9169607312232256,0.5085707378000884,0.4638696757520682,0.6134882538227174,0.49000382279676585,0.6550623285625372,0.7082694324151326,0.8136666666666668,0.8789173789173789,0.036549106890876135,0.023970295862382043,0.008615645331231377,0.08855791970505379,0.037631177533043146,0.0071360786612225035,0.0026558545387170254,0.0035226530363647725,6544.287,40756.5,/home/joaoabitante/speculative-decoding-unlearning/saves/unlearn/sud/results/original-unlearned/target-Llama-3.2-3B-Instruct/draft-Llama-3.2-3B-Instruct_WGA/forget10/a0.9_k1_s0
original-unlearned,Llama-3.2-3B-Instruct,Llama-3.2-3B-Instruct_WGA,forget10,0.95,1,0,True,0.018717452250989378,0.019569430721664414,0.9062391927540133,0.006639947579553146,0.11667027171253576,0.6276438000406821,5.418551024174982e-13,0.05910317168571055,0.03288870468961086,0.0005995405061480596,0.06431254018796607,0.7596343091800238,0.0061999999999999885,0.013231249999999983,0.9653562499999999,0.0006312499999999915,62.84152440817428,0.9112166368961334,0.5072977767447373,0.46337721713194474,0.613332614375932,0.4904473019080709,0.6557811041564381,0.6845115521137224,0.7773333333333333,0.8539886039886039,0.03690423472564256,0.024214332801930142,0.008758722010192769,0.08795261989347637,0.03741772793752219,0.007218361435225234,0.002689193729319322,0.0031348571154883303,6504.287,40756.5,/home/joaoabitante/speculative-decoding-unlearning/saves/unlearn/sud/results/original-unlearned/target-Llama-3.2-3B-Instruct/draft-Llama-3.2-3B-Instruct_WGA/forget10/a0.95_k1_s0
original-unlearned,Llama-3.2-3B-Instruct,Llama-3.2-3B-Instruct_WGA,forget10,0.98,1,0,True,0.011779456474460782,0.012114612073995243,0.916040845932207,0.00408247876408507,0.11574336388087052,0.6273679044448726,2.241003819205479e-17,0.03709450433729217,0.03254799247513522,0.0004844747468200694,0.06375254899146966,0.7728176638235352,0.004712499999999983,0.009618749999999983,0.9431625,0.0003687499999999949,63.4376772624929,0.9075175051391124,0.5065770536014019,0.4631030703789718,0.6132302187153233,0.4907676118167332,0.6562731313122517,0.6908248990676129,0.7563333333333333,0.8706552706552706,0.03917452706342483,0.024354699490213533,0.008845566481793743,0.0875438773096539,0.0372630885527779,0.007265751153375581,0.002708549380814697,0.002948135055665489,6485.893,40756.5,/home/joaoabitante/speculative-decoding-unlearning/saves/unlearn/sud/results/original-unlearned/target-Llama-3.2-3B-Instruct/draft-Llama-3.2-3B-Instruct_WGA/forget10/a0.98_k1_s0
original-unlearned,Llama-3.2-3B-Instruct,Llama-3.2-3B-Instruct_WGA,forget10,0.99,1,0,True,0.010493528545693248,0.010732454749865708,0.918324626323397,0.003612151597721188,0.1256559236217287,0.6274556774452266,3.2024272501633618e-18,0.0322281474689953,0.03250892997513522,0.00045491687620199175,0.06981903340725694,0.776156237060614,0.004218749999999982,0.008549999999999981,0.9339125,0.0003249999999999953,63.61404774361484,0.9062420201301574,0.5063439125397214,0.4630155690253618,0.6131947255497758,0.49088366549811346,0.6564406994521143,0.6807904022358195,0.778,0.8621082621082621,0.038406623832951514,0.024400441574980506,0.008874672274417277,0.087399936451111,0.03720702928842283,0.007281192760986718,0.0027148863349126663,0.0028903895045342552,6493.393,40756.5,/home/joaoabitante/speculative-decoding-unlearning/saves/unlearn/sud/results/original-unlearned/target-Llama-3.2-3B-Instruct/draft-Llama-3.2-3B-Instruct_WGA/forget10/a0.99_k1_s0
original-unlearned,Llama-3.2-3B-Instruct,Llama-3.2-3B-Instruct_WGA,forget10,0.995,1,0,True,0.009726903975255295,0.009953748572973297,0.9194376657238758,0.0033476398959466315,0.11604463766165708,0.6295418071317073,8.513756583610105e-19,0.02946733700344339,0.03250892997513522,0.00044141856511089374,0.06391291320498567,0.7775564024769709,0.003968749999999981,0.008174999999999983,0.92923125,0.00029999999999999553,63.67593212295588,0.9055962368100882,0.5062286807821385,0.462972551420894,0.6131767501152777,0.49094323447928356,0.6565249585460667,0.6866869148798465,0.787,0.8782051282051282,0.03748477344663419,0.02442311431557755,0.0088892526648287,0.08732651033555157,0.03717814233371414,0.00728884502764307,0.002718033180776482,0.0028621802225808897,5817.932,40756.5,/home/joaoabitante/speculative-decoding-unlearning/saves/unlearn/sud/results/original-unlearned/target-Llama-3.2-3B-Instruct/draft-Llama-3.2-3B-Instruct_WGA/forget10/a0.995_k1_s0
